#
# There is insufficient memory for the Java Runtime Environment to continue.
# Native memory allocation (mmap) failed to map 234881024 bytes. Error detail: G1 virtual space
# Possible reasons:
#   The system is out of physical RAM or swap space
#   This process is running with CompressedOops enabled, and the Java Heap may be blocking the growth of the native heap
# Possible solutions:
#   Reduce memory load on the system
#   Increase physical memory or swap space
#   Check if swap backing store is full
#   Decrease Java heap size (-Xmx/-Xms)
#   Decrease number of Java threads
#   Decrease Java thread stack sizes (-Xss)
#   Set larger code cache with -XX:ReservedCodeCacheSize=
#   JVM is running with Unscaled Compressed Oops mode in which the Java heap is
#     placed in the first 4GB address space. The Java Heap base address is the
#     maximum limit for the native heap growth. Please use -XX:HeapBaseMinAddress
#     to set the Java Heap base and to place the Java Heap above 4GB virtual address.
# This output file may be truncated or incomplete.
#
#  Out of Memory Error (os_windows.cpp:3898), pid=23600, tid=11620
#
# JRE version: OpenJDK Runtime Environment (21.0.6) (build 21.0.6+-13368085-b895.109)
# Java VM: OpenJDK 64-Bit Server VM (21.0.6+-13368085-b895.109, mixed mode, tiered, compressed oops, compressed class ptrs, g1 gc, windows-amd64)
# No core dump will be written. Minidumps are not enabled by default on client versions of Windows
#

---------------  S U M M A R Y ------------

Command Line: --add-opens=java.base/java.lang=ALL-UNNAMED --add-opens=java.base/java.lang.invoke=ALL-UNNAMED --add-opens=java.base/java.util=ALL-UNNAMED --add-opens=java.prefs/java.util.prefs=ALL-UNNAMED --add-exports=jdk.compiler/com.sun.tools.javac.api=ALL-UNNAMED --add-exports=jdk.compiler/com.sun.tools.javac.util=ALL-UNNAMED --add-opens=java.base/java.util=ALL-UNNAMED --add-opens=java.prefs/java.util.prefs=ALL-UNNAMED --add-opens=java.base/java.nio.charset=ALL-UNNAMED --add-opens=java.base/java.net=ALL-UNNAMED --add-opens=java.base/java.util.concurrent.atomic=ALL-UNNAMED --add-opens=java.xml/javax.xml.namespace=ALL-UNNAMED -Xmx2048m -Dfile.encoding=UTF-8 -Duser.country=US -Duser.language=en -Duser.variant -javaagent:C:\Users\Admin\.gradle\wrapper\dists\gradle-8.11.1-bin\bpt9gzteqjrbo1mjrsomdt32c\gradle-8.11.1\lib\agents\gradle-instrumentation-agent-8.11.1.jar org.gradle.launcher.daemon.bootstrap.GradleDaemon 8.11.1

Host: 11th Gen Intel(R) Core(TM) i7-11800H @ 2.30GHz, 16 cores, 15G,  Windows 11 , 64 bit Build 26100 (10.0.26100.4484)
Time: Sat Jul 19 23:00:51 2025 SE Asia Standard Time elapsed time: 31.068944 seconds (0d 0h 0m 31s)

---------------  T H R E A D  ---------------

Current thread (0x0000020ea8f8c720):  VMThread "VM Thread"          [id=11620, stack(0x0000001185600000,0x0000001185700000) (1024K)]

Stack: [0x0000001185600000,0x0000001185700000]
Native frames: (J=compiled Java code, j=interpreted, Vv=VM code, C=native code)
V  [jvm.dll+0x6d0639]
V  [jvm.dll+0x85eb03]
V  [jvm.dll+0x86105e]
V  [jvm.dll+0x861743]
V  [jvm.dll+0x27e6e6]
V  [jvm.dll+0x6ccfd5]
V  [jvm.dll+0x6c0a8a]
V  [jvm.dll+0x35537b]
V  [jvm.dll+0x35cfd6]
V  [jvm.dll+0x3aef86]
V  [jvm.dll+0x3af258]
V  [jvm.dll+0x327a2c]
V  [jvm.dll+0x327ab7]
V  [jvm.dll+0x36d93c]
V  [jvm.dll+0x36c0ee]
V  [jvm.dll+0x327181]
V  [jvm.dll+0x36bb1b]
V  [jvm.dll+0x8674c8]
V  [jvm.dll+0x868844]
V  [jvm.dll+0x868d80]
V  [jvm.dll+0x869013]
V  [jvm.dll+0x806ed8]
V  [jvm.dll+0x6cef0d]
C  [ucrtbase.dll+0x37b0]
C  [KERNEL32.DLL+0x2e8d7]
C  [ntdll.dll+0x3c34c]

VM_Operation (0x0000001191dfa760): G1TryInitiateConcMark, mode: safepoint, requested by thread 0x0000020ebd55ea10


---------------  P R O C E S S  ---------------

Threads class SMR info:
_java_thread_list=0x0000020eb4f3da90, length=250, elements={
0x0000020e8e997730, 0x0000020ea8fe13f0, 0x0000020ea8fe4640, 0x0000020ea8ff6850,
0x0000020ea8ff9d70, 0x0000020ea90087a0, 0x0000020ea9008e00, 0x0000020ea9012b50,
0x0000020ea9015170, 0x0000020ea9174860, 0x0000020ea940f590, 0x0000020eaf42b740,
0x0000020eaf43bcf0, 0x0000020eaf301360, 0x0000020eaf1ba990, 0x0000020eaf5e6680,
0x0000020eaf6c4dd0, 0x0000020eaf6c5430, 0x0000020eaf4d8750, 0x0000020eaf2eab90,
0x0000020eaf2e8ac0, 0x0000020eaf2eb220, 0x0000020eaf2ea500, 0x0000020eaf2eb8b0,
0x0000020eaf2e9e70, 0x0000020eaf2ebf40, 0x0000020eaf2e9150, 0x0000020eaf2e97e0,
0x0000020eb14e6760, 0x0000020eb14e4000, 0x0000020eb14e6df0, 0x0000020eb14e3970,
0x0000020eb14e5a40, 0x0000020eb14e4d20, 0x0000020eb14e53b0, 0x0000020eb14eaf90,
0x0000020eb14e9be0, 0x0000020eb14e8ec0, 0x0000020eb14e9550, 0x0000020eb14ea270,
0x0000020eb057d1f0, 0x0000020eb0579d70, 0x0000020eb057a400, 0x0000020eb057d880,
0x0000020eb057b120, 0x0000020eb057be40, 0x0000020eb057df10, 0x0000020eb057aa90,
0x0000020eb057e5a0, 0x0000020eb057c4d0, 0x0000020eb057ec30, 0x0000020eb057b7b0,
0x0000020eb057f2c0, 0x0000020eb057f950, 0x0000020eb057ffe0, 0x0000020eb057cb60,
0x0000020eb0580670, 0x0000020eb0580d00, 0x0000020eb0581390, 0x0000020eb34fc070,
0x0000020eb34fe7d0, 0x0000020eb34fee60, 0x0000020eb34ff4f0, 0x0000020eb34fd420,
0x0000020eb34fcd90, 0x0000020eb34ffb80, 0x0000020eb34fc700, 0x0000020eb3500f30,
0x0000020eb35008a0, 0x0000020eb35015c0, 0x0000020eb3502970, 0x0000020eb35022e0,
0x0000020eb3501c50, 0x0000020eb3503000, 0x0000020eb3503690, 0x0000020eb3500210,
0x0000020eb3d8ed90, 0x0000020eb3d90140, 0x0000020eb3d8e700, 0x0000020eb3d8e070,
0x0000020eb3d8f420, 0x0000020eb3d8fab0, 0x0000020eb3d92f30, 0x0000020eb3d90e60,
0x0000020eb3d914f0, 0x0000020eb34d8c80, 0x0000020eb34d7f60, 0x0000020eb34d99a0,
0x0000020eb34d85f0, 0x0000020eb34da030, 0x0000020eb34da6c0, 0x0000020eb34d9310,
0x0000020eb3d942e0, 0x0000020eb55c8790, 0x0000020eb55ca860, 0x0000020eb55c8e20,
0x0000020eb55c94b0, 0x0000020eb55cb580, 0x0000020eb55c9b40, 0x0000020eb55ca1d0,
0x0000020eb55caef0, 0x0000020eb55c8100, 0x0000020eb55ccfc0, 0x0000020eb55cbc10,
0x0000020eb55cf720, 0x0000020eb55cd650, 0x0000020eb55cc2a0, 0x0000020eb55ce370,
0x0000020eb55cc930, 0x0000020eb55cea00, 0x0000020eb55cdce0, 0x0000020eb55cf090,
0x0000020eb34d5800, 0x0000020eb34d30a0, 0x0000020eb34d3dc0, 0x0000020eb34d78d0,
0x0000020eb34d4450, 0x0000020eb34d5e90, 0x0000020eb34d6bb0, 0x0000020eb34d4ae0,
0x0000020eb5e0a6b0, 0x0000020eb5e0ce10, 0x0000020eb5e0e1c0, 0x0000020eb5e0ad40,
0x0000020eb5e0e850, 0x0000020eb5e0b3d0, 0x0000020eb5e0eee0, 0x0000020eb5e0ba60,
0x0000020eb5e0d4a0, 0x0000020eb5e0f570, 0x0000020eb5e0c0f0, 0x0000020eb5e0db30,
0x0000020eb5e11cd0, 0x0000020eb5e0fc00, 0x0000020eb5e10290, 0x0000020eb5e11640,
0x0000020eb5e10fb0, 0x0000020eb5e10920, 0x0000020ebc1ea630, 0x0000020ebc1e9910,
0x0000020ebc1e8bf0, 0x0000020ebc1e9fa0, 0x0000020ebc1e9280, 0x0000020ebc1e71b0,
0x0000020ebc1eacc0, 0x0000020ebc1e8560, 0x0000020ebc1e7840, 0x0000020ebc1eb350,
0x0000020ebc1e7ed0, 0x0000020ebc1eb9e0, 0x0000020ebc1ec070, 0x0000020ebc1edab0,
0x0000020ebc1ee140, 0x0000020ebc1ee7d0, 0x0000020ebc1ec700, 0x0000020ebc1ecd90,
0x0000020ebc1ed420, 0x0000020ebd5587a0, 0x0000020ebd5594c0, 0x0000020ebd559b50,
0x0000020ebd55a1e0, 0x0000020ebd558e30, 0x0000020ebd55a870, 0x0000020ebd5573f0,
0x0000020ebd557a80, 0x0000020ebd558110, 0x0000020ebd55b590, 0x0000020ebd55af00,
0x0000020ebd55f0a0, 0x0000020ebd55cfd0, 0x0000020ebd55e380, 0x0000020ebd55d660,
0x0000020ebd55bc20, 0x0000020ebd55f730, 0x0000020ebd55c940, 0x0000020ebd55dcf0,
0x0000020ebd55ea10, 0x0000020ebd55c2b0, 0x0000020ebd562bb0, 0x0000020ebd560ae0,
0x0000020ebd560450, 0x0000020ebd562520, 0x0000020ebd563240, 0x0000020ebd55fdc0,
0x0000020ebd5638d0, 0x0000020ebd561e90, 0x0000020ebd5645f0, 0x0000020ebd563f60,
0x0000020ebd561170, 0x0000020ebd564c80, 0x0000020ebd561800, 0x0000020ebd565310,
0x0000020ebd5659a0, 0x0000020ebd566030, 0x0000020ebd5666c0, 0x0000020eb50c77f0,
0x0000020eb50c6440, 0x0000020eb50c7e80, 0x0000020eb50c6ad0, 0x0000020eb50c7160,
0x0000020eb50c5090, 0x0000020eb50c5720, 0x0000020eb50c8510, 0x0000020eb50c8ba0,
0x0000020eb50c9230, 0x0000020eb50c5db0, 0x0000020eb50ccd40, 0x0000020eb50cb990,
0x0000020eb50cc6b0, 0x0000020eb50cc020, 0x0000020eb50c9f50, 0x0000020eb50c98c0,
0x0000020eb50cd3d0, 0x0000020eb50cda60, 0x0000020eb50cac70, 0x0000020eb50ca5e0,
0x0000020eb50d1570, 0x0000020eb50d01c0, 0x0000020eb50cee10, 0x0000020eb58334c0,
0x0000020eb5834f00, 0x0000020eb5835590, 0x0000020eb5837660, 0x0000020eb32551e0,
0x0000020eb3256650, 0x0000020eb3253d70, 0x0000020eb583cbb0, 0x0000020eb654ce30,
0x0000020ebeacf8a0, 0x0000020ebeaceb80, 0x0000020ebead2d20, 0x0000020ebead33b0,
0x0000020ebead5b10, 0x0000020ebead2690, 0x0000020ebead40d0, 0x0000020ebead4760,
0x0000020ebead61a0, 0x0000020ebead4df0, 0x0000020ebead5480, 0x0000020ebead6830,
0x0000020ebead6ec0, 0x0000020ebead3a40, 0x0000020ebead8900, 0x0000020eb654d500,
0x0000020eb654dbd0, 0x0000020eb654a550, 0x0000020eb654e2a0, 0x0000020eb654ac20,
0x0000020ebeacff30, 0x0000020eb654fde0
}

Java Threads: ( => current thread )
  0x0000020e8e997730 JavaThread "main"                              [_thread_blocked, id=21728, stack(0x0000001184f00000,0x0000001185000000) (1024K)]
  0x0000020ea8fe13f0 JavaThread "Reference Handler"          daemon [_thread_blocked, id=12548, stack(0x0000001185700000,0x0000001185800000) (1024K)]
  0x0000020ea8fe4640 JavaThread "Finalizer"                  daemon [_thread_blocked, id=2612, stack(0x0000001185800000,0x0000001185900000) (1024K)]
  0x0000020ea8ff6850 JavaThread "Signal Dispatcher"          daemon [_thread_blocked, id=18776, stack(0x0000001185900000,0x0000001185a00000) (1024K)]
  0x0000020ea8ff9d70 JavaThread "Attach Listener"            daemon [_thread_blocked, id=16880, stack(0x0000001185a00000,0x0000001185b00000) (1024K)]
  0x0000020ea90087a0 JavaThread "Service Thread"             daemon [_thread_blocked, id=9552, stack(0x0000001185b00000,0x0000001185c00000) (1024K)]
  0x0000020ea9008e00 JavaThread "Monitor Deflation Thread"   daemon [_thread_blocked, id=24440, stack(0x0000001185c00000,0x0000001185d00000) (1024K)]
  0x0000020ea9012b50 JavaThread "C2 CompilerThread0"         daemon [_thread_blocked, id=12608, stack(0x0000001185d00000,0x0000001185e00000) (1024K)]
  0x0000020ea9015170 JavaThread "C1 CompilerThread0"         daemon [_thread_blocked, id=12036, stack(0x0000001185e00000,0x0000001185f00000) (1024K)]
  0x0000020ea9174860 JavaThread "Common-Cleaner"             daemon [_thread_blocked, id=6056, stack(0x0000001185f00000,0x0000001186000000) (1024K)]
  0x0000020ea940f590 JavaThread "Notification Thread"        daemon [_thread_blocked, id=10648, stack(0x0000001186200000,0x0000001186300000) (1024K)]
  0x0000020eaf42b740 JavaThread "Daemon health stats"               [_thread_blocked, id=164, stack(0x0000001186e00000,0x0000001186f00000) (1024K)]
  0x0000020eaf43bcf0 JavaThread "Incoming local TCP Connector on port 55097"        [_thread_in_native, id=17464, stack(0x0000001186f00000,0x0000001187000000) (1024K)]
  0x0000020eaf301360 JavaThread "Daemon periodic checks"            [_thread_blocked, id=2724, stack(0x0000001187000000,0x0000001187100000) (1024K)]
  0x0000020eaf1ba990 JavaThread "Daemon"                            [_thread_blocked, id=25864, stack(0x0000001187100000,0x0000001187200000) (1024K)]
  0x0000020eaf5e6680 JavaThread "Handler for socket connection from /127.0.0.1:55097 to /127.0.0.1:55098"        [_thread_in_native, id=18764, stack(0x0000001187200000,0x0000001187300000) (1024K)]
  0x0000020eaf6c4dd0 JavaThread "Cancel handler"                    [_thread_blocked, id=7640, stack(0x0000001187300000,0x0000001187400000) (1024K)]
  0x0000020eaf6c5430 JavaThread "Daemon worker"                     [_thread_blocked, id=7852, stack(0x0000001187400000,0x0000001187500000) (1024K)]
  0x0000020eaf4d8750 JavaThread "Asynchronous log dispatcher for DefaultDaemonConnection: socket connection from /127.0.0.1:55097 to /127.0.0.1:55098"        [_thread_blocked, id=25392, stack(0x0000001187500000,0x0000001187600000) (1024K)]
  0x0000020eaf2eab90 JavaThread "Stdin handler"                     [_thread_blocked, id=26192, stack(0x0000001187600000,0x0000001187700000) (1024K)]
  0x0000020eaf2e8ac0 JavaThread "Daemon client event forwarder"        [_thread_blocked, id=26136, stack(0x0000001187700000,0x0000001187800000) (1024K)]
  0x0000020eaf2eb220 JavaThread "Cache worker for journal cache (C:\Users\Admin\.gradle\caches\journal-1)"        [_thread_blocked, id=17916, stack(0x0000001188000000,0x0000001188100000) (1024K)]
  0x0000020eaf2ea500 JavaThread "File lock request listener"        [_thread_in_native, id=10376, stack(0x0000001188100000,0x0000001188200000) (1024K)]
  0x0000020eaf2eb8b0 JavaThread "Cache worker for file hash cache (C:\Users\Admin\.gradle\caches\8.11.1\fileHashes)"        [_thread_blocked, id=13296, stack(0x0000001186600000,0x0000001186700000) (1024K)]
  0x0000020eaf2e9e70 JavaThread "Cache worker for file content cache (C:\Users\Admin\.gradle\caches\8.11.1\fileContent)"        [_thread_blocked, id=1744, stack(0x0000001188200000,0x0000001188300000) (1024K)]
  0x0000020eaf2ebf40 JavaThread "Cache worker for file hash cache (E:\ProjectPRM\VMusic\.gradle\8.11.1\fileHashes)"        [_thread_blocked, id=7876, stack(0x0000001188300000,0x0000001188400000) (1024K)]
  0x0000020eaf2e9150 JavaThread "Cache worker for Build Output Cleanup Cache (E:\ProjectPRM\VMusic\.gradle\buildOutputCleanup)"        [_thread_blocked, id=6884, stack(0x0000001188400000,0x0000001188500000) (1024K)]
  0x0000020eaf2e97e0 JavaThread "File watcher server"        daemon [_thread_blocked, id=18840, stack(0x0000001188500000,0x0000001188600000) (1024K)]
  0x0000020eb14e6760 JavaThread "File watcher consumer"      daemon [_thread_blocked, id=5004, stack(0x0000001188600000,0x0000001188700000) (1024K)]
  0x0000020eb14e4000 JavaThread "Cache worker for checksums cache (E:\ProjectPRM\VMusic\.gradle\8.11.1\checksums)"        [_thread_blocked, id=11032, stack(0x0000001188700000,0x0000001188800000) (1024K)]
  0x0000020eb14e6df0 JavaThread "Cache worker for cache directory md-rule (C:\Users\Admin\.gradle\caches\8.11.1\md-rule)"        [_thread_blocked, id=22164, stack(0x0000001188800000,0x0000001188900000) (1024K)]
  0x0000020eb14e3970 JavaThread "Cache worker for cache directory md-supplier (C:\Users\Admin\.gradle\caches\8.11.1\md-supplier)"        [_thread_blocked, id=18896, stack(0x0000001188900000,0x0000001188a00000) (1024K)]
  0x0000020eb14e5a40 JavaThread "jar transforms"                    [_thread_blocked, id=17420, stack(0x0000001188b00000,0x0000001188c00000) (1024K)]
  0x0000020eb14e4d20 JavaThread "jar transforms Thread 2"           [_thread_blocked, id=19368, stack(0x0000001188c00000,0x0000001188d00000) (1024K)]
  0x0000020eb14e53b0 JavaThread "jar transforms Thread 3"           [_thread_blocked, id=25524, stack(0x0000001188d00000,0x0000001188e00000) (1024K)]
  0x0000020eb14eaf90 JavaThread "Unconstrained build operations"        [_thread_blocked, id=25272, stack(0x0000001188e00000,0x0000001188f00000) (1024K)]
  0x0000020eb14e9be0 JavaThread "Unconstrained build operations Thread 2"        [_thread_blocked, id=25436, stack(0x0000001188f00000,0x0000001189000000) (1024K)]
  0x0000020eb14e8ec0 JavaThread "Unconstrained build operations Thread 3"        [_thread_blocked, id=22544, stack(0x0000001189000000,0x0000001189100000) (1024K)]
  0x0000020eb14e9550 JavaThread "Unconstrained build operations Thread 4"        [_thread_blocked, id=25036, stack(0x0000001189100000,0x0000001189200000) (1024K)]
  0x0000020eb14ea270 JavaThread "Unconstrained build operations Thread 5"        [_thread_blocked, id=24188, stack(0x0000001189200000,0x0000001189300000) (1024K)]
  0x0000020eb057d1f0 JavaThread "Unconstrained build operations Thread 6"        [_thread_blocked, id=5636, stack(0x0000001189300000,0x0000001189400000) (1024K)]
  0x0000020eb0579d70 JavaThread "Unconstrained build operations Thread 7"        [_thread_blocked, id=25044, stack(0x0000001189400000,0x0000001189500000) (1024K)]
  0x0000020eb057a400 JavaThread "Unconstrained build operations Thread 8"        [_thread_blocked, id=460, stack(0x0000001189500000,0x0000001189600000) (1024K)]
  0x0000020eb057d880 JavaThread "Unconstrained build operations Thread 9"        [_thread_blocked, id=22416, stack(0x0000001189600000,0x0000001189700000) (1024K)]
  0x0000020eb057b120 JavaThread "Unconstrained build operations Thread 10"        [_thread_blocked, id=8080, stack(0x0000001189700000,0x0000001189800000) (1024K)]
  0x0000020eb057be40 JavaThread "Unconstrained build operations Thread 11"        [_thread_blocked, id=23200, stack(0x0000001189800000,0x0000001189900000) (1024K)]
  0x0000020eb057df10 JavaThread "Unconstrained build operations Thread 12"        [_thread_blocked, id=2216, stack(0x0000001189900000,0x0000001189a00000) (1024K)]
  0x0000020eb057aa90 JavaThread "Unconstrained build operations Thread 13"        [_thread_blocked, id=10652, stack(0x0000001189a00000,0x0000001189b00000) (1024K)]
  0x0000020eb057e5a0 JavaThread "Unconstrained build operations Thread 14"        [_thread_blocked, id=20452, stack(0x0000001189b00000,0x0000001189c00000) (1024K)]
  0x0000020eb057c4d0 JavaThread "Unconstrained build operations Thread 15"        [_thread_blocked, id=8132, stack(0x0000001189c00000,0x0000001189d00000) (1024K)]
  0x0000020eb057ec30 JavaThread "Unconstrained build operations Thread 16"        [_thread_blocked, id=14452, stack(0x0000001189d00000,0x0000001189e00000) (1024K)]
  0x0000020eb057b7b0 JavaThread "Unconstrained build operations Thread 17"        [_thread_blocked, id=18960, stack(0x0000001189e00000,0x0000001189f00000) (1024K)]
  0x0000020eb057f2c0 JavaThread "Unconstrained build operations Thread 18"        [_thread_blocked, id=1640, stack(0x0000001189f00000,0x000000118a000000) (1024K)]
  0x0000020eb057f950 JavaThread "Unconstrained build operations Thread 19"        [_thread_blocked, id=11232, stack(0x000000118a000000,0x000000118a100000) (1024K)]
  0x0000020eb057ffe0 JavaThread "Unconstrained build operations Thread 20"        [_thread_blocked, id=24872, stack(0x000000118a100000,0x000000118a200000) (1024K)]
  0x0000020eb057cb60 JavaThread "Unconstrained build operations Thread 21"        [_thread_blocked, id=25328, stack(0x000000118a200000,0x000000118a300000) (1024K)]
  0x0000020eb0580670 JavaThread "Unconstrained build operations Thread 22"        [_thread_blocked, id=21648, stack(0x000000118a300000,0x000000118a400000) (1024K)]
  0x0000020eb0580d00 JavaThread "Unconstrained build operations Thread 23"        [_thread_blocked, id=11452, stack(0x000000118a400000,0x000000118a500000) (1024K)]
  0x0000020eb0581390 JavaThread "Unconstrained build operations Thread 24"        [_thread_blocked, id=2828, stack(0x000000118a500000,0x000000118a600000) (1024K)]
  0x0000020eb34fc070 JavaThread "Unconstrained build operations Thread 25"        [_thread_blocked, id=15740, stack(0x000000118a600000,0x000000118a700000) (1024K)]
  0x0000020eb34fe7d0 JavaThread "Unconstrained build operations Thread 26"        [_thread_blocked, id=22260, stack(0x000000118a700000,0x000000118a800000) (1024K)]
  0x0000020eb34fee60 JavaThread "Unconstrained build operations Thread 27"        [_thread_blocked, id=22016, stack(0x000000118a800000,0x000000118a900000) (1024K)]
  0x0000020eb34ff4f0 JavaThread "Unconstrained build operations Thread 28"        [_thread_blocked, id=19132, stack(0x000000118a900000,0x000000118aa00000) (1024K)]
  0x0000020eb34fd420 JavaThread "Unconstrained build operations Thread 29"        [_thread_blocked, id=13984, stack(0x000000118aa00000,0x000000118ab00000) (1024K)]
  0x0000020eb34fcd90 JavaThread "Unconstrained build operations Thread 30"        [_thread_blocked, id=10444, stack(0x000000118ab00000,0x000000118ac00000) (1024K)]
  0x0000020eb34ffb80 JavaThread "Unconstrained build operations Thread 31"        [_thread_blocked, id=13096, stack(0x000000118ac00000,0x000000118ad00000) (1024K)]
  0x0000020eb34fc700 JavaThread "Unconstrained build operations Thread 32"        [_thread_blocked, id=26332, stack(0x000000118ad00000,0x000000118ae00000) (1024K)]
  0x0000020eb3500f30 JavaThread "Unconstrained build operations Thread 33"        [_thread_blocked, id=21016, stack(0x000000118ae00000,0x000000118af00000) (1024K)]
  0x0000020eb35008a0 JavaThread "Unconstrained build operations Thread 34"        [_thread_blocked, id=23844, stack(0x000000118af00000,0x000000118b000000) (1024K)]
  0x0000020eb35015c0 JavaThread "Unconstrained build operations Thread 35"        [_thread_blocked, id=9052, stack(0x000000118b000000,0x000000118b100000) (1024K)]
  0x0000020eb3502970 JavaThread "Unconstrained build operations Thread 36"        [_thread_blocked, id=9096, stack(0x000000118b100000,0x000000118b200000) (1024K)]
  0x0000020eb35022e0 JavaThread "Unconstrained build operations Thread 37"        [_thread_blocked, id=21660, stack(0x000000118b200000,0x000000118b300000) (1024K)]
  0x0000020eb3501c50 JavaThread "Unconstrained build operations Thread 38"        [_thread_blocked, id=22928, stack(0x000000118b300000,0x000000118b400000) (1024K)]
  0x0000020eb3503000 JavaThread "Unconstrained build operations Thread 39"        [_thread_blocked, id=11924, stack(0x000000118b400000,0x000000118b500000) (1024K)]
  0x0000020eb3503690 JavaThread "Unconstrained build operations Thread 40"        [_thread_blocked, id=18868, stack(0x000000118b500000,0x000000118b600000) (1024K)]
  0x0000020eb3500210 JavaThread "Unconstrained build operations Thread 41"        [_thread_blocked, id=22688, stack(0x000000118b600000,0x000000118b700000) (1024K)]
  0x0000020eb3d8ed90 JavaThread "Unconstrained build operations Thread 42"        [_thread_blocked, id=24880, stack(0x000000118b700000,0x000000118b800000) (1024K)]
  0x0000020eb3d90140 JavaThread "Unconstrained build operations Thread 43"        [_thread_blocked, id=3220, stack(0x000000118b800000,0x000000118b900000) (1024K)]
  0x0000020eb3d8e700 JavaThread "Unconstrained build operations Thread 44"        [_thread_blocked, id=17192, stack(0x000000118b900000,0x000000118ba00000) (1024K)]
  0x0000020eb3d8e070 JavaThread "Unconstrained build operations Thread 45"        [_thread_blocked, id=22196, stack(0x000000118ba00000,0x000000118bb00000) (1024K)]
  0x0000020eb3d8f420 JavaThread "jar transforms Thread 4"           [_thread_blocked, id=25788, stack(0x000000118bd00000,0x000000118be00000) (1024K)]
  0x0000020eb3d8fab0 JavaThread "jar transforms Thread 5"           [_thread_blocked, id=15636, stack(0x000000118be00000,0x000000118bf00000) (1024K)]
  0x0000020eb3d92f30 JavaThread "build event listener"              [_thread_blocked, id=17164, stack(0x0000001186500000,0x0000001186600000) (1024K)]
  0x0000020eb3d90e60 JavaThread "Memory manager"                    [_thread_blocked, id=26616, stack(0x0000001188a00000,0x0000001188b00000) (1024K)]
  0x0000020eb3d914f0 JavaThread "jar transforms Thread 6"           [_thread_blocked, id=21748, stack(0x000000118bb00000,0x000000118bc00000) (1024K)]
  0x0000020eb34d8c80 JavaThread "pool-3-thread-1"                   [_thread_blocked, id=24084, stack(0x000000118c000000,0x000000118c100000) (1024K)]
  0x0000020eb34d7f60 JavaThread "build event listener"              [_thread_blocked, id=19104, stack(0x000000118c100000,0x000000118c200000) (1024K)]
  0x0000020eb34d99a0 JavaThread "included builds"                   [_thread_blocked, id=7556, stack(0x000000118c200000,0x000000118c300000) (1024K)]
  0x0000020eb34d85f0 JavaThread "Execution worker"                  [_thread_blocked, id=17720, stack(0x000000118c300000,0x000000118c400000) (1024K)]
  0x0000020eb34da030 JavaThread "Execution worker Thread 2"         [_thread_blocked, id=9264, stack(0x000000118c400000,0x000000118c500000) (1024K)]
  0x0000020eb34da6c0 JavaThread "Execution worker Thread 3"         [_thread_blocked, id=20856, stack(0x000000118c500000,0x000000118c600000) (1024K)]
  0x0000020eb34d9310 JavaThread "Execution worker Thread 4"         [_thread_blocked, id=19328, stack(0x000000118c600000,0x000000118c700000) (1024K)]
  0x0000020eb3d942e0 JavaThread "Execution worker Thread 5"         [_thread_blocked, id=14492, stack(0x000000118c700000,0x000000118c800000) (1024K)]
  0x0000020eb55c8790 JavaThread "Execution worker Thread 6"         [_thread_blocked, id=19896, stack(0x000000118c800000,0x000000118c900000) (1024K)]
  0x0000020eb55ca860 JavaThread "Execution worker Thread 7"         [_thread_blocked, id=18300, stack(0x000000118c900000,0x000000118ca00000) (1024K)]
  0x0000020eb55c8e20 JavaThread "Execution worker Thread 8"         [_thread_blocked, id=21924, stack(0x000000118ca00000,0x000000118cb00000) (1024K)]
  0x0000020eb55c94b0 JavaThread "Execution worker Thread 9"         [_thread_blocked, id=4104, stack(0x000000118cb00000,0x000000118cc00000) (1024K)]
  0x0000020eb55cb580 JavaThread "Execution worker Thread 10"        [_thread_blocked, id=23372, stack(0x000000118cc00000,0x000000118cd00000) (1024K)]
  0x0000020eb55c9b40 JavaThread "Execution worker Thread 11"        [_thread_blocked, id=23344, stack(0x000000118cd00000,0x000000118ce00000) (1024K)]
  0x0000020eb55ca1d0 JavaThread "Execution worker Thread 12"        [_thread_blocked, id=22364, stack(0x000000118ce00000,0x000000118cf00000) (1024K)]
  0x0000020eb55caef0 JavaThread "Execution worker Thread 13"        [_thread_blocked, id=24088, stack(0x000000118cf00000,0x000000118d000000) (1024K)]
  0x0000020eb55c8100 JavaThread "Execution worker Thread 14"        [_thread_blocked, id=15696, stack(0x000000118d000000,0x000000118d100000) (1024K)]
  0x0000020eb55ccfc0 JavaThread "Execution worker Thread 15"        [_thread_blocked, id=19960, stack(0x000000118d100000,0x000000118d200000) (1024K)]
  0x0000020eb55cbc10 JavaThread "Cache worker for execution history cache (E:\ProjectPRM\VMusic\.gradle\8.11.1\executionHistory)"        [_thread_blocked, id=24364, stack(0x000000118d200000,0x000000118d300000) (1024K)]
  0x0000020eb55cf720 JavaThread "Unconstrained build operations Thread 46"        [_thread_blocked, id=20100, stack(0x000000118d300000,0x000000118d400000) (1024K)]
  0x0000020eb55cd650 JavaThread "Unconstrained build operations Thread 47"        [_thread_blocked, id=7456, stack(0x000000118d400000,0x000000118d500000) (1024K)]
  0x0000020eb55cc2a0 JavaThread "Unconstrained build operations Thread 48"        [_thread_blocked, id=12276, stack(0x000000118d500000,0x000000118d600000) (1024K)]
  0x0000020eb55ce370 JavaThread "Unconstrained build operations Thread 49"        [_thread_blocked, id=5868, stack(0x000000118d600000,0x000000118d700000) (1024K)]
  0x0000020eb55cc930 JavaThread "Unconstrained build operations Thread 50"        [_thread_blocked, id=18904, stack(0x000000118d700000,0x000000118d800000) (1024K)]
  0x0000020eb55cea00 JavaThread "Unconstrained build operations Thread 51"        [_thread_blocked, id=11548, stack(0x000000118d800000,0x000000118d900000) (1024K)]
  0x0000020eb55cdce0 JavaThread "Unconstrained build operations Thread 52"        [_thread_blocked, id=21000, stack(0x000000118d900000,0x000000118da00000) (1024K)]
  0x0000020eb55cf090 JavaThread "Unconstrained build operations Thread 53"        [_thread_blocked, id=23728, stack(0x000000118da00000,0x000000118db00000) (1024K)]
  0x0000020eb34d5800 JavaThread "Unconstrained build operations Thread 54"        [_thread_blocked, id=26288, stack(0x000000118db00000,0x000000118dc00000) (1024K)]
  0x0000020eb34d30a0 JavaThread "Unconstrained build operations Thread 55"        [_thread_blocked, id=15208, stack(0x000000118dc00000,0x000000118dd00000) (1024K)]
  0x0000020eb34d3dc0 JavaThread "Unconstrained build operations Thread 56"        [_thread_blocked, id=26100, stack(0x000000118dd00000,0x000000118de00000) (1024K)]
  0x0000020eb34d78d0 JavaThread "Unconstrained build operations Thread 57"        [_thread_blocked, id=25948, stack(0x000000118de00000,0x000000118df00000) (1024K)]
  0x0000020eb34d4450 JavaThread "Unconstrained build operations Thread 58"        [_thread_blocked, id=5396, stack(0x000000118df00000,0x000000118e000000) (1024K)]
  0x0000020eb34d5e90 JavaThread "Unconstrained build operations Thread 59"        [_thread_blocked, id=24460, stack(0x000000118e000000,0x000000118e100000) (1024K)]
  0x0000020eb34d6bb0 JavaThread "Unconstrained build operations Thread 60"        [_thread_blocked, id=23868, stack(0x000000118e100000,0x000000118e200000) (1024K)]
  0x0000020eb34d4ae0 JavaThread "Unconstrained build operations Thread 61"        [_thread_blocked, id=20028, stack(0x000000118e200000,0x000000118e300000) (1024K)]
  0x0000020eb5e0a6b0 JavaThread "Unconstrained build operations Thread 62"        [_thread_blocked, id=1556, stack(0x000000118e300000,0x000000118e400000) (1024K)]
  0x0000020eb5e0ce10 JavaThread "Unconstrained build operations Thread 63"        [_thread_blocked, id=19788, stack(0x000000118e400000,0x000000118e500000) (1024K)]
  0x0000020eb5e0e1c0 JavaThread "Unconstrained build operations Thread 64"        [_thread_blocked, id=23056, stack(0x000000118e500000,0x000000118e600000) (1024K)]
  0x0000020eb5e0ad40 JavaThread "Unconstrained build operations Thread 65"        [_thread_blocked, id=10048, stack(0x000000118e600000,0x000000118e700000) (1024K)]
  0x0000020eb5e0e850 JavaThread "Unconstrained build operations Thread 66"        [_thread_blocked, id=16740, stack(0x000000118e700000,0x000000118e800000) (1024K)]
  0x0000020eb5e0b3d0 JavaThread "Unconstrained build operations Thread 67"        [_thread_blocked, id=5228, stack(0x000000118e800000,0x000000118e900000) (1024K)]
  0x0000020eb5e0eee0 JavaThread "Unconstrained build operations Thread 68"        [_thread_blocked, id=22088, stack(0x000000118e900000,0x000000118ea00000) (1024K)]
  0x0000020eb5e0ba60 JavaThread "Unconstrained build operations Thread 69"        [_thread_blocked, id=12068, stack(0x000000118ea00000,0x000000118eb00000) (1024K)]
  0x0000020eb5e0d4a0 JavaThread "Unconstrained build operations Thread 70"        [_thread_blocked, id=456, stack(0x000000118eb00000,0x000000118ec00000) (1024K)]
  0x0000020eb5e0f570 JavaThread "Unconstrained build operations Thread 71"        [_thread_blocked, id=14596, stack(0x000000118ec00000,0x000000118ed00000) (1024K)]
  0x0000020eb5e0c0f0 JavaThread "Unconstrained build operations Thread 72"        [_thread_blocked, id=23020, stack(0x000000118ed00000,0x000000118ee00000) (1024K)]
  0x0000020eb5e0db30 JavaThread "Unconstrained build operations Thread 73"        [_thread_blocked, id=24096, stack(0x000000118ee00000,0x000000118ef00000) (1024K)]
  0x0000020eb5e11cd0 JavaThread "Unconstrained build operations Thread 74"        [_thread_blocked, id=21916, stack(0x000000118ef00000,0x000000118f000000) (1024K)]
  0x0000020eb5e0fc00 JavaThread "Unconstrained build operations Thread 75"        [_thread_blocked, id=11828, stack(0x000000118f000000,0x000000118f100000) (1024K)]
  0x0000020eb5e10290 JavaThread "Unconstrained build operations Thread 76"        [_thread_blocked, id=5136, stack(0x000000118f100000,0x000000118f200000) (1024K)]
  0x0000020eb5e11640 JavaThread "Unconstrained build operations Thread 77"        [_thread_blocked, id=4788, stack(0x000000118f200000,0x000000118f300000) (1024K)]
  0x0000020eb5e10fb0 JavaThread "Unconstrained build operations Thread 78"        [_thread_blocked, id=15304, stack(0x000000118f300000,0x000000118f400000) (1024K)]
  0x0000020eb5e10920 JavaThread "Unconstrained build operations Thread 79"        [_thread_blocked, id=21948, stack(0x000000118f400000,0x000000118f500000) (1024K)]
  0x0000020ebc1ea630 JavaThread "Unconstrained build operations Thread 80"        [_thread_blocked, id=15984, stack(0x000000118f500000,0x000000118f600000) (1024K)]
  0x0000020ebc1e9910 JavaThread "Unconstrained build operations Thread 81"        [_thread_blocked, id=26300, stack(0x000000118f600000,0x000000118f700000) (1024K)]
  0x0000020ebc1e8bf0 JavaThread "Unconstrained build operations Thread 82"        [_thread_blocked, id=24916, stack(0x000000118f700000,0x000000118f800000) (1024K)]
  0x0000020ebc1e9fa0 JavaThread "Unconstrained build operations Thread 83"        [_thread_blocked, id=19212, stack(0x000000118f800000,0x000000118f900000) (1024K)]
  0x0000020ebc1e9280 JavaThread "Unconstrained build operations Thread 84"        [_thread_blocked, id=8260, stack(0x000000118f900000,0x000000118fa00000) (1024K)]
  0x0000020ebc1e71b0 JavaThread "Unconstrained build operations Thread 85"        [_thread_blocked, id=20304, stack(0x000000118fa00000,0x000000118fb00000) (1024K)]
  0x0000020ebc1eacc0 JavaThread "Unconstrained build operations Thread 86"        [_thread_blocked, id=11772, stack(0x000000118fb00000,0x000000118fc00000) (1024K)]
  0x0000020ebc1e8560 JavaThread "Unconstrained build operations Thread 87"        [_thread_blocked, id=2680, stack(0x000000118fc00000,0x000000118fd00000) (1024K)]
  0x0000020ebc1e7840 JavaThread "Unconstrained build operations Thread 88"        [_thread_blocked, id=9352, stack(0x000000118fd00000,0x000000118fe00000) (1024K)]
  0x0000020ebc1eb350 JavaThread "Unconstrained build operations Thread 89"        [_thread_blocked, id=24572, stack(0x000000118fe00000,0x000000118ff00000) (1024K)]
  0x0000020ebc1e7ed0 JavaThread "Unconstrained build operations Thread 90"        [_thread_blocked, id=14672, stack(0x000000118ff00000,0x0000001190000000) (1024K)]
  0x0000020ebc1eb9e0 JavaThread "Unconstrained build operations Thread 91"        [_thread_blocked, id=23632, stack(0x0000001190100000,0x0000001190200000) (1024K)]
  0x0000020ebc1ec070 JavaThread "Unconstrained build operations Thread 92"        [_thread_blocked, id=10976, stack(0x0000001190200000,0x0000001190300000) (1024K)]
  0x0000020ebc1edab0 JavaThread "Unconstrained build operations Thread 93"        [_thread_blocked, id=10780, stack(0x0000001190300000,0x0000001190400000) (1024K)]
  0x0000020ebc1ee140 JavaThread "Unconstrained build operations Thread 94"        [_thread_blocked, id=18724, stack(0x0000001190400000,0x0000001190500000) (1024K)]
  0x0000020ebc1ee7d0 JavaThread "Unconstrained build operations Thread 95"        [_thread_blocked, id=20472, stack(0x0000001190500000,0x0000001190600000) (1024K)]
  0x0000020ebc1ec700 JavaThread "Unconstrained build operations Thread 96"        [_thread_blocked, id=21296, stack(0x0000001190600000,0x0000001190700000) (1024K)]
  0x0000020ebc1ecd90 JavaThread "Unconstrained build operations Thread 97"        [_thread_blocked, id=20928, stack(0x0000001190700000,0x0000001190800000) (1024K)]
  0x0000020ebc1ed420 JavaThread "Unconstrained build operations Thread 98"        [_thread_blocked, id=20548, stack(0x0000001190800000,0x0000001190900000) (1024K)]
  0x0000020ebd5587a0 JavaThread "Unconstrained build operations Thread 99"        [_thread_blocked, id=14360, stack(0x0000001190900000,0x0000001190a00000) (1024K)]
  0x0000020ebd5594c0 JavaThread "Unconstrained build operations Thread 100"        [_thread_blocked, id=19980, stack(0x0000001190a00000,0x0000001190b00000) (1024K)]
  0x0000020ebd559b50 JavaThread "Unconstrained build operations Thread 101"        [_thread_blocked, id=24568, stack(0x0000001190b00000,0x0000001190c00000) (1024K)]
  0x0000020ebd55a1e0 JavaThread "Unconstrained build operations Thread 102"        [_thread_blocked, id=23568, stack(0x0000001190c00000,0x0000001190d00000) (1024K)]
  0x0000020ebd558e30 JavaThread "Unconstrained build operations Thread 103"        [_thread_blocked, id=17516, stack(0x0000001190d00000,0x0000001190e00000) (1024K)]
  0x0000020ebd55a870 JavaThread "Unconstrained build operations Thread 104"        [_thread_blocked, id=26572, stack(0x0000001190e00000,0x0000001190f00000) (1024K)]
  0x0000020ebd5573f0 JavaThread "Unconstrained build operations Thread 105"        [_thread_blocked, id=25752, stack(0x0000001190f00000,0x0000001191000000) (1024K)]
  0x0000020ebd557a80 JavaThread "Unconstrained build operations Thread 106"        [_thread_blocked, id=6588, stack(0x0000001191000000,0x0000001191100000) (1024K)]
  0x0000020ebd558110 JavaThread "Unconstrained build operations Thread 107"        [_thread_blocked, id=4452, stack(0x0000001191100000,0x0000001191200000) (1024K)]
  0x0000020ebd55b590 JavaThread "Unconstrained build operations Thread 108"        [_thread_blocked, id=6860, stack(0x0000001191200000,0x0000001191300000) (1024K)]
  0x0000020ebd55af00 JavaThread "Unconstrained build operations Thread 109"        [_thread_blocked, id=8128, stack(0x0000001191400000,0x0000001191500000) (1024K)]
  0x0000020ebd55f0a0 JavaThread "Unconstrained build operations Thread 110"        [_thread_blocked, id=18468, stack(0x0000001191500000,0x0000001191600000) (1024K)]
  0x0000020ebd55cfd0 JavaThread "Unconstrained build operations Thread 111"        [_thread_blocked, id=9316, stack(0x0000001191600000,0x0000001191700000) (1024K)]
  0x0000020ebd55e380 JavaThread "Unconstrained build operations Thread 112"        [_thread_blocked, id=2496, stack(0x0000001191700000,0x0000001191800000) (1024K)]
  0x0000020ebd55d660 JavaThread "Unconstrained build operations Thread 113"        [_thread_blocked, id=21032, stack(0x0000001191800000,0x0000001191900000) (1024K)]
  0x0000020ebd55bc20 JavaThread "Unconstrained build operations Thread 114"        [_thread_blocked, id=20516, stack(0x0000001191900000,0x0000001191a00000) (1024K)]
  0x0000020ebd55f730 JavaThread "Unconstrained build operations Thread 115"        [_thread_blocked, id=24604, stack(0x0000001191a00000,0x0000001191b00000) (1024K)]
  0x0000020ebd55c940 JavaThread "Unconstrained build operations Thread 116"        [_thread_blocked, id=7460, stack(0x0000001191b00000,0x0000001191c00000) (1024K)]
  0x0000020ebd55dcf0 JavaThread "Unconstrained build operations Thread 117"        [_thread_blocked, id=24864, stack(0x0000001191c00000,0x0000001191d00000) (1024K)]
  0x0000020ebd55ea10 JavaThread "Unconstrained build operations Thread 118"        [_thread_blocked, id=26212, stack(0x0000001191d00000,0x0000001191e00000) (1024K)]
  0x0000020ebd55c2b0 JavaThread "Unconstrained build operations Thread 119"        [_thread_blocked, id=23384, stack(0x0000001191e00000,0x0000001191f00000) (1024K)]
  0x0000020ebd562bb0 JavaThread "Unconstrained build operations Thread 120"        [_thread_blocked, id=23564, stack(0x0000001191f00000,0x0000001192000000) (1024K)]
  0x0000020ebd560ae0 JavaThread "Unconstrained build operations Thread 121"        [_thread_blocked, id=21548, stack(0x0000001192000000,0x0000001192100000) (1024K)]
  0x0000020ebd560450 JavaThread "Unconstrained build operations Thread 122"        [_thread_blocked, id=5132, stack(0x0000001192100000,0x0000001192200000) (1024K)]
  0x0000020ebd562520 JavaThread "Unconstrained build operations Thread 123"        [_thread_blocked, id=3900, stack(0x0000001192200000,0x0000001192300000) (1024K)]
  0x0000020ebd563240 JavaThread "Unconstrained build operations Thread 124"        [_thread_blocked, id=22576, stack(0x0000001192400000,0x0000001192500000) (1024K)]
  0x0000020ebd55fdc0 JavaThread "Unconstrained build operations Thread 125"        [_thread_blocked, id=16076, stack(0x0000001192500000,0x0000001192600000) (1024K)]
  0x0000020ebd5638d0 JavaThread "Unconstrained build operations Thread 126"        [_thread_blocked, id=22012, stack(0x0000001192600000,0x0000001192700000) (1024K)]
  0x0000020ebd561e90 JavaThread "Unconstrained build operations Thread 127"        [_thread_blocked, id=1308, stack(0x0000001192700000,0x0000001192800000) (1024K)]
  0x0000020ebd5645f0 JavaThread "Unconstrained build operations Thread 128"        [_thread_blocked, id=11500, stack(0x0000001192800000,0x0000001192900000) (1024K)]
  0x0000020ebd563f60 JavaThread "Unconstrained build operations Thread 129"        [_thread_blocked, id=20272, stack(0x0000001192900000,0x0000001192a00000) (1024K)]
  0x0000020ebd561170 JavaThread "Unconstrained build operations Thread 130"        [_thread_blocked, id=22060, stack(0x0000001192a00000,0x0000001192b00000) (1024K)]
  0x0000020ebd564c80 JavaThread "Unconstrained build operations Thread 131"        [_thread_blocked, id=3932, stack(0x0000001192b00000,0x0000001192c00000) (1024K)]
  0x0000020ebd561800 JavaThread "Unconstrained build operations Thread 132"        [_thread_blocked, id=26324, stack(0x0000001192c00000,0x0000001192d00000) (1024K)]
  0x0000020ebd565310 JavaThread "Unconstrained build operations Thread 133"        [_thread_blocked, id=14572, stack(0x0000001192d00000,0x0000001192e00000) (1024K)]
  0x0000020ebd5659a0 JavaThread "Unconstrained build operations Thread 134"        [_thread_blocked, id=21880, stack(0x0000001192e00000,0x0000001192f00000) (1024K)]
  0x0000020ebd566030 JavaThread "Unconstrained build operations Thread 135"        [_thread_blocked, id=19060, stack(0x0000001192f00000,0x0000001193000000) (1024K)]
  0x0000020ebd5666c0 JavaThread "Unconstrained build operations Thread 136"        [_thread_blocked, id=5612, stack(0x0000001193000000,0x0000001193100000) (1024K)]
  0x0000020eb50c77f0 JavaThread "Unconstrained build operations Thread 137"        [_thread_blocked, id=21908, stack(0x0000001193100000,0x0000001193200000) (1024K)]
  0x0000020eb50c6440 JavaThread "Unconstrained build operations Thread 138"        [_thread_blocked, id=4180, stack(0x0000001193200000,0x0000001193300000) (1024K)]
  0x0000020eb50c7e80 JavaThread "Unconstrained build operations Thread 139"        [_thread_blocked, id=25080, stack(0x0000001193300000,0x0000001193400000) (1024K)]
  0x0000020eb50c6ad0 JavaThread "Unconstrained build operations Thread 140"        [_thread_blocked, id=26476, stack(0x0000001193400000,0x0000001193500000) (1024K)]
  0x0000020eb50c7160 JavaThread "Unconstrained build operations Thread 141"        [_thread_blocked, id=2676, stack(0x0000001193500000,0x0000001193600000) (1024K)]
  0x0000020eb50c5090 JavaThread "Unconstrained build operations Thread 142"        [_thread_blocked, id=16532, stack(0x0000001193600000,0x0000001193700000) (1024K)]
  0x0000020eb50c5720 JavaThread "Unconstrained build operations Thread 143"        [_thread_blocked, id=9584, stack(0x0000001193700000,0x0000001193800000) (1024K)]
  0x0000020eb50c8510 JavaThread "Unconstrained build operations Thread 144"        [_thread_blocked, id=25168, stack(0x0000001193800000,0x0000001193900000) (1024K)]
  0x0000020eb50c8ba0 JavaThread "Unconstrained build operations Thread 145"        [_thread_blocked, id=22788, stack(0x0000001193900000,0x0000001193a00000) (1024K)]
  0x0000020eb50c9230 JavaThread "Unconstrained build operations Thread 146"        [_thread_blocked, id=20944, stack(0x0000001193a00000,0x0000001193b00000) (1024K)]
  0x0000020eb50c5db0 JavaThread "Unconstrained build operations Thread 147"        [_thread_blocked, id=26044, stack(0x0000001193b00000,0x0000001193c00000) (1024K)]
  0x0000020eb50ccd40 JavaThread "Unconstrained build operations Thread 148"        [_thread_blocked, id=25644, stack(0x0000001193c00000,0x0000001193d00000) (1024K)]
  0x0000020eb50cb990 JavaThread "Unconstrained build operations Thread 149"        [_thread_blocked, id=19740, stack(0x0000001193d00000,0x0000001193e00000) (1024K)]
  0x0000020eb50cc6b0 JavaThread "Unconstrained build operations Thread 150"        [_thread_blocked, id=2096, stack(0x0000001193e00000,0x0000001193f00000) (1024K)]
  0x0000020eb50cc020 JavaThread "Unconstrained build operations Thread 151"        [_thread_blocked, id=26352, stack(0x0000001193f00000,0x0000001194000000) (1024K)]
  0x0000020eb50c9f50 JavaThread "Unconstrained build operations Thread 152"        [_thread_blocked, id=26404, stack(0x0000001194000000,0x0000001194100000) (1024K)]
  0x0000020eb50c98c0 JavaThread "Unconstrained build operations Thread 153"        [_thread_blocked, id=1220, stack(0x0000001194100000,0x0000001194200000) (1024K)]
  0x0000020eb50cd3d0 JavaThread "Unconstrained build operations Thread 154"        [_thread_blocked, id=276, stack(0x0000001194200000,0x0000001194300000) (1024K)]
  0x0000020eb50cda60 JavaThread "Unconstrained build operations Thread 155"        [_thread_blocked, id=20408, stack(0x0000001194300000,0x0000001194400000) (1024K)]
  0x0000020eb50cac70 JavaThread "Unconstrained build operations Thread 156"        [_thread_blocked, id=9412, stack(0x0000001194400000,0x0000001194500000) (1024K)]
  0x0000020eb50ca5e0 JavaThread "Unconstrained build operations Thread 157"        [_thread_blocked, id=20960, stack(0x0000001194500000,0x0000001194600000) (1024K)]
  0x0000020eb50d1570 JavaThread "Unconstrained build operations Thread 158"        [_thread_blocked, id=12232, stack(0x0000001194600000,0x0000001194700000) (1024K)]
  0x0000020eb50d01c0 JavaThread "Unconstrained build operations Thread 159"        [_thread_blocked, id=22728, stack(0x0000001194700000,0x0000001194800000) (1024K)]
  0x0000020eb50cee10 JavaThread "Unconstrained build operations Thread 160"        [_thread_blocked, id=9452, stack(0x0000001194800000,0x0000001194900000) (1024K)]
  0x0000020eb58334c0 JavaThread "Exec process"                      [_thread_blocked, id=9448, stack(0x0000001191300000,0x0000001191400000) (1024K)]
  0x0000020eb5834f00 JavaThread "Exec process Thread 2"             [_thread_blocked, id=15620, stack(0x0000001192300000,0x0000001192400000) (1024K)]
  0x0000020eb5835590 JavaThread "Exec process Thread 3"             [_thread_blocked, id=2812, stack(0x0000001194900000,0x0000001194a00000) (1024K)]
  0x0000020eb5837660 JavaThread "Cache worker for Java compile cache (C:\Users\Admin\.gradle\caches\8.11.1\javaCompile)"        [_thread_blocked, id=4800, stack(0x0000001186000000,0x0000001186100000) (1024K)]
  0x0000020eb32551e0 JavaThread "C1 CompilerThread1"         daemon [_thread_blocked, id=12528, stack(0x0000001186100000,0x0000001186200000) (1024K)]
  0x0000020eb3256650 JavaThread "C1 CompilerThread2"         daemon [_thread_blocked, id=13836, stack(0x0000001186300000,0x0000001186400000) (1024K)]
  0x0000020eb3253d70 JavaThread "C1 CompilerThread3"         daemon [_thread_blocked, id=8792, stack(0x0000001186400000,0x0000001186500000) (1024K)]
  0x0000020eb583cbb0 JavaThread "Problems report writer"            [_thread_blocked, id=13700, stack(0x0000001194f00000,0x0000001195000000) (1024K)]
  0x0000020eb654ce30 JavaThread "C2 CompilerThread1"         daemon [_thread_blocked, id=13076, stack(0x0000001186c00000,0x0000001186d00000) (1024K)]
  0x0000020ebeacf8a0 JavaThread "Build operations"                  [_thread_blocked, id=16668, stack(0x000000118bc00000,0x000000118bd00000) (1024K)]
  0x0000020ebeaceb80 JavaThread "Build operations Thread 2"         [_thread_blocked, id=6480, stack(0x000000118bf00000,0x000000118c000000) (1024K)]
  0x0000020ebead2d20 JavaThread "Build operations Thread 3"         [_thread_blocked, id=12504, stack(0x0000001190000000,0x0000001190100000) (1024K)]
  0x0000020ebead33b0 JavaThread "Build operations Thread 4"         [_thread_blocked, id=24008, stack(0x0000001194a00000,0x0000001194b00000) (1024K)]
  0x0000020ebead5b10 JavaThread "Build operations Thread 5"         [_thread_blocked, id=23308, stack(0x0000001194b00000,0x0000001194c00000) (1024K)]
  0x0000020ebead2690 JavaThread "Build operations Thread 6"         [_thread_blocked, id=19048, stack(0x0000001194e00000,0x0000001194f00000) (1024K)]
  0x0000020ebead40d0 JavaThread "Build operations Thread 7"         [_thread_blocked, id=12016, stack(0x0000001195000000,0x0000001195100000) (1024K)]
  0x0000020ebead4760 JavaThread "Build operations Thread 8"         [_thread_blocked, id=25828, stack(0x0000001195100000,0x0000001195200000) (1024K)]
  0x0000020ebead61a0 JavaThread "Build operations Thread 9"         [_thread_blocked, id=18628, stack(0x0000001195200000,0x0000001195300000) (1024K)]
  0x0000020ebead4df0 JavaThread "Build operations Thread 10"        [_thread_blocked, id=3484, stack(0x0000001195300000,0x0000001195400000) (1024K)]
  0x0000020ebead5480 JavaThread "Build operations Thread 11"        [_thread_blocked, id=23768, stack(0x0000001195400000,0x0000001195500000) (1024K)]
  0x0000020ebead6830 JavaThread "Build operations Thread 12"        [_thread_blocked, id=18676, stack(0x0000001195500000,0x0000001195600000) (1024K)]
  0x0000020ebead6ec0 JavaThread "Build operations Thread 13"        [_thread_blocked, id=23092, stack(0x0000001195600000,0x0000001195700000) (1024K)]
  0x0000020ebead3a40 JavaThread "Build operations Thread 14"        [_thread_blocked, id=15512, stack(0x0000001195700000,0x0000001195800000) (1024K)]
  0x0000020ebead8900 JavaThread "Build operations Thread 15"        [_thread_blocked, id=6316, stack(0x0000001195800000,0x0000001195900000) (1024K)]
  0x0000020eb654d500 JavaThread "C2 CompilerThread2"         daemon [_thread_blocked, id=8820, stack(0x0000001195900000,0x0000001195a00000) (1024K)]
  0x0000020eb654dbd0 JavaThread "C2 CompilerThread3"         daemon [_thread_blocked, id=16096, stack(0x0000001195a00000,0x0000001195b00000) (1024K)]
  0x0000020eb654a550 JavaThread "C2 CompilerThread4"         daemon [_thread_blocked, id=22056, stack(0x0000001195b00000,0x0000001195c00000) (1024K)]
  0x0000020eb654e2a0 JavaThread "C2 CompilerThread5"         daemon [_thread_blocked, id=20568, stack(0x0000001195c00000,0x0000001195d00000) (1024K)]
  0x0000020eb654ac20 JavaThread "C2 CompilerThread6"         daemon [_thread_blocked, id=4448, stack(0x0000001195d00000,0x0000001195e00000) (1024K)]
  0x0000020ebeacff30 JavaThread "WorkerExecutor Queue"              [_thread_blocked, id=21816, stack(0x0000001195e00000,0x0000001195f00000) (1024K)]
  0x0000020eb654fde0 JavaThread "C2 CompilerThread7"         daemon [_thread_blocked, id=26140, stack(0x0000001195f00000,0x0000001196000000) (1024K)]
Total: 250

Other Threads:
=>0x0000020ea8f8c720 VMThread "VM Thread"                           [id=11620, stack(0x0000001185600000,0x0000001185700000) (1024K)]
  0x0000020ea8e77900 WatcherThread "VM Periodic Task Thread"        [id=20916, stack(0x0000001185500000,0x0000001185600000) (1024K)]
  0x0000020e90d85330 WorkerThread "GC Thread#0"                     [id=14268, stack(0x0000001185000000,0x0000001185100000) (1024K)]
  0x0000020ea9afd0d0 WorkerThread "GC Thread#1"                     [id=15188, stack(0x0000001186700000,0x0000001186800000) (1024K)]
  0x0000020ea9ae3aa0 WorkerThread "GC Thread#2"                     [id=2948, stack(0x0000001186800000,0x0000001186900000) (1024K)]
  0x0000020ea9ae3e40 WorkerThread "GC Thread#3"                     [id=18648, stack(0x0000001186900000,0x0000001186a00000) (1024K)]
  0x0000020ea9a78690 WorkerThread "GC Thread#4"                     [id=19364, stack(0x0000001186a00000,0x0000001186b00000) (1024K)]
  0x0000020ea99c66e0 WorkerThread "GC Thread#5"                     [id=26388, stack(0x0000001186b00000,0x0000001186c00000) (1024K)]
  0x0000020ea99c54c0 WorkerThread "GC Thread#6"                     [id=22436, stack(0x0000001186d00000,0x0000001186e00000) (1024K)]
  0x0000020ea99c5c00 WorkerThread "GC Thread#7"                     [id=10936, stack(0x0000001187800000,0x0000001187900000) (1024K)]
  0x0000020ea99c6340 WorkerThread "GC Thread#8"                     [id=9004, stack(0x0000001187900000,0x0000001187a00000) (1024K)]
  0x0000020eaf5aacf0 WorkerThread "GC Thread#9"                     [id=23540, stack(0x0000001187a00000,0x0000001187b00000) (1024K)]
  0x0000020eaf5ac650 WorkerThread "GC Thread#10"                    [id=4780, stack(0x0000001187b00000,0x0000001187c00000) (1024K)]
  0x0000020eaf5ac2b0 WorkerThread "GC Thread#11"                    [id=23776, stack(0x0000001187c00000,0x0000001187d00000) (1024K)]
  0x0000020eaf5abb70 WorkerThread "GC Thread#12"                    [id=10784, stack(0x0000001187d00000,0x0000001187e00000) (1024K)]
  0x0000020e90d964f0 ConcurrentGCThread "G1 Main Marker"            [id=3952, stack(0x0000001185100000,0x0000001185200000) (1024K)]
  0x0000020e90d98920 WorkerThread "G1 Conc#0"                       [id=21696, stack(0x0000001185200000,0x0000001185300000) (1024K)]
  0x0000020eaf5acd90 WorkerThread "G1 Conc#1"                       [id=3340, stack(0x0000001187e00000,0x0000001187f00000) (1024K)]
  0x0000020eaf5ad130 WorkerThread "G1 Conc#2"                       [id=15804, stack(0x0000001187f00000,0x0000001188000000) (1024K)]
  0x0000020ea8dc8b10 ConcurrentGCThread "G1 Refine#0"               [id=24632, stack(0x0000001185300000,0x0000001185400000) (1024K)]
  0x0000020ea8dc9040 ConcurrentGCThread "G1 Service"                [id=21380, stack(0x0000001185400000,0x0000001185500000) (1024K)]
Total: 21

Threads with active compile tasks:
C2 CompilerThread0  31092 30800       4       com.android.tools.r8.internal.ro::b (933 bytes)
C1 CompilerThread2  31092 31156 %     3       com.android.tools.r8.internal.vB::a @ 1281 (2694 bytes)
C2 CompilerThread1  31092 30832 %     4       com.android.tools.r8.internal.oS::a @ 1744 (2019 bytes)
C2 CompilerThread2  31092 30861       4       com.android.tools.r8.internal.xn0::a (231 bytes)
C2 CompilerThread3  31092 28363       4       com.android.tools.r8.internal.Hw0::a (616 bytes)
C2 CompilerThread4  31092 31139       4       com.android.tools.r8.internal.oS::o (238 bytes)
C2 CompilerThread5  31092 30964       4       com.android.tools.r8.internal.K9::a (1721 bytes)
C2 CompilerThread6  31092 30965       4       com.android.tools.r8.internal.oS::c (1822 bytes)
C2 CompilerThread7  31092 30796 %     4       com.android.tools.r8.internal.Ln::b @ 384 (3725 bytes)
Total: 9

VM state: at safepoint (normal execution)

VM Mutex/Monitor currently owned by a thread:  ([mutex/lock_event])
[0x00007ff93690e3a0] Threads_lock - owner thread: 0x0000020ea8f8c720
[0x00007ff93690e4a0] Heap_lock - owner thread: 0x0000020ebd55ea10

Heap address: 0x0000000080000000, size: 2048 MB, Compressed Oops mode: 32-bit

CDS archive(s) not mapped
Compressed class space mapped at: 0x0000000100000000-0x0000000140000000, reserved size: 1073741824
Narrow klass base: 0x0000000000000000, Narrow klass shift: 3, Narrow klass range: 0x140000000

GC Precious Log:
 CardTable entry size: 512
 Card Set container configuration: InlinePtr #cards 5 size 8 Array Of Cards #cards 12 size 40 Howl #buckets 4 coarsen threshold 1843 Howl Bitmap #cards 512 size 80 coarsen threshold 460 Card regions per heap region 1 cards per card region 2048
 CPUs: 16 total, 16 available
 Memory: 16163M
 Large Page Support: Disabled
 NUMA Support: Disabled
 Compressed Oops: Enabled (32-bit)
 Heap Region Size: 1M
 Heap Min Capacity: 8M
 Heap Initial Capacity: 254M
 Heap Max Capacity: 2G
 Pre-touch: Disabled
 Parallel Workers: 13
 Concurrent Workers: 3
 Concurrent Refinement Workers: 13
 Periodic GC: Disabled

Heap:
 garbage-first heap   total 671744K, used 277834K [0x0000000080000000, 0x0000000100000000)
  region size 1024K, 26 young (26624K), 26 survivors (26624K)
 Metaspace       used 162517K, committed 164864K, reserved 1245184K
  class space    used 21660K, committed 22848K, reserved 1048576K

Heap Regions: E=young(eden), S=young(survivor), O=old, HS=humongous(starts), HC=humongous(continues), CS=collection set, F=free, TAMS=top-at-mark-start, PB=parsable bottom
|   0|0x0000000080000000, 0x0000000080100000, 0x0000000080100000|100%|HS|  |TAMS 0x0000000080100000| PB 0x0000000080000000| Complete 
|   1|0x0000000080100000, 0x0000000080200000, 0x0000000080200000|100%|HC|  |TAMS 0x0000000080200000| PB 0x0000000080100000| Complete 
|   2|0x0000000080200000, 0x0000000080300000, 0x0000000080300000|100%|HC|  |TAMS 0x0000000080300000| PB 0x0000000080200000| Complete 
|   3|0x0000000080300000, 0x0000000080400000, 0x0000000080400000|100%| O|  |TAMS 0x0000000080400000| PB 0x0000000080300000| Untracked 
|   4|0x0000000080400000, 0x0000000080500000, 0x0000000080500000|100%| O|  |TAMS 0x0000000080500000| PB 0x0000000080400000| Untracked 
|   5|0x0000000080500000, 0x0000000080600000, 0x0000000080600000|100%| O|  |TAMS 0x0000000080600000| PB 0x0000000080500000| Untracked 
|   6|0x0000000080600000, 0x0000000080700000, 0x0000000080700000|100%|HS|  |TAMS 0x0000000080700000| PB 0x0000000080600000| Complete 
|   7|0x0000000080700000, 0x0000000080800000, 0x0000000080800000|100%| O|  |TAMS 0x0000000080800000| PB 0x0000000080700000| Untracked 
|   8|0x0000000080800000, 0x0000000080900000, 0x0000000080900000|100%| O|  |TAMS 0x0000000080900000| PB 0x0000000080800000| Untracked 
|   9|0x0000000080900000, 0x0000000080a00000, 0x0000000080a00000|100%| O|  |TAMS 0x0000000080a00000| PB 0x0000000080900000| Untracked 
|  10|0x0000000080a00000, 0x0000000080b00000, 0x0000000080b00000|100%| O|  |TAMS 0x0000000080b00000| PB 0x0000000080a00000| Untracked 
|  11|0x0000000080b00000, 0x0000000080c00000, 0x0000000080c00000|100%| O|  |TAMS 0x0000000080c00000| PB 0x0000000080b00000| Untracked 
|  12|0x0000000080c00000, 0x0000000080d00000, 0x0000000080d00000|100%| O|  |TAMS 0x0000000080d00000| PB 0x0000000080c00000| Untracked 
|  13|0x0000000080d00000, 0x0000000080e00000, 0x0000000080e00000|100%| O|  |TAMS 0x0000000080e00000| PB 0x0000000080d00000| Untracked 
|  14|0x0000000080e00000, 0x0000000080f00000, 0x0000000080f00000|100%| O|  |TAMS 0x0000000080f00000| PB 0x0000000080e00000| Untracked 
|  15|0x0000000080f00000, 0x0000000081000000, 0x0000000081000000|100%| O|  |TAMS 0x0000000081000000| PB 0x0000000080f00000| Untracked 
|  16|0x0000000081000000, 0x0000000081100000, 0x0000000081100000|100%| O|  |TAMS 0x0000000081100000| PB 0x0000000081000000| Untracked 
|  17|0x0000000081100000, 0x0000000081200000, 0x0000000081200000|100%| O|  |TAMS 0x0000000081200000| PB 0x0000000081100000| Untracked 
|  18|0x0000000081200000, 0x0000000081300000, 0x0000000081300000|100%| O|  |TAMS 0x0000000081300000| PB 0x0000000081200000| Untracked 
|  19|0x0000000081300000, 0x0000000081400000, 0x0000000081400000|100%| O|  |TAMS 0x0000000081400000| PB 0x0000000081300000| Untracked 
|  20|0x0000000081400000, 0x0000000081500000, 0x0000000081500000|100%| O|  |TAMS 0x0000000081500000| PB 0x0000000081400000| Untracked 
|  21|0x0000000081500000, 0x0000000081600000, 0x0000000081600000|100%| O|  |TAMS 0x0000000081600000| PB 0x0000000081500000| Untracked 
|  22|0x0000000081600000, 0x0000000081700000, 0x0000000081700000|100%| O|  |TAMS 0x0000000081700000| PB 0x0000000081600000| Untracked 
|  23|0x0000000081700000, 0x0000000081800000, 0x0000000081800000|100%| O|  |TAMS 0x0000000081800000| PB 0x0000000081700000| Untracked 
|  24|0x0000000081800000, 0x0000000081900000, 0x0000000081900000|100%| O|  |TAMS 0x0000000081900000| PB 0x0000000081800000| Untracked 
|  25|0x0000000081900000, 0x0000000081a00000, 0x0000000081a00000|100%| O|  |TAMS 0x0000000081a00000| PB 0x0000000081900000| Untracked 
|  26|0x0000000081a00000, 0x0000000081b00000, 0x0000000081b00000|100%| O|  |TAMS 0x0000000081b00000| PB 0x0000000081a00000| Untracked 
|  27|0x0000000081b00000, 0x0000000081c00000, 0x0000000081c00000|100%| O|  |TAMS 0x0000000081c00000| PB 0x0000000081b00000| Untracked 
|  28|0x0000000081c00000, 0x0000000081d00000, 0x0000000081d00000|100%| O|  |TAMS 0x0000000081d00000| PB 0x0000000081c00000| Untracked 
|  29|0x0000000081d00000, 0x0000000081e00000, 0x0000000081e00000|100%| O|  |TAMS 0x0000000081e00000| PB 0x0000000081d00000| Untracked 
|  30|0x0000000081e00000, 0x0000000081f00000, 0x0000000081f00000|100%| O|  |TAMS 0x0000000081f00000| PB 0x0000000081e00000| Untracked 
|  31|0x0000000081f00000, 0x0000000082000000, 0x0000000082000000|100%| O|  |TAMS 0x0000000082000000| PB 0x0000000081f00000| Untracked 
|  32|0x0000000082000000, 0x0000000082100000, 0x0000000082100000|100%| O|  |TAMS 0x0000000082100000| PB 0x0000000082000000| Untracked 
|  33|0x0000000082100000, 0x0000000082200000, 0x0000000082200000|100%| O|  |TAMS 0x0000000082200000| PB 0x0000000082100000| Untracked 
|  34|0x0000000082200000, 0x0000000082300000, 0x0000000082300000|100%| O|  |TAMS 0x0000000082300000| PB 0x0000000082200000| Untracked 
|  35|0x0000000082300000, 0x0000000082400000, 0x0000000082400000|100%| O|  |TAMS 0x0000000082400000| PB 0x0000000082300000| Untracked 
|  36|0x0000000082400000, 0x0000000082500000, 0x0000000082500000|100%| O|  |TAMS 0x0000000082500000| PB 0x0000000082400000| Untracked 
|  37|0x0000000082500000, 0x0000000082600000, 0x0000000082600000|100%| O|  |TAMS 0x0000000082600000| PB 0x0000000082500000| Untracked 
|  38|0x0000000082600000, 0x0000000082700000, 0x0000000082700000|100%|HS|  |TAMS 0x0000000082700000| PB 0x0000000082600000| Complete 
|  39|0x0000000082700000, 0x0000000082800000, 0x0000000082800000|100%| O|  |TAMS 0x0000000082800000| PB 0x0000000082700000| Untracked 
|  40|0x0000000082800000, 0x0000000082900000, 0x0000000082900000|100%|HS|  |TAMS 0x0000000082900000| PB 0x0000000082800000| Complete 
|  41|0x0000000082900000, 0x0000000082a00000, 0x0000000082a00000|100%|HS|  |TAMS 0x0000000082a00000| PB 0x0000000082900000| Complete 
|  42|0x0000000082a00000, 0x0000000082b00000, 0x0000000082b00000|100%|HS|  |TAMS 0x0000000082b00000| PB 0x0000000082a00000| Complete 
|  43|0x0000000082b00000, 0x0000000082c00000, 0x0000000082c00000|100%| O|  |TAMS 0x0000000082c00000| PB 0x0000000082b00000| Untracked 
|  44|0x0000000082c00000, 0x0000000082d00000, 0x0000000082d00000|100%|HS|  |TAMS 0x0000000082d00000| PB 0x0000000082c00000| Complete 
|  45|0x0000000082d00000, 0x0000000082e00000, 0x0000000082e00000|100%| O|  |TAMS 0x0000000082e00000| PB 0x0000000082d00000| Untracked 
|  46|0x0000000082e00000, 0x0000000082f00000, 0x0000000082f00000|100%| O|  |TAMS 0x0000000082f00000| PB 0x0000000082e00000| Untracked 
|  47|0x0000000082f00000, 0x0000000083000000, 0x0000000083000000|100%| O|  |TAMS 0x0000000083000000| PB 0x0000000082f00000| Untracked 
|  48|0x0000000083000000, 0x0000000083100000, 0x0000000083100000|100%| O|  |TAMS 0x0000000083100000| PB 0x0000000083000000| Untracked 
|  49|0x0000000083100000, 0x0000000083200000, 0x0000000083200000|100%| O|  |TAMS 0x0000000083200000| PB 0x0000000083100000| Untracked 
|  50|0x0000000083200000, 0x0000000083300000, 0x0000000083300000|100%|HS|  |TAMS 0x0000000083300000| PB 0x0000000083200000| Complete 
|  51|0x0000000083300000, 0x0000000083400000, 0x0000000083400000|100%| O|  |TAMS 0x0000000083400000| PB 0x0000000083300000| Untracked 
|  52|0x0000000083400000, 0x0000000083500000, 0x0000000083500000|100%| O|  |TAMS 0x0000000083500000| PB 0x0000000083400000| Untracked 
|  53|0x0000000083500000, 0x0000000083600000, 0x0000000083600000|100%| O|  |TAMS 0x0000000083600000| PB 0x0000000083500000| Untracked 
|  54|0x0000000083600000, 0x0000000083700000, 0x0000000083700000|100%|HS|  |TAMS 0x0000000083700000| PB 0x0000000083600000| Complete 
|  55|0x0000000083700000, 0x0000000083800000, 0x0000000083800000|100%| O|  |TAMS 0x0000000083800000| PB 0x0000000083700000| Untracked 
|  56|0x0000000083800000, 0x0000000083900000, 0x0000000083900000|100%| O|  |TAMS 0x0000000083900000| PB 0x0000000083800000| Untracked 
|  57|0x0000000083900000, 0x0000000083a00000, 0x0000000083a00000|100%| O|  |TAMS 0x0000000083a00000| PB 0x0000000083900000| Untracked 
|  58|0x0000000083a00000, 0x0000000083b00000, 0x0000000083b00000|100%| O|  |TAMS 0x0000000083b00000| PB 0x0000000083a00000| Untracked 
|  59|0x0000000083b00000, 0x0000000083c00000, 0x0000000083c00000|100%| O|  |TAMS 0x0000000083c00000| PB 0x0000000083b00000| Untracked 
|  60|0x0000000083c00000, 0x0000000083d00000, 0x0000000083d00000|100%| O|  |TAMS 0x0000000083d00000| PB 0x0000000083c00000| Untracked 
|  61|0x0000000083d00000, 0x0000000083e00000, 0x0000000083e00000|100%| O|  |TAMS 0x0000000083e00000| PB 0x0000000083d00000| Untracked 
|  62|0x0000000083e00000, 0x0000000083f00000, 0x0000000083f00000|100%| O|  |TAMS 0x0000000083f00000| PB 0x0000000083e00000| Untracked 
|  63|0x0000000083f00000, 0x0000000084000000, 0x0000000084000000|100%| O|  |TAMS 0x0000000084000000| PB 0x0000000083f00000| Untracked 
|  64|0x0000000084000000, 0x0000000084100000, 0x0000000084100000|100%| O|  |TAMS 0x0000000084100000| PB 0x0000000084000000| Untracked 
|  65|0x0000000084100000, 0x0000000084200000, 0x0000000084200000|100%| O|  |TAMS 0x0000000084200000| PB 0x0000000084100000| Untracked 
|  66|0x0000000084200000, 0x0000000084300000, 0x0000000084300000|100%| O|  |TAMS 0x0000000084300000| PB 0x0000000084200000| Untracked 
|  67|0x0000000084300000, 0x0000000084400000, 0x0000000084400000|100%| O|  |TAMS 0x0000000084400000| PB 0x0000000084300000| Untracked 
|  68|0x0000000084400000, 0x0000000084500000, 0x0000000084500000|100%| O|  |TAMS 0x0000000084500000| PB 0x0000000084400000| Untracked 
|  69|0x0000000084500000, 0x0000000084600000, 0x0000000084600000|100%| O|  |TAMS 0x0000000084600000| PB 0x0000000084500000| Untracked 
|  70|0x0000000084600000, 0x0000000084700000, 0x0000000084700000|100%| O|  |TAMS 0x0000000084700000| PB 0x0000000084600000| Untracked 
|  71|0x0000000084700000, 0x0000000084800000, 0x0000000084800000|100%| O|  |TAMS 0x0000000084800000| PB 0x0000000084700000| Untracked 
|  72|0x0000000084800000, 0x0000000084900000, 0x0000000084900000|100%| O|  |TAMS 0x0000000084900000| PB 0x0000000084800000| Untracked 
|  73|0x0000000084900000, 0x0000000084a00000, 0x0000000084a00000|100%| O|  |TAMS 0x0000000084a00000| PB 0x0000000084900000| Untracked 
|  74|0x0000000084a00000, 0x0000000084b00000, 0x0000000084b00000|100%| O|  |TAMS 0x0000000084b00000| PB 0x0000000084a00000| Untracked 
|  75|0x0000000084b00000, 0x0000000084c00000, 0x0000000084c00000|100%| O|  |TAMS 0x0000000084c00000| PB 0x0000000084b00000| Untracked 
|  76|0x0000000084c00000, 0x0000000084d00000, 0x0000000084d00000|100%| O|  |TAMS 0x0000000084d00000| PB 0x0000000084c00000| Untracked 
|  77|0x0000000084d00000, 0x0000000084e00000, 0x0000000084e00000|100%| O|  |TAMS 0x0000000084e00000| PB 0x0000000084d00000| Untracked 
|  78|0x0000000084e00000, 0x0000000084f00000, 0x0000000084f00000|100%| O|  |TAMS 0x0000000084f00000| PB 0x0000000084e00000| Untracked 
|  79|0x0000000084f00000, 0x0000000085000000, 0x0000000085000000|100%| O|  |TAMS 0x0000000085000000| PB 0x0000000084f00000| Untracked 
|  80|0x0000000085000000, 0x0000000085100000, 0x0000000085100000|100%| O|  |TAMS 0x0000000085100000| PB 0x0000000085000000| Untracked 
|  81|0x0000000085100000, 0x0000000085200000, 0x0000000085200000|100%| O|  |TAMS 0x0000000085200000| PB 0x0000000085100000| Untracked 
|  82|0x0000000085200000, 0x0000000085300000, 0x0000000085300000|100%| O|  |TAMS 0x0000000085300000| PB 0x0000000085200000| Untracked 
|  83|0x0000000085300000, 0x0000000085400000, 0x0000000085400000|100%| O|  |TAMS 0x0000000085400000| PB 0x0000000085300000| Untracked 
|  84|0x0000000085400000, 0x0000000085500000, 0x0000000085500000|100%| O|  |TAMS 0x0000000085500000| PB 0x0000000085400000| Untracked 
|  85|0x0000000085500000, 0x0000000085600000, 0x0000000085600000|100%| O|  |TAMS 0x0000000085600000| PB 0x0000000085500000| Untracked 
|  86|0x0000000085600000, 0x0000000085700000, 0x0000000085700000|100%| O|  |TAMS 0x0000000085700000| PB 0x0000000085600000| Untracked 
|  87|0x0000000085700000, 0x0000000085800000, 0x0000000085800000|100%| O|  |TAMS 0x0000000085800000| PB 0x0000000085700000| Untracked 
|  88|0x0000000085800000, 0x0000000085900000, 0x0000000085900000|100%| O|  |TAMS 0x0000000085900000| PB 0x0000000085800000| Untracked 
|  89|0x0000000085900000, 0x0000000085a00000, 0x0000000085a00000|100%| O|  |TAMS 0x0000000085a00000| PB 0x0000000085900000| Untracked 
|  90|0x0000000085a00000, 0x0000000085b00000, 0x0000000085b00000|100%| O|  |TAMS 0x0000000085b00000| PB 0x0000000085a00000| Untracked 
|  91|0x0000000085b00000, 0x0000000085c00000, 0x0000000085c00000|100%| O|  |TAMS 0x0000000085c00000| PB 0x0000000085b00000| Untracked 
|  92|0x0000000085c00000, 0x0000000085d00000, 0x0000000085d00000|100%| O|  |TAMS 0x0000000085d00000| PB 0x0000000085c00000| Untracked 
|  93|0x0000000085d00000, 0x0000000085e00000, 0x0000000085e00000|100%| O|  |TAMS 0x0000000085e00000| PB 0x0000000085d00000| Untracked 
|  94|0x0000000085e00000, 0x0000000085e00000, 0x0000000085f00000|  0%| F|  |TAMS 0x0000000085e00000| PB 0x0000000085e00000| Untracked 
|  95|0x0000000085f00000, 0x0000000086000000, 0x0000000086000000|100%| O|  |TAMS 0x0000000086000000| PB 0x0000000085f00000| Untracked 
|  96|0x0000000086000000, 0x0000000086100000, 0x0000000086100000|100%| O|  |TAMS 0x0000000086100000| PB 0x0000000086000000| Untracked 
|  97|0x0000000086100000, 0x0000000086200000, 0x0000000086200000|100%| O|  |TAMS 0x0000000086200000| PB 0x0000000086100000| Untracked 
|  98|0x0000000086200000, 0x0000000086300000, 0x0000000086300000|100%| O|  |TAMS 0x0000000086300000| PB 0x0000000086200000| Untracked 
|  99|0x0000000086300000, 0x0000000086400000, 0x0000000086400000|100%| O|  |TAMS 0x0000000086400000| PB 0x0000000086300000| Untracked 
| 100|0x0000000086400000, 0x0000000086500000, 0x0000000086500000|100%| O|  |TAMS 0x0000000086500000| PB 0x0000000086400000| Untracked 
| 101|0x0000000086500000, 0x0000000086600000, 0x0000000086600000|100%| O|  |TAMS 0x0000000086600000| PB 0x0000000086500000| Untracked 
| 102|0x0000000086600000, 0x0000000086700000, 0x0000000086700000|100%| O|  |TAMS 0x0000000086700000| PB 0x0000000086600000| Untracked 
| 103|0x0000000086700000, 0x0000000086800000, 0x0000000086800000|100%| O|  |TAMS 0x0000000086800000| PB 0x0000000086700000| Untracked 
| 104|0x0000000086800000, 0x0000000086900000, 0x0000000086900000|100%| O|  |TAMS 0x0000000086900000| PB 0x0000000086800000| Untracked 
| 105|0x0000000086900000, 0x0000000086a00000, 0x0000000086a00000|100%| O|  |TAMS 0x0000000086a00000| PB 0x0000000086900000| Untracked 
| 106|0x0000000086a00000, 0x0000000086b00000, 0x0000000086b00000|100%| O|  |TAMS 0x0000000086b00000| PB 0x0000000086a00000| Untracked 
| 107|0x0000000086b00000, 0x0000000086c00000, 0x0000000086c00000|100%| O|  |TAMS 0x0000000086c00000| PB 0x0000000086b00000| Untracked 
| 108|0x0000000086c00000, 0x0000000086d00000, 0x0000000086d00000|100%| O|  |TAMS 0x0000000086d00000| PB 0x0000000086c00000| Untracked 
| 109|0x0000000086d00000, 0x0000000086e00000, 0x0000000086e00000|100%| O|  |TAMS 0x0000000086e00000| PB 0x0000000086d00000| Untracked 
| 110|0x0000000086e00000, 0x0000000086f00000, 0x0000000086f00000|100%| O|  |TAMS 0x0000000086f00000| PB 0x0000000086e00000| Untracked 
| 111|0x0000000086f00000, 0x0000000087000000, 0x0000000087000000|100%| O|  |TAMS 0x0000000087000000| PB 0x0000000086f00000| Untracked 
| 112|0x0000000087000000, 0x0000000087100000, 0x0000000087100000|100%| O|  |TAMS 0x0000000087100000| PB 0x0000000087000000| Untracked 
| 113|0x0000000087100000, 0x0000000087200000, 0x0000000087200000|100%| O|  |TAMS 0x0000000087200000| PB 0x0000000087100000| Untracked 
| 114|0x0000000087200000, 0x0000000087300000, 0x0000000087300000|100%| O|  |TAMS 0x0000000087300000| PB 0x0000000087200000| Untracked 
| 115|0x0000000087300000, 0x0000000087400000, 0x0000000087400000|100%| O|  |TAMS 0x0000000087400000| PB 0x0000000087300000| Untracked 
| 116|0x0000000087400000, 0x0000000087500000, 0x0000000087500000|100%| O|  |TAMS 0x0000000087500000| PB 0x0000000087400000| Untracked 
| 117|0x0000000087500000, 0x0000000087600000, 0x0000000087600000|100%| O|  |TAMS 0x0000000087600000| PB 0x0000000087500000| Untracked 
| 118|0x0000000087600000, 0x0000000087700000, 0x0000000087700000|100%| O|  |TAMS 0x0000000087700000| PB 0x0000000087600000| Untracked 
| 119|0x0000000087700000, 0x0000000087800000, 0x0000000087800000|100%| O|  |TAMS 0x0000000087800000| PB 0x0000000087700000| Untracked 
| 120|0x0000000087800000, 0x0000000087900000, 0x0000000087900000|100%| O|  |TAMS 0x0000000087900000| PB 0x0000000087800000| Untracked 
| 121|0x0000000087900000, 0x0000000087a00000, 0x0000000087a00000|100%| O|  |TAMS 0x0000000087a00000| PB 0x0000000087900000| Untracked 
| 122|0x0000000087a00000, 0x0000000087b00000, 0x0000000087b00000|100%| O|  |TAMS 0x0000000087b00000| PB 0x0000000087a00000| Untracked 
| 123|0x0000000087b00000, 0x0000000087c00000, 0x0000000087c00000|100%| O|  |TAMS 0x0000000087c00000| PB 0x0000000087b00000| Untracked 
| 124|0x0000000087c00000, 0x0000000087d00000, 0x0000000087d00000|100%| O|  |TAMS 0x0000000087d00000| PB 0x0000000087c00000| Untracked 
| 125|0x0000000087d00000, 0x0000000087d00000, 0x0000000087e00000|  0%| F|  |TAMS 0x0000000087d00000| PB 0x0000000087d00000| Untracked 
| 126|0x0000000087e00000, 0x0000000087f00000, 0x0000000087f00000|100%| O|  |TAMS 0x0000000087f00000| PB 0x0000000087e00000| Untracked 
| 127|0x0000000087f00000, 0x0000000088000000, 0x0000000088000000|100%| O|  |TAMS 0x0000000088000000| PB 0x0000000087f00000| Untracked 
| 128|0x0000000088000000, 0x0000000088100000, 0x0000000088100000|100%| O|  |TAMS 0x0000000088100000| PB 0x0000000088000000| Untracked 
| 129|0x0000000088100000, 0x0000000088200000, 0x0000000088200000|100%| O|  |TAMS 0x0000000088200000| PB 0x0000000088100000| Untracked 
| 130|0x0000000088200000, 0x0000000088300000, 0x0000000088300000|100%| O|  |TAMS 0x0000000088300000| PB 0x0000000088200000| Untracked 
| 131|0x0000000088300000, 0x0000000088400000, 0x0000000088400000|100%| O|  |TAMS 0x0000000088400000| PB 0x0000000088300000| Untracked 
| 132|0x0000000088400000, 0x0000000088400000, 0x0000000088500000|  0%| F|  |TAMS 0x0000000088400000| PB 0x0000000088400000| Untracked 
| 133|0x0000000088500000, 0x0000000088600000, 0x0000000088600000|100%| O|  |TAMS 0x0000000088600000| PB 0x0000000088500000| Untracked 
| 134|0x0000000088600000, 0x0000000088700000, 0x0000000088700000|100%| O|  |TAMS 0x0000000088700000| PB 0x0000000088600000| Untracked 
| 135|0x0000000088700000, 0x0000000088800000, 0x0000000088800000|100%| O|  |TAMS 0x0000000088800000| PB 0x0000000088700000| Untracked 
| 136|0x0000000088800000, 0x0000000088900000, 0x0000000088900000|100%| O|  |TAMS 0x0000000088900000| PB 0x0000000088800000| Untracked 
| 137|0x0000000088900000, 0x0000000088a00000, 0x0000000088a00000|100%| O|  |TAMS 0x0000000088a00000| PB 0x0000000088900000| Untracked 
| 138|0x0000000088a00000, 0x0000000088b00000, 0x0000000088b00000|100%| O|  |TAMS 0x0000000088b00000| PB 0x0000000088a00000| Untracked 
| 139|0x0000000088b00000, 0x0000000088c00000, 0x0000000088c00000|100%| O|  |TAMS 0x0000000088c00000| PB 0x0000000088b00000| Untracked 
| 140|0x0000000088c00000, 0x0000000088c00000, 0x0000000088d00000|  0%| F|  |TAMS 0x0000000088c00000| PB 0x0000000088c00000| Untracked 
| 141|0x0000000088d00000, 0x0000000088e00000, 0x0000000088e00000|100%| O|  |TAMS 0x0000000088e00000| PB 0x0000000088d00000| Untracked 
| 142|0x0000000088e00000, 0x0000000088f00000, 0x0000000088f00000|100%| O|  |TAMS 0x0000000088f00000| PB 0x0000000088e00000| Untracked 
| 143|0x0000000088f00000, 0x0000000089000000, 0x0000000089000000|100%| O|  |TAMS 0x0000000089000000| PB 0x0000000088f00000| Untracked 
| 144|0x0000000089000000, 0x0000000089100000, 0x0000000089100000|100%| O|  |TAMS 0x0000000089100000| PB 0x0000000089000000| Untracked 
| 145|0x0000000089100000, 0x0000000089200000, 0x0000000089200000|100%| O|  |TAMS 0x0000000089200000| PB 0x0000000089100000| Untracked 
| 146|0x0000000089200000, 0x0000000089300000, 0x0000000089300000|100%| O|  |TAMS 0x0000000089300000| PB 0x0000000089200000| Untracked 
| 147|0x0000000089300000, 0x0000000089400000, 0x0000000089400000|100%| O|  |TAMS 0x0000000089400000| PB 0x0000000089300000| Untracked 
| 148|0x0000000089400000, 0x0000000089500000, 0x0000000089500000|100%| O|  |TAMS 0x0000000089500000| PB 0x0000000089400000| Untracked 
| 149|0x0000000089500000, 0x0000000089600000, 0x0000000089600000|100%| O|  |TAMS 0x0000000089600000| PB 0x0000000089500000| Untracked 
| 150|0x0000000089600000, 0x0000000089700000, 0x0000000089700000|100%| O|  |TAMS 0x0000000089700000| PB 0x0000000089600000| Untracked 
| 151|0x0000000089700000, 0x0000000089800000, 0x0000000089800000|100%| O|  |TAMS 0x0000000089800000| PB 0x0000000089700000| Untracked 
| 152|0x0000000089800000, 0x0000000089800000, 0x0000000089900000|  0%| F|  |TAMS 0x0000000089800000| PB 0x0000000089800000| Untracked 
| 153|0x0000000089900000, 0x0000000089900000, 0x0000000089a00000|  0%| F|  |TAMS 0x0000000089900000| PB 0x0000000089900000| Untracked 
| 154|0x0000000089a00000, 0x0000000089b00000, 0x0000000089b00000|100%| O|  |TAMS 0x0000000089b00000| PB 0x0000000089a00000| Untracked 
| 155|0x0000000089b00000, 0x0000000089c00000, 0x0000000089c00000|100%| O|  |TAMS 0x0000000089c00000| PB 0x0000000089b00000| Untracked 
| 156|0x0000000089c00000, 0x0000000089d00000, 0x0000000089d00000|100%| O|  |TAMS 0x0000000089d00000| PB 0x0000000089c00000| Untracked 
| 157|0x0000000089d00000, 0x0000000089e00000, 0x0000000089e00000|100%| O|  |TAMS 0x0000000089e00000| PB 0x0000000089d00000| Untracked 
| 158|0x0000000089e00000, 0x0000000089e00000, 0x0000000089f00000|  0%| F|  |TAMS 0x0000000089e00000| PB 0x0000000089e00000| Untracked 
| 159|0x0000000089f00000, 0x000000008a000000, 0x000000008a000000|100%| O|  |TAMS 0x000000008a000000| PB 0x0000000089f00000| Untracked 
| 160|0x000000008a000000, 0x000000008a100000, 0x000000008a100000|100%| O|  |TAMS 0x000000008a100000| PB 0x000000008a000000| Untracked 
| 161|0x000000008a100000, 0x000000008a200000, 0x000000008a200000|100%| O|  |TAMS 0x000000008a200000| PB 0x000000008a100000| Untracked 
| 162|0x000000008a200000, 0x000000008a200000, 0x000000008a300000|  0%| F|  |TAMS 0x000000008a200000| PB 0x000000008a200000| Untracked 
| 163|0x000000008a300000, 0x000000008a400000, 0x000000008a400000|100%| O|  |TAMS 0x000000008a400000| PB 0x000000008a300000| Untracked 
| 164|0x000000008a400000, 0x000000008a500000, 0x000000008a500000|100%| O|  |TAMS 0x000000008a500000| PB 0x000000008a400000| Untracked 
| 165|0x000000008a500000, 0x000000008a600000, 0x000000008a600000|100%| O|  |TAMS 0x000000008a600000| PB 0x000000008a500000| Untracked 
| 166|0x000000008a600000, 0x000000008a700000, 0x000000008a700000|100%| O|  |TAMS 0x000000008a700000| PB 0x000000008a600000| Untracked 
| 167|0x000000008a700000, 0x000000008a800000, 0x000000008a800000|100%| O|  |TAMS 0x000000008a800000| PB 0x000000008a700000| Untracked 
| 168|0x000000008a800000, 0x000000008a900000, 0x000000008a900000|100%| O|  |TAMS 0x000000008a900000| PB 0x000000008a800000| Untracked 
| 169|0x000000008a900000, 0x000000008aa00000, 0x000000008aa00000|100%| O|  |TAMS 0x000000008aa00000| PB 0x000000008a900000| Untracked 
| 170|0x000000008aa00000, 0x000000008ab00000, 0x000000008ab00000|100%| O|  |TAMS 0x000000008ab00000| PB 0x000000008aa00000| Untracked 
| 171|0x000000008ab00000, 0x000000008ac00000, 0x000000008ac00000|100%| O|  |TAMS 0x000000008ac00000| PB 0x000000008ab00000| Untracked 
| 172|0x000000008ac00000, 0x000000008ad00000, 0x000000008ad00000|100%| O|  |TAMS 0x000000008ad00000| PB 0x000000008ac00000| Untracked 
| 173|0x000000008ad00000, 0x000000008ae00000, 0x000000008ae00000|100%| O|  |TAMS 0x000000008ae00000| PB 0x000000008ad00000| Untracked 
| 174|0x000000008ae00000, 0x000000008af00000, 0x000000008af00000|100%| O|  |TAMS 0x000000008af00000| PB 0x000000008ae00000| Untracked 
| 175|0x000000008af00000, 0x000000008b000000, 0x000000008b000000|100%| O|  |TAMS 0x000000008b000000| PB 0x000000008af00000| Untracked 
| 176|0x000000008b000000, 0x000000008b100000, 0x000000008b100000|100%| O|  |TAMS 0x000000008b100000| PB 0x000000008b000000| Untracked 
| 177|0x000000008b100000, 0x000000008b200000, 0x000000008b200000|100%| O|  |TAMS 0x000000008b200000| PB 0x000000008b100000| Untracked 
| 178|0x000000008b200000, 0x000000008b300000, 0x000000008b300000|100%| O|  |TAMS 0x000000008b300000| PB 0x000000008b200000| Untracked 
| 179|0x000000008b300000, 0x000000008b400000, 0x000000008b400000|100%| O|  |TAMS 0x000000008b400000| PB 0x000000008b300000| Untracked 
| 180|0x000000008b400000, 0x000000008b500000, 0x000000008b500000|100%| O|  |TAMS 0x000000008b500000| PB 0x000000008b400000| Untracked 
| 181|0x000000008b500000, 0x000000008b600000, 0x000000008b600000|100%| O|  |TAMS 0x000000008b600000| PB 0x000000008b500000| Untracked 
| 182|0x000000008b600000, 0x000000008b700000, 0x000000008b700000|100%| O|  |TAMS 0x000000008b700000| PB 0x000000008b600000| Untracked 
| 183|0x000000008b700000, 0x000000008b700000, 0x000000008b800000|  0%| F|  |TAMS 0x000000008b700000| PB 0x000000008b700000| Untracked 
| 184|0x000000008b800000, 0x000000008b900000, 0x000000008b900000|100%| O|  |TAMS 0x000000008b900000| PB 0x000000008b800000| Untracked 
| 185|0x000000008b900000, 0x000000008b900000, 0x000000008ba00000|  0%| F|  |TAMS 0x000000008b900000| PB 0x000000008b900000| Untracked 
| 186|0x000000008ba00000, 0x000000008bb00000, 0x000000008bb00000|100%| O|  |TAMS 0x000000008bb00000| PB 0x000000008ba00000| Untracked 
| 187|0x000000008bb00000, 0x000000008bc00000, 0x000000008bc00000|100%| O|  |TAMS 0x000000008bc00000| PB 0x000000008bb00000| Untracked 
| 188|0x000000008bc00000, 0x000000008bd00000, 0x000000008bd00000|100%| O|  |TAMS 0x000000008bd00000| PB 0x000000008bc00000| Untracked 
| 189|0x000000008bd00000, 0x000000008bd00000, 0x000000008be00000|  0%| F|  |TAMS 0x000000008bd00000| PB 0x000000008bd00000| Untracked 
| 190|0x000000008be00000, 0x000000008bf00000, 0x000000008bf00000|100%| O|  |TAMS 0x000000008bf00000| PB 0x000000008be00000| Untracked 
| 191|0x000000008bf00000, 0x000000008c000000, 0x000000008c000000|100%| O|  |TAMS 0x000000008c000000| PB 0x000000008bf00000| Untracked 
| 192|0x000000008c000000, 0x000000008c100000, 0x000000008c100000|100%| O|  |TAMS 0x000000008c100000| PB 0x000000008c000000| Untracked 
| 193|0x000000008c100000, 0x000000008c200000, 0x000000008c200000|100%| O|  |TAMS 0x000000008c200000| PB 0x000000008c100000| Untracked 
| 194|0x000000008c200000, 0x000000008c300000, 0x000000008c300000|100%| O|  |TAMS 0x000000008c300000| PB 0x000000008c200000| Untracked 
| 195|0x000000008c300000, 0x000000008c400000, 0x000000008c400000|100%| O|  |TAMS 0x000000008c400000| PB 0x000000008c300000| Untracked 
| 196|0x000000008c400000, 0x000000008c500000, 0x000000008c500000|100%| O|  |TAMS 0x000000008c500000| PB 0x000000008c400000| Untracked 
| 197|0x000000008c500000, 0x000000008c600000, 0x000000008c600000|100%| O|  |TAMS 0x000000008c600000| PB 0x000000008c500000| Untracked 
| 198|0x000000008c600000, 0x000000008c700000, 0x000000008c700000|100%| O|  |TAMS 0x000000008c700000| PB 0x000000008c600000| Untracked 
| 199|0x000000008c700000, 0x000000008c800000, 0x000000008c800000|100%| O|  |TAMS 0x000000008c800000| PB 0x000000008c700000| Untracked 
| 200|0x000000008c800000, 0x000000008c900000, 0x000000008c900000|100%| O|  |TAMS 0x000000008c900000| PB 0x000000008c800000| Untracked 
| 201|0x000000008c900000, 0x000000008ca00000, 0x000000008ca00000|100%| O|  |TAMS 0x000000008ca00000| PB 0x000000008c900000| Untracked 
| 202|0x000000008ca00000, 0x000000008cb00000, 0x000000008cb00000|100%| O|  |TAMS 0x000000008cb00000| PB 0x000000008ca00000| Untracked 
| 203|0x000000008cb00000, 0x000000008cc00000, 0x000000008cc00000|100%| O|  |TAMS 0x000000008cc00000| PB 0x000000008cb00000| Untracked 
| 204|0x000000008cc00000, 0x000000008cc00000, 0x000000008cd00000|  0%| F|  |TAMS 0x000000008cc00000| PB 0x000000008cc00000| Untracked 
| 205|0x000000008cd00000, 0x000000008cd00000, 0x000000008ce00000|  0%| F|  |TAMS 0x000000008cd00000| PB 0x000000008cd00000| Untracked 
| 206|0x000000008ce00000, 0x000000008cf00000, 0x000000008cf00000|100%| O|  |TAMS 0x000000008cf00000| PB 0x000000008ce00000| Untracked 
| 207|0x000000008cf00000, 0x000000008cf00000, 0x000000008d000000|  0%| F|  |TAMS 0x000000008cf00000| PB 0x000000008cf00000| Untracked 
| 208|0x000000008d000000, 0x000000008d000000, 0x000000008d100000|  0%| F|  |TAMS 0x000000008d000000| PB 0x000000008d000000| Untracked 
| 209|0x000000008d100000, 0x000000008d200000, 0x000000008d200000|100%| O|  |TAMS 0x000000008d200000| PB 0x000000008d100000| Untracked 
| 210|0x000000008d200000, 0x000000008d300000, 0x000000008d300000|100%| O|  |TAMS 0x000000008d300000| PB 0x000000008d200000| Untracked 
| 211|0x000000008d300000, 0x000000008d400000, 0x000000008d400000|100%| O|  |TAMS 0x000000008d400000| PB 0x000000008d300000| Untracked 
| 212|0x000000008d400000, 0x000000008d400000, 0x000000008d500000|  0%| F|  |TAMS 0x000000008d400000| PB 0x000000008d400000| Untracked 
| 213|0x000000008d500000, 0x000000008d600000, 0x000000008d600000|100%| O|  |TAMS 0x000000008d600000| PB 0x000000008d500000| Untracked 
| 214|0x000000008d600000, 0x000000008d700000, 0x000000008d700000|100%| O|  |TAMS 0x000000008d700000| PB 0x000000008d600000| Untracked 
| 215|0x000000008d700000, 0x000000008d800000, 0x000000008d800000|100%| O|  |TAMS 0x000000008d800000| PB 0x000000008d700000| Untracked 
| 216|0x000000008d800000, 0x000000008d900000, 0x000000008d900000|100%| O|  |TAMS 0x000000008d900000| PB 0x000000008d800000| Untracked 
| 217|0x000000008d900000, 0x000000008da00000, 0x000000008da00000|100%| O|  |TAMS 0x000000008da00000| PB 0x000000008d900000| Untracked 
| 218|0x000000008da00000, 0x000000008da00000, 0x000000008db00000|  0%| F|  |TAMS 0x000000008da00000| PB 0x000000008da00000| Untracked 
| 219|0x000000008db00000, 0x000000008dc00000, 0x000000008dc00000|100%| O|  |TAMS 0x000000008dc00000| PB 0x000000008db00000| Untracked 
| 220|0x000000008dc00000, 0x000000008dc00000, 0x000000008dd00000|  0%| F|  |TAMS 0x000000008dc00000| PB 0x000000008dc00000| Untracked 
| 221|0x000000008dd00000, 0x000000008de00000, 0x000000008de00000|100%| O|  |TAMS 0x000000008de00000| PB 0x000000008dd00000| Untracked 
| 222|0x000000008de00000, 0x000000008df00000, 0x000000008df00000|100%| O|  |TAMS 0x000000008df00000| PB 0x000000008de00000| Untracked 
| 223|0x000000008df00000, 0x000000008df00000, 0x000000008e000000|  0%| F|  |TAMS 0x000000008df00000| PB 0x000000008df00000| Untracked 
| 224|0x000000008e000000, 0x000000008e100000, 0x000000008e100000|100%| O|  |TAMS 0x000000008e100000| PB 0x000000008e000000| Untracked 
| 225|0x000000008e100000, 0x000000008e100000, 0x000000008e200000|  0%| F|  |TAMS 0x000000008e100000| PB 0x000000008e100000| Untracked 
| 226|0x000000008e200000, 0x000000008e300000, 0x000000008e300000|100%| O|  |TAMS 0x000000008e300000| PB 0x000000008e200000| Untracked 
| 227|0x000000008e300000, 0x000000008e400000, 0x000000008e400000|100%| O|  |TAMS 0x000000008e400000| PB 0x000000008e300000| Untracked 
| 228|0x000000008e400000, 0x000000008e400000, 0x000000008e500000|  0%| F|  |TAMS 0x000000008e400000| PB 0x000000008e400000| Untracked 
| 229|0x000000008e500000, 0x000000008e600000, 0x000000008e600000|100%| O|  |TAMS 0x000000008e600000| PB 0x000000008e500000| Untracked 
| 230|0x000000008e600000, 0x000000008e600000, 0x000000008e700000|  0%| F|  |TAMS 0x000000008e600000| PB 0x000000008e600000| Untracked 
| 231|0x000000008e700000, 0x000000008e700000, 0x000000008e800000|  0%| F|  |TAMS 0x000000008e700000| PB 0x000000008e700000| Untracked 
| 232|0x000000008e800000, 0x000000008e900000, 0x000000008e900000|100%| O|  |TAMS 0x000000008e900000| PB 0x000000008e800000| Untracked 
| 233|0x000000008e900000, 0x000000008ea00000, 0x000000008ea00000|100%| O|  |TAMS 0x000000008ea00000| PB 0x000000008e900000| Untracked 
| 234|0x000000008ea00000, 0x000000008eb00000, 0x000000008eb00000|100%| O|  |TAMS 0x000000008eb00000| PB 0x000000008ea00000| Untracked 
| 235|0x000000008eb00000, 0x000000008ec00000, 0x000000008ec00000|100%| O|  |TAMS 0x000000008ec00000| PB 0x000000008eb00000| Untracked 
| 236|0x000000008ec00000, 0x000000008ec00000, 0x000000008ed00000|  0%| F|  |TAMS 0x000000008ec00000| PB 0x000000008ec00000| Untracked 
| 237|0x000000008ed00000, 0x000000008ee00000, 0x000000008ee00000|100%| O|  |TAMS 0x000000008ee00000| PB 0x000000008ed00000| Untracked 
| 238|0x000000008ee00000, 0x000000008ef00000, 0x000000008ef00000|100%| O|  |TAMS 0x000000008ef00000| PB 0x000000008ee00000| Untracked 
| 239|0x000000008ef00000, 0x000000008f000000, 0x000000008f000000|100%| O|  |TAMS 0x000000008f000000| PB 0x000000008ef00000| Untracked 
| 240|0x000000008f000000, 0x000000008f100000, 0x000000008f100000|100%| O|  |TAMS 0x000000008f100000| PB 0x000000008f000000| Untracked 
| 241|0x000000008f100000, 0x000000008f200000, 0x000000008f200000|100%| O|  |TAMS 0x000000008f200000| PB 0x000000008f100000| Untracked 
| 242|0x000000008f200000, 0x000000008f300000, 0x000000008f300000|100%| O|  |TAMS 0x000000008f300000| PB 0x000000008f200000| Untracked 
| 243|0x000000008f300000, 0x000000008f400000, 0x000000008f400000|100%| O|  |TAMS 0x000000008f400000| PB 0x000000008f300000| Untracked 
| 244|0x000000008f400000, 0x000000008f400000, 0x000000008f500000|  0%| F|  |TAMS 0x000000008f400000| PB 0x000000008f400000| Untracked 
| 245|0x000000008f500000, 0x000000008f500000, 0x000000008f600000|  0%| F|  |TAMS 0x000000008f500000| PB 0x000000008f500000| Untracked 
| 246|0x000000008f600000, 0x000000008f600000, 0x000000008f700000|  0%| F|  |TAMS 0x000000008f600000| PB 0x000000008f600000| Untracked 
| 247|0x000000008f700000, 0x000000008f800000, 0x000000008f800000|100%| O|  |TAMS 0x000000008f800000| PB 0x000000008f700000| Untracked 
| 248|0x000000008f800000, 0x000000008f800000, 0x000000008f900000|  0%| F|  |TAMS 0x000000008f800000| PB 0x000000008f800000| Untracked 
| 249|0x000000008f900000, 0x000000008fa00000, 0x000000008fa00000|100%| O|  |TAMS 0x000000008fa00000| PB 0x000000008f900000| Untracked 
| 250|0x000000008fa00000, 0x000000008fb00000, 0x000000008fb00000|100%| O|  |TAMS 0x000000008fb00000| PB 0x000000008fa00000| Untracked 
| 251|0x000000008fb00000, 0x000000008fc00000, 0x000000008fc00000|100%| O|  |TAMS 0x000000008fc00000| PB 0x000000008fb00000| Untracked 
| 252|0x000000008fc00000, 0x000000008fd00000, 0x000000008fd00000|100%| O|  |TAMS 0x000000008fd00000| PB 0x000000008fc00000| Untracked 
| 253|0x000000008fd00000, 0x000000008fd00000, 0x000000008fe00000|  0%| F|  |TAMS 0x000000008fd00000| PB 0x000000008fd00000| Untracked 
| 254|0x000000008fe00000, 0x000000008ff00000, 0x000000008ff00000|100%| O|  |TAMS 0x000000008ff00000| PB 0x000000008fe00000| Untracked 
| 255|0x000000008ff00000, 0x0000000090000000, 0x0000000090000000|100%| O|  |TAMS 0x0000000090000000| PB 0x000000008ff00000| Untracked 
| 256|0x0000000090000000, 0x0000000090100000, 0x0000000090100000|100%| O|  |TAMS 0x0000000090100000| PB 0x0000000090000000| Untracked 
| 257|0x0000000090100000, 0x0000000090200000, 0x0000000090200000|100%| O|  |TAMS 0x0000000090200000| PB 0x0000000090100000| Untracked 
| 258|0x0000000090200000, 0x0000000090300000, 0x0000000090300000|100%| O|  |TAMS 0x0000000090300000| PB 0x0000000090200000| Untracked 
| 259|0x0000000090300000, 0x0000000090300000, 0x0000000090400000|  0%| F|  |TAMS 0x0000000090300000| PB 0x0000000090300000| Untracked 
| 260|0x0000000090400000, 0x0000000090500000, 0x0000000090500000|100%| O|  |TAMS 0x0000000090500000| PB 0x0000000090400000| Untracked 
| 261|0x0000000090500000, 0x0000000090500000, 0x0000000090600000|  0%| F|  |TAMS 0x0000000090500000| PB 0x0000000090500000| Untracked 
| 262|0x0000000090600000, 0x0000000090600000, 0x0000000090700000|  0%| F|  |TAMS 0x0000000090600000| PB 0x0000000090600000| Untracked 
| 263|0x0000000090700000, 0x0000000090700000, 0x0000000090800000|  0%| F|  |TAMS 0x0000000090700000| PB 0x0000000090700000| Untracked 
| 264|0x0000000090800000, 0x0000000090800000, 0x0000000090900000|  0%| F|  |TAMS 0x0000000090800000| PB 0x0000000090800000| Untracked 
| 265|0x0000000090900000, 0x0000000090a00000, 0x0000000090a00000|100%| O|  |TAMS 0x0000000090a00000| PB 0x0000000090900000| Untracked 
| 266|0x0000000090a00000, 0x0000000090a00000, 0x0000000090b00000|  0%| F|  |TAMS 0x0000000090a00000| PB 0x0000000090a00000| Untracked 
| 267|0x0000000090b00000, 0x0000000090c00000, 0x0000000090c00000|100%| O|  |TAMS 0x0000000090c00000| PB 0x0000000090b00000| Untracked 
| 268|0x0000000090c00000, 0x0000000090c00000, 0x0000000090d00000|  0%| F|  |TAMS 0x0000000090c00000| PB 0x0000000090c00000| Untracked 
| 269|0x0000000090d00000, 0x0000000090d00000, 0x0000000090e00000|  0%| F|  |TAMS 0x0000000090d00000| PB 0x0000000090d00000| Untracked 
| 270|0x0000000090e00000, 0x0000000090f00000, 0x0000000090f00000|100%| O|  |TAMS 0x0000000090f00000| PB 0x0000000090e00000| Untracked 
| 271|0x0000000090f00000, 0x0000000091000000, 0x0000000091000000|100%| O|  |TAMS 0x0000000091000000| PB 0x0000000090f00000| Untracked 
| 272|0x0000000091000000, 0x0000000091100000, 0x0000000091100000|100%| O|  |TAMS 0x0000000091100000| PB 0x0000000091000000| Untracked 
| 273|0x0000000091100000, 0x0000000091200000, 0x0000000091200000|100%| O|  |TAMS 0x0000000091200000| PB 0x0000000091100000| Untracked 
| 274|0x0000000091200000, 0x0000000091300000, 0x0000000091300000|100%| O|  |TAMS 0x0000000091300000| PB 0x0000000091200000| Untracked 
| 275|0x0000000091300000, 0x0000000091400000, 0x0000000091400000|100%| O|  |TAMS 0x0000000091400000| PB 0x0000000091300000| Untracked 
| 276|0x0000000091400000, 0x0000000091500000, 0x0000000091500000|100%| O|  |TAMS 0x0000000091500000| PB 0x0000000091400000| Untracked 
| 277|0x0000000091500000, 0x0000000091500000, 0x0000000091600000|  0%| F|  |TAMS 0x0000000091500000| PB 0x0000000091500000| Untracked 
| 278|0x0000000091600000, 0x0000000091600000, 0x0000000091700000|  0%| F|  |TAMS 0x0000000091600000| PB 0x0000000091600000| Untracked 
| 279|0x0000000091700000, 0x0000000091700000, 0x0000000091800000|  0%| F|  |TAMS 0x0000000091700000| PB 0x0000000091700000| Untracked 
| 280|0x0000000091800000, 0x0000000091800000, 0x0000000091900000|  0%| F|  |TAMS 0x0000000091800000| PB 0x0000000091800000| Untracked 
| 281|0x0000000091900000, 0x0000000091900000, 0x0000000091a00000|  0%| F|  |TAMS 0x0000000091900000| PB 0x0000000091900000| Untracked 
| 282|0x0000000091a00000, 0x0000000091a00000, 0x0000000091b00000|  0%| F|  |TAMS 0x0000000091a00000| PB 0x0000000091a00000| Untracked 
| 283|0x0000000091b00000, 0x0000000091b00000, 0x0000000091c00000|  0%| F|  |TAMS 0x0000000091b00000| PB 0x0000000091b00000| Untracked 
| 284|0x0000000091c00000, 0x0000000091c00000, 0x0000000091d00000|  0%| F|  |TAMS 0x0000000091c00000| PB 0x0000000091c00000| Untracked 
| 285|0x0000000091d00000, 0x0000000091d00000, 0x0000000091e00000|  0%| F|  |TAMS 0x0000000091d00000| PB 0x0000000091d00000| Untracked 
| 286|0x0000000091e00000, 0x0000000091e00000, 0x0000000091f00000|  0%| F|  |TAMS 0x0000000091e00000| PB 0x0000000091e00000| Untracked 
| 287|0x0000000091f00000, 0x0000000091f00000, 0x0000000092000000|  0%| F|  |TAMS 0x0000000091f00000| PB 0x0000000091f00000| Untracked 
| 288|0x0000000092000000, 0x0000000092000000, 0x0000000092100000|  0%| F|  |TAMS 0x0000000092000000| PB 0x0000000092000000| Untracked 
| 289|0x0000000092100000, 0x0000000092100000, 0x0000000092200000|  0%| F|  |TAMS 0x0000000092100000| PB 0x0000000092100000| Untracked 
| 290|0x0000000092200000, 0x0000000092200000, 0x0000000092300000|  0%| F|  |TAMS 0x0000000092200000| PB 0x0000000092200000| Untracked 
| 291|0x0000000092300000, 0x0000000092300000, 0x0000000092400000|  0%| F|  |TAMS 0x0000000092300000| PB 0x0000000092300000| Untracked 
| 292|0x0000000092400000, 0x0000000092400000, 0x0000000092500000|  0%| F|  |TAMS 0x0000000092400000| PB 0x0000000092400000| Untracked 
| 293|0x0000000092500000, 0x0000000092500000, 0x0000000092600000|  0%| F|  |TAMS 0x0000000092500000| PB 0x0000000092500000| Untracked 
| 294|0x0000000092600000, 0x0000000092600000, 0x0000000092700000|  0%| F|  |TAMS 0x0000000092600000| PB 0x0000000092600000| Untracked 
| 295|0x0000000092700000, 0x0000000092700000, 0x0000000092800000|  0%| F|  |TAMS 0x0000000092700000| PB 0x0000000092700000| Untracked 
| 296|0x0000000092800000, 0x0000000092800000, 0x0000000092900000|  0%| F|  |TAMS 0x0000000092800000| PB 0x0000000092800000| Untracked 
| 297|0x0000000092900000, 0x0000000092900000, 0x0000000092a00000|  0%| F|  |TAMS 0x0000000092900000| PB 0x0000000092900000| Untracked 
| 298|0x0000000092a00000, 0x0000000092a00000, 0x0000000092b00000|  0%| F|  |TAMS 0x0000000092a00000| PB 0x0000000092a00000| Untracked 
| 299|0x0000000092b00000, 0x0000000092b00000, 0x0000000092c00000|  0%| F|  |TAMS 0x0000000092b00000| PB 0x0000000092b00000| Untracked 
| 300|0x0000000092c00000, 0x0000000092c00000, 0x0000000092d00000|  0%| F|  |TAMS 0x0000000092c00000| PB 0x0000000092c00000| Untracked 
| 301|0x0000000092d00000, 0x0000000092d00000, 0x0000000092e00000|  0%| F|  |TAMS 0x0000000092d00000| PB 0x0000000092d00000| Untracked 
| 302|0x0000000092e00000, 0x0000000092e00000, 0x0000000092f00000|  0%| F|  |TAMS 0x0000000092e00000| PB 0x0000000092e00000| Untracked 
| 303|0x0000000092f00000, 0x0000000092f00000, 0x0000000093000000|  0%| F|  |TAMS 0x0000000092f00000| PB 0x0000000092f00000| Untracked 
| 304|0x0000000093000000, 0x0000000093000000, 0x0000000093100000|  0%| F|  |TAMS 0x0000000093000000| PB 0x0000000093000000| Untracked 
| 305|0x0000000093100000, 0x0000000093100000, 0x0000000093200000|  0%| F|  |TAMS 0x0000000093100000| PB 0x0000000093100000| Untracked 
| 306|0x0000000093200000, 0x0000000093200000, 0x0000000093300000|  0%| F|  |TAMS 0x0000000093200000| PB 0x0000000093200000| Untracked 
| 307|0x0000000093300000, 0x0000000093300000, 0x0000000093400000|  0%| F|  |TAMS 0x0000000093300000| PB 0x0000000093300000| Untracked 
| 308|0x0000000093400000, 0x0000000093400000, 0x0000000093500000|  0%| F|  |TAMS 0x0000000093400000| PB 0x0000000093400000| Untracked 
| 309|0x0000000093500000, 0x0000000093500000, 0x0000000093600000|  0%| F|  |TAMS 0x0000000093500000| PB 0x0000000093500000| Untracked 
| 310|0x0000000093600000, 0x0000000093600000, 0x0000000093700000|  0%| F|  |TAMS 0x0000000093600000| PB 0x0000000093600000| Untracked 
| 311|0x0000000093700000, 0x0000000093700000, 0x0000000093800000|  0%| F|  |TAMS 0x0000000093700000| PB 0x0000000093700000| Untracked 
| 312|0x0000000093800000, 0x0000000093800000, 0x0000000093900000|  0%| F|  |TAMS 0x0000000093800000| PB 0x0000000093800000| Untracked 
| 313|0x0000000093900000, 0x0000000093900000, 0x0000000093a00000|  0%| F|  |TAMS 0x0000000093900000| PB 0x0000000093900000| Untracked 
| 314|0x0000000093a00000, 0x0000000093a00000, 0x0000000093b00000|  0%| F|  |TAMS 0x0000000093a00000| PB 0x0000000093a00000| Untracked 
| 315|0x0000000093b00000, 0x0000000093b00000, 0x0000000093c00000|  0%| F|  |TAMS 0x0000000093b00000| PB 0x0000000093b00000| Untracked 
| 316|0x0000000093c00000, 0x0000000093c00000, 0x0000000093d00000|  0%| F|  |TAMS 0x0000000093c00000| PB 0x0000000093c00000| Untracked 
| 317|0x0000000093d00000, 0x0000000093d00000, 0x0000000093e00000|  0%| F|  |TAMS 0x0000000093d00000| PB 0x0000000093d00000| Untracked 
| 318|0x0000000093e00000, 0x0000000093e00000, 0x0000000093f00000|  0%| F|  |TAMS 0x0000000093e00000| PB 0x0000000093e00000| Untracked 
| 319|0x0000000093f00000, 0x0000000093f00000, 0x0000000094000000|  0%| F|  |TAMS 0x0000000093f00000| PB 0x0000000093f00000| Untracked 
| 320|0x0000000094000000, 0x0000000094000000, 0x0000000094100000|  0%| F|  |TAMS 0x0000000094000000| PB 0x0000000094000000| Untracked 
| 321|0x0000000094100000, 0x0000000094100000, 0x0000000094200000|  0%| F|  |TAMS 0x0000000094100000| PB 0x0000000094100000| Untracked 
| 322|0x0000000094200000, 0x0000000094200000, 0x0000000094300000|  0%| F|  |TAMS 0x0000000094200000| PB 0x0000000094200000| Untracked 
| 323|0x0000000094300000, 0x0000000094300000, 0x0000000094400000|  0%| F|  |TAMS 0x0000000094300000| PB 0x0000000094300000| Untracked 
| 324|0x0000000094400000, 0x0000000094400000, 0x0000000094500000|  0%| F|  |TAMS 0x0000000094400000| PB 0x0000000094400000| Untracked 
| 325|0x0000000094500000, 0x0000000094500000, 0x0000000094600000|  0%| F|  |TAMS 0x0000000094500000| PB 0x0000000094500000| Untracked 
| 326|0x0000000094600000, 0x0000000094600000, 0x0000000094700000|  0%| F|  |TAMS 0x0000000094600000| PB 0x0000000094600000| Untracked 
| 327|0x0000000094700000, 0x0000000094700000, 0x0000000094800000|  0%| F|  |TAMS 0x0000000094700000| PB 0x0000000094700000| Untracked 
| 328|0x0000000094800000, 0x0000000094800000, 0x0000000094900000|  0%| F|  |TAMS 0x0000000094800000| PB 0x0000000094800000| Untracked 
| 329|0x0000000094900000, 0x0000000094900000, 0x0000000094a00000|  0%| F|  |TAMS 0x0000000094900000| PB 0x0000000094900000| Untracked 
| 330|0x0000000094a00000, 0x0000000094a00000, 0x0000000094b00000|  0%| F|  |TAMS 0x0000000094a00000| PB 0x0000000094a00000| Untracked 
| 331|0x0000000094b00000, 0x0000000094b00000, 0x0000000094c00000|  0%| F|  |TAMS 0x0000000094b00000| PB 0x0000000094b00000| Untracked 
| 332|0x0000000094c00000, 0x0000000094c00000, 0x0000000094d00000|  0%| F|  |TAMS 0x0000000094c00000| PB 0x0000000094c00000| Untracked 
| 333|0x0000000094d00000, 0x0000000094d00000, 0x0000000094e00000|  0%| F|  |TAMS 0x0000000094d00000| PB 0x0000000094d00000| Untracked 
| 334|0x0000000094e00000, 0x0000000094e00000, 0x0000000094f00000|  0%| F|  |TAMS 0x0000000094e00000| PB 0x0000000094e00000| Untracked 
| 335|0x0000000094f00000, 0x0000000094f00000, 0x0000000095000000|  0%| F|  |TAMS 0x0000000094f00000| PB 0x0000000094f00000| Untracked 
| 336|0x0000000095000000, 0x0000000095000000, 0x0000000095100000|  0%| F|  |TAMS 0x0000000095000000| PB 0x0000000095000000| Untracked 
| 337|0x0000000095100000, 0x0000000095100000, 0x0000000095200000|  0%| F|  |TAMS 0x0000000095100000| PB 0x0000000095100000| Untracked 
| 338|0x0000000095200000, 0x0000000095200000, 0x0000000095300000|  0%| F|  |TAMS 0x0000000095200000| PB 0x0000000095200000| Untracked 
| 339|0x0000000095300000, 0x0000000095300000, 0x0000000095400000|  0%| F|  |TAMS 0x0000000095300000| PB 0x0000000095300000| Untracked 
| 340|0x0000000095400000, 0x0000000095400000, 0x0000000095500000|  0%| F|  |TAMS 0x0000000095400000| PB 0x0000000095400000| Untracked 
| 341|0x0000000095500000, 0x0000000095500000, 0x0000000095600000|  0%| F|  |TAMS 0x0000000095500000| PB 0x0000000095500000| Untracked 
| 342|0x0000000095600000, 0x0000000095600000, 0x0000000095700000|  0%| F|  |TAMS 0x0000000095600000| PB 0x0000000095600000| Untracked 
| 343|0x0000000095700000, 0x0000000095700000, 0x0000000095800000|  0%| F|  |TAMS 0x0000000095700000| PB 0x0000000095700000| Untracked 
| 344|0x0000000095800000, 0x0000000095800000, 0x0000000095900000|  0%| F|  |TAMS 0x0000000095800000| PB 0x0000000095800000| Untracked 
| 345|0x0000000095900000, 0x0000000095900000, 0x0000000095a00000|  0%| F|  |TAMS 0x0000000095900000| PB 0x0000000095900000| Untracked 
| 346|0x0000000095a00000, 0x0000000095a00000, 0x0000000095b00000|  0%| F|  |TAMS 0x0000000095a00000| PB 0x0000000095a00000| Untracked 
| 347|0x0000000095b00000, 0x0000000095b00000, 0x0000000095c00000|  0%| F|  |TAMS 0x0000000095b00000| PB 0x0000000095b00000| Untracked 
| 348|0x0000000095c00000, 0x0000000095c00000, 0x0000000095d00000|  0%| F|  |TAMS 0x0000000095c00000| PB 0x0000000095c00000| Untracked 
| 349|0x0000000095d00000, 0x0000000095d00000, 0x0000000095e00000|  0%| F|  |TAMS 0x0000000095d00000| PB 0x0000000095d00000| Untracked 
| 350|0x0000000095e00000, 0x0000000095e00000, 0x0000000095f00000|  0%| F|  |TAMS 0x0000000095e00000| PB 0x0000000095e00000| Untracked 
| 351|0x0000000095f00000, 0x0000000095f00000, 0x0000000096000000|  0%| F|  |TAMS 0x0000000095f00000| PB 0x0000000095f00000| Untracked 
| 352|0x0000000096000000, 0x0000000096000000, 0x0000000096100000|  0%| F|  |TAMS 0x0000000096000000| PB 0x0000000096000000| Untracked 
| 353|0x0000000096100000, 0x0000000096100000, 0x0000000096200000|  0%| F|  |TAMS 0x0000000096100000| PB 0x0000000096100000| Untracked 
| 354|0x0000000096200000, 0x0000000096200000, 0x0000000096300000|  0%| F|  |TAMS 0x0000000096200000| PB 0x0000000096200000| Untracked 
| 355|0x0000000096300000, 0x0000000096300000, 0x0000000096400000|  0%| F|  |TAMS 0x0000000096300000| PB 0x0000000096300000| Untracked 
| 356|0x0000000096400000, 0x0000000096400000, 0x0000000096500000|  0%| F|  |TAMS 0x0000000096400000| PB 0x0000000096400000| Untracked 
| 357|0x0000000096500000, 0x0000000096500000, 0x0000000096600000|  0%| F|  |TAMS 0x0000000096500000| PB 0x0000000096500000| Untracked 
| 358|0x0000000096600000, 0x0000000096600000, 0x0000000096700000|  0%| F|  |TAMS 0x0000000096600000| PB 0x0000000096600000| Untracked 
| 359|0x0000000096700000, 0x0000000096700000, 0x0000000096800000|  0%| F|  |TAMS 0x0000000096700000| PB 0x0000000096700000| Untracked 
| 360|0x0000000096800000, 0x0000000096800000, 0x0000000096900000|  0%| F|  |TAMS 0x0000000096800000| PB 0x0000000096800000| Untracked 
| 361|0x0000000096900000, 0x0000000096900000, 0x0000000096a00000|  0%| F|  |TAMS 0x0000000096900000| PB 0x0000000096900000| Untracked 
| 362|0x0000000096a00000, 0x0000000096a00000, 0x0000000096b00000|  0%| F|  |TAMS 0x0000000096a00000| PB 0x0000000096a00000| Untracked 
| 363|0x0000000096b00000, 0x0000000096b00000, 0x0000000096c00000|  0%| F|  |TAMS 0x0000000096b00000| PB 0x0000000096b00000| Untracked 
| 364|0x0000000096c00000, 0x0000000096c00000, 0x0000000096d00000|  0%| F|  |TAMS 0x0000000096c00000| PB 0x0000000096c00000| Untracked 
| 365|0x0000000096d00000, 0x0000000096d00000, 0x0000000096e00000|  0%| F|  |TAMS 0x0000000096d00000| PB 0x0000000096d00000| Untracked 
| 366|0x0000000096e00000, 0x0000000096e00000, 0x0000000096f00000|  0%| F|  |TAMS 0x0000000096e00000| PB 0x0000000096e00000| Untracked 
| 367|0x0000000096f00000, 0x0000000096f00000, 0x0000000097000000|  0%| F|  |TAMS 0x0000000096f00000| PB 0x0000000096f00000| Untracked 
| 368|0x0000000097000000, 0x0000000097000000, 0x0000000097100000|  0%| F|  |TAMS 0x0000000097000000| PB 0x0000000097000000| Untracked 
| 369|0x0000000097100000, 0x0000000097100000, 0x0000000097200000|  0%| F|  |TAMS 0x0000000097100000| PB 0x0000000097100000| Untracked 
| 370|0x0000000097200000, 0x0000000097200000, 0x0000000097300000|  0%| F|  |TAMS 0x0000000097200000| PB 0x0000000097200000| Untracked 
| 371|0x0000000097300000, 0x0000000097300000, 0x0000000097400000|  0%| F|  |TAMS 0x0000000097300000| PB 0x0000000097300000| Untracked 
| 372|0x0000000097400000, 0x0000000097400000, 0x0000000097500000|  0%| F|  |TAMS 0x0000000097400000| PB 0x0000000097400000| Untracked 
| 373|0x0000000097500000, 0x0000000097500000, 0x0000000097600000|  0%| F|  |TAMS 0x0000000097500000| PB 0x0000000097500000| Untracked 
| 374|0x0000000097600000, 0x0000000097600000, 0x0000000097700000|  0%| F|  |TAMS 0x0000000097600000| PB 0x0000000097600000| Untracked 
| 375|0x0000000097700000, 0x0000000097700000, 0x0000000097800000|  0%| F|  |TAMS 0x0000000097700000| PB 0x0000000097700000| Untracked 
| 376|0x0000000097800000, 0x0000000097800000, 0x0000000097900000|  0%| F|  |TAMS 0x0000000097800000| PB 0x0000000097800000| Untracked 
| 377|0x0000000097900000, 0x0000000097900000, 0x0000000097a00000|  0%| F|  |TAMS 0x0000000097900000| PB 0x0000000097900000| Untracked 
| 378|0x0000000097a00000, 0x0000000097a00000, 0x0000000097b00000|  0%| F|  |TAMS 0x0000000097a00000| PB 0x0000000097a00000| Untracked 
| 379|0x0000000097b00000, 0x0000000097b00000, 0x0000000097c00000|  0%| F|  |TAMS 0x0000000097b00000| PB 0x0000000097b00000| Untracked 
| 380|0x0000000097c00000, 0x0000000097c00000, 0x0000000097d00000|  0%| F|  |TAMS 0x0000000097c00000| PB 0x0000000097c00000| Untracked 
| 381|0x0000000097d00000, 0x0000000097d00000, 0x0000000097e00000|  0%| F|  |TAMS 0x0000000097d00000| PB 0x0000000097d00000| Untracked 
| 382|0x0000000097e00000, 0x0000000097e00000, 0x0000000097f00000|  0%| F|  |TAMS 0x0000000097e00000| PB 0x0000000097e00000| Untracked 
| 383|0x0000000097f00000, 0x0000000097f00000, 0x0000000098000000|  0%| F|  |TAMS 0x0000000097f00000| PB 0x0000000097f00000| Untracked 
| 384|0x0000000098000000, 0x0000000098000000, 0x0000000098100000|  0%| F|  |TAMS 0x0000000098000000| PB 0x0000000098000000| Untracked 
| 385|0x0000000098100000, 0x0000000098100000, 0x0000000098200000|  0%| F|  |TAMS 0x0000000098100000| PB 0x0000000098100000| Untracked 
| 386|0x0000000098200000, 0x0000000098200000, 0x0000000098300000|  0%| F|  |TAMS 0x0000000098200000| PB 0x0000000098200000| Untracked 
| 387|0x0000000098300000, 0x0000000098300000, 0x0000000098400000|  0%| F|  |TAMS 0x0000000098300000| PB 0x0000000098300000| Untracked 
| 388|0x0000000098400000, 0x0000000098400000, 0x0000000098500000|  0%| F|  |TAMS 0x0000000098400000| PB 0x0000000098400000| Untracked 
| 389|0x0000000098500000, 0x0000000098500000, 0x0000000098600000|  0%| F|  |TAMS 0x0000000098500000| PB 0x0000000098500000| Untracked 
| 390|0x0000000098600000, 0x0000000098600000, 0x0000000098700000|  0%| F|  |TAMS 0x0000000098600000| PB 0x0000000098600000| Untracked 
| 391|0x0000000098700000, 0x0000000098700000, 0x0000000098800000|  0%| F|  |TAMS 0x0000000098700000| PB 0x0000000098700000| Untracked 
| 392|0x0000000098800000, 0x0000000098800000, 0x0000000098900000|  0%| F|  |TAMS 0x0000000098800000| PB 0x0000000098800000| Untracked 
| 393|0x0000000098900000, 0x0000000098900000, 0x0000000098a00000|  0%| F|  |TAMS 0x0000000098900000| PB 0x0000000098900000| Untracked 
| 394|0x0000000098a00000, 0x0000000098a00000, 0x0000000098b00000|  0%| F|  |TAMS 0x0000000098a00000| PB 0x0000000098a00000| Untracked 
| 395|0x0000000098b00000, 0x0000000098b00000, 0x0000000098c00000|  0%| F|  |TAMS 0x0000000098b00000| PB 0x0000000098b00000| Untracked 
| 396|0x0000000098c00000, 0x0000000098c00000, 0x0000000098d00000|  0%| F|  |TAMS 0x0000000098c00000| PB 0x0000000098c00000| Untracked 
| 397|0x0000000098d00000, 0x0000000098d00000, 0x0000000098e00000|  0%| F|  |TAMS 0x0000000098d00000| PB 0x0000000098d00000| Untracked 
| 398|0x0000000098e00000, 0x0000000098e00000, 0x0000000098f00000|  0%| F|  |TAMS 0x0000000098e00000| PB 0x0000000098e00000| Untracked 
| 399|0x0000000098f00000, 0x0000000098f00000, 0x0000000099000000|  0%| F|  |TAMS 0x0000000098f00000| PB 0x0000000098f00000| Untracked 
| 400|0x0000000099000000, 0x0000000099000000, 0x0000000099100000|  0%| F|  |TAMS 0x0000000099000000| PB 0x0000000099000000| Untracked 
| 401|0x0000000099100000, 0x0000000099100000, 0x0000000099200000|  0%| F|  |TAMS 0x0000000099100000| PB 0x0000000099100000| Untracked 
| 402|0x0000000099200000, 0x0000000099200000, 0x0000000099300000|  0%| F|  |TAMS 0x0000000099200000| PB 0x0000000099200000| Untracked 
| 403|0x0000000099300000, 0x0000000099300000, 0x0000000099400000|  0%| F|  |TAMS 0x0000000099300000| PB 0x0000000099300000| Untracked 
| 404|0x0000000099400000, 0x0000000099400000, 0x0000000099500000|  0%| F|  |TAMS 0x0000000099400000| PB 0x0000000099400000| Untracked 
| 405|0x0000000099500000, 0x0000000099500000, 0x0000000099600000|  0%| F|  |TAMS 0x0000000099500000| PB 0x0000000099500000| Untracked 
| 406|0x0000000099600000, 0x0000000099600000, 0x0000000099700000|  0%| F|  |TAMS 0x0000000099600000| PB 0x0000000099600000| Untracked 
| 407|0x0000000099700000, 0x0000000099700000, 0x0000000099800000|  0%| F|  |TAMS 0x0000000099700000| PB 0x0000000099700000| Untracked 
| 408|0x0000000099800000, 0x0000000099800000, 0x0000000099900000|  0%| F|  |TAMS 0x0000000099800000| PB 0x0000000099800000| Untracked 
| 409|0x0000000099900000, 0x0000000099900000, 0x0000000099a00000|  0%| F|  |TAMS 0x0000000099900000| PB 0x0000000099900000| Untracked 
| 410|0x0000000099a00000, 0x0000000099a00000, 0x0000000099b00000|  0%| F|  |TAMS 0x0000000099a00000| PB 0x0000000099a00000| Untracked 
| 411|0x0000000099b00000, 0x0000000099b00000, 0x0000000099c00000|  0%| F|  |TAMS 0x0000000099b00000| PB 0x0000000099b00000| Untracked 
| 412|0x0000000099c00000, 0x0000000099c00000, 0x0000000099d00000|  0%| F|  |TAMS 0x0000000099c00000| PB 0x0000000099c00000| Untracked 
| 413|0x0000000099d00000, 0x0000000099d00000, 0x0000000099e00000|  0%| F|  |TAMS 0x0000000099d00000| PB 0x0000000099d00000| Untracked 
| 414|0x0000000099e00000, 0x0000000099e00000, 0x0000000099f00000|  0%| F|  |TAMS 0x0000000099e00000| PB 0x0000000099e00000| Untracked 
| 415|0x0000000099f00000, 0x0000000099f00000, 0x000000009a000000|  0%| F|  |TAMS 0x0000000099f00000| PB 0x0000000099f00000| Untracked 
| 416|0x000000009a000000, 0x000000009a000000, 0x000000009a100000|  0%| F|  |TAMS 0x000000009a000000| PB 0x000000009a000000| Untracked 
| 417|0x000000009a100000, 0x000000009a100000, 0x000000009a200000|  0%| F|  |TAMS 0x000000009a100000| PB 0x000000009a100000| Untracked 
| 418|0x000000009a200000, 0x000000009a200000, 0x000000009a300000|  0%| F|  |TAMS 0x000000009a200000| PB 0x000000009a200000| Untracked 
| 419|0x000000009a300000, 0x000000009a300000, 0x000000009a400000|  0%| F|  |TAMS 0x000000009a300000| PB 0x000000009a300000| Untracked 
| 420|0x000000009a400000, 0x000000009a400000, 0x000000009a500000|  0%| F|  |TAMS 0x000000009a400000| PB 0x000000009a400000| Untracked 
| 421|0x000000009a500000, 0x000000009a500000, 0x000000009a600000|  0%| F|  |TAMS 0x000000009a500000| PB 0x000000009a500000| Untracked 
| 422|0x000000009a600000, 0x000000009a600000, 0x000000009a700000|  0%| F|  |TAMS 0x000000009a600000| PB 0x000000009a600000| Untracked 
| 423|0x000000009a700000, 0x000000009a700000, 0x000000009a800000|  0%| F|  |TAMS 0x000000009a700000| PB 0x000000009a700000| Untracked 
| 424|0x000000009a800000, 0x000000009a800000, 0x000000009a900000|  0%| F|  |TAMS 0x000000009a800000| PB 0x000000009a800000| Untracked 
| 425|0x000000009a900000, 0x000000009a900000, 0x000000009aa00000|  0%| F|  |TAMS 0x000000009a900000| PB 0x000000009a900000| Untracked 
| 426|0x000000009aa00000, 0x000000009aa00000, 0x000000009ab00000|  0%| F|  |TAMS 0x000000009aa00000| PB 0x000000009aa00000| Untracked 
| 427|0x000000009ab00000, 0x000000009ab00000, 0x000000009ac00000|  0%| F|  |TAMS 0x000000009ab00000| PB 0x000000009ab00000| Untracked 
| 428|0x000000009ac00000, 0x000000009ac00000, 0x000000009ad00000|  0%| F|  |TAMS 0x000000009ac00000| PB 0x000000009ac00000| Untracked 
| 429|0x000000009ad00000, 0x000000009ad00000, 0x000000009ae00000|  0%| F|  |TAMS 0x000000009ad00000| PB 0x000000009ad00000| Untracked 
| 430|0x000000009ae00000, 0x000000009ae00000, 0x000000009af00000|  0%| F|  |TAMS 0x000000009ae00000| PB 0x000000009ae00000| Untracked 
| 431|0x000000009af00000, 0x000000009af00000, 0x000000009b000000|  0%| F|  |TAMS 0x000000009af00000| PB 0x000000009af00000| Untracked 
| 432|0x000000009b000000, 0x000000009b000000, 0x000000009b100000|  0%| F|  |TAMS 0x000000009b000000| PB 0x000000009b000000| Untracked 
| 433|0x000000009b100000, 0x000000009b100000, 0x000000009b200000|  0%| F|  |TAMS 0x000000009b100000| PB 0x000000009b100000| Untracked 
| 434|0x000000009b200000, 0x000000009b200000, 0x000000009b300000|  0%| F|  |TAMS 0x000000009b200000| PB 0x000000009b200000| Untracked 
| 435|0x000000009b300000, 0x000000009b300000, 0x000000009b400000|  0%| F|  |TAMS 0x000000009b300000| PB 0x000000009b300000| Untracked 
| 436|0x000000009b400000, 0x000000009b400000, 0x000000009b500000|  0%| F|  |TAMS 0x000000009b400000| PB 0x000000009b400000| Untracked 
| 437|0x000000009b500000, 0x000000009b500000, 0x000000009b600000|  0%| F|  |TAMS 0x000000009b500000| PB 0x000000009b500000| Untracked 
| 438|0x000000009b600000, 0x000000009b600000, 0x000000009b700000|  0%| F|  |TAMS 0x000000009b600000| PB 0x000000009b600000| Untracked 
| 439|0x000000009b700000, 0x000000009b700000, 0x000000009b800000|  0%| F|  |TAMS 0x000000009b700000| PB 0x000000009b700000| Untracked 
| 440|0x000000009b800000, 0x000000009b800000, 0x000000009b900000|  0%| F|  |TAMS 0x000000009b800000| PB 0x000000009b800000| Untracked 
| 441|0x000000009b900000, 0x000000009b900000, 0x000000009ba00000|  0%| F|  |TAMS 0x000000009b900000| PB 0x000000009b900000| Untracked 
| 442|0x000000009ba00000, 0x000000009ba00000, 0x000000009bb00000|  0%| F|  |TAMS 0x000000009ba00000| PB 0x000000009ba00000| Untracked 
| 443|0x000000009bb00000, 0x000000009bb00000, 0x000000009bc00000|  0%| F|  |TAMS 0x000000009bb00000| PB 0x000000009bb00000| Untracked 
| 444|0x000000009bc00000, 0x000000009bc00000, 0x000000009bd00000|  0%| F|  |TAMS 0x000000009bc00000| PB 0x000000009bc00000| Untracked 
| 445|0x000000009bd00000, 0x000000009bd00000, 0x000000009be00000|  0%| F|  |TAMS 0x000000009bd00000| PB 0x000000009bd00000| Untracked 
| 446|0x000000009be00000, 0x000000009be00000, 0x000000009bf00000|  0%| F|  |TAMS 0x000000009be00000| PB 0x000000009be00000| Untracked 
| 447|0x000000009bf00000, 0x000000009bf00000, 0x000000009c000000|  0%| F|  |TAMS 0x000000009bf00000| PB 0x000000009bf00000| Untracked 
| 448|0x000000009c000000, 0x000000009c000000, 0x000000009c100000|  0%| F|  |TAMS 0x000000009c000000| PB 0x000000009c000000| Untracked 
| 449|0x000000009c100000, 0x000000009c100000, 0x000000009c200000|  0%| F|  |TAMS 0x000000009c100000| PB 0x000000009c100000| Untracked 
| 450|0x000000009c200000, 0x000000009c200000, 0x000000009c300000|  0%| F|  |TAMS 0x000000009c200000| PB 0x000000009c200000| Untracked 
| 451|0x000000009c300000, 0x000000009c300000, 0x000000009c400000|  0%| F|  |TAMS 0x000000009c300000| PB 0x000000009c300000| Untracked 
| 452|0x000000009c400000, 0x000000009c400000, 0x000000009c500000|  0%| F|  |TAMS 0x000000009c400000| PB 0x000000009c400000| Untracked 
| 453|0x000000009c500000, 0x000000009c500000, 0x000000009c600000|  0%| F|  |TAMS 0x000000009c500000| PB 0x000000009c500000| Untracked 
| 454|0x000000009c600000, 0x000000009c600000, 0x000000009c700000|  0%| F|  |TAMS 0x000000009c600000| PB 0x000000009c600000| Untracked 
| 455|0x000000009c700000, 0x000000009c700000, 0x000000009c800000|  0%| F|  |TAMS 0x000000009c700000| PB 0x000000009c700000| Untracked 
| 456|0x000000009c800000, 0x000000009c800000, 0x000000009c900000|  0%| F|  |TAMS 0x000000009c800000| PB 0x000000009c800000| Untracked 
| 457|0x000000009c900000, 0x000000009c900000, 0x000000009ca00000|  0%| F|  |TAMS 0x000000009c900000| PB 0x000000009c900000| Untracked 
| 458|0x000000009ca00000, 0x000000009ca00000, 0x000000009cb00000|  0%| F|  |TAMS 0x000000009ca00000| PB 0x000000009ca00000| Untracked 
| 459|0x000000009cb00000, 0x000000009cb00000, 0x000000009cc00000|  0%| F|  |TAMS 0x000000009cb00000| PB 0x000000009cb00000| Untracked 
| 460|0x000000009cc00000, 0x000000009cc00000, 0x000000009cd00000|  0%| F|  |TAMS 0x000000009cc00000| PB 0x000000009cc00000| Untracked 
| 461|0x000000009cd00000, 0x000000009cd00000, 0x000000009ce00000|  0%| F|  |TAMS 0x000000009cd00000| PB 0x000000009cd00000| Untracked 
| 462|0x000000009ce00000, 0x000000009ce00000, 0x000000009cf00000|  0%| F|  |TAMS 0x000000009ce00000| PB 0x000000009ce00000| Untracked 
| 463|0x000000009cf00000, 0x000000009cf00000, 0x000000009d000000|  0%| F|  |TAMS 0x000000009cf00000| PB 0x000000009cf00000| Untracked 
| 464|0x000000009d000000, 0x000000009d000000, 0x000000009d100000|  0%| F|  |TAMS 0x000000009d000000| PB 0x000000009d000000| Untracked 
| 465|0x000000009d100000, 0x000000009d100000, 0x000000009d200000|  0%| F|  |TAMS 0x000000009d100000| PB 0x000000009d100000| Untracked 
| 466|0x000000009d200000, 0x000000009d200000, 0x000000009d300000|  0%| F|  |TAMS 0x000000009d200000| PB 0x000000009d200000| Untracked 
| 467|0x000000009d300000, 0x000000009d300000, 0x000000009d400000|  0%| F|  |TAMS 0x000000009d300000| PB 0x000000009d300000| Untracked 
| 468|0x000000009d400000, 0x000000009d4528c8, 0x000000009d500000| 32%| S|CS|TAMS 0x000000009d400000| PB 0x000000009d400000| Complete 
| 469|0x000000009d500000, 0x000000009d600000, 0x000000009d600000|100%| S|CS|TAMS 0x000000009d500000| PB 0x000000009d500000| Complete 
| 470|0x000000009d600000, 0x000000009d700000, 0x000000009d700000|100%| S|CS|TAMS 0x000000009d600000| PB 0x000000009d600000| Complete 
| 471|0x000000009d700000, 0x000000009d800000, 0x000000009d800000|100%| S|CS|TAMS 0x000000009d700000| PB 0x000000009d700000| Complete 
| 472|0x000000009d800000, 0x000000009d900000, 0x000000009d900000|100%| S|CS|TAMS 0x000000009d800000| PB 0x000000009d800000| Complete 
| 473|0x000000009d900000, 0x000000009da00000, 0x000000009da00000|100%| S|CS|TAMS 0x000000009d900000| PB 0x000000009d900000| Complete 
| 474|0x000000009da00000, 0x000000009db00000, 0x000000009db00000|100%| S|CS|TAMS 0x000000009da00000| PB 0x000000009da00000| Complete 
| 475|0x000000009db00000, 0x000000009dc00000, 0x000000009dc00000|100%| S|CS|TAMS 0x000000009db00000| PB 0x000000009db00000| Complete 
| 476|0x000000009dc00000, 0x000000009dd00000, 0x000000009dd00000|100%| S|CS|TAMS 0x000000009dc00000| PB 0x000000009dc00000| Complete 
| 477|0x000000009dd00000, 0x000000009de00000, 0x000000009de00000|100%| S|CS|TAMS 0x000000009dd00000| PB 0x000000009dd00000| Complete 
| 478|0x000000009de00000, 0x000000009df00000, 0x000000009df00000|100%| S|CS|TAMS 0x000000009de00000| PB 0x000000009de00000| Complete 
| 479|0x000000009df00000, 0x000000009e000000, 0x000000009e000000|100%| S|CS|TAMS 0x000000009df00000| PB 0x000000009df00000| Complete 
| 480|0x000000009e000000, 0x000000009e100000, 0x000000009e100000|100%| S|CS|TAMS 0x000000009e000000| PB 0x000000009e000000| Complete 
| 481|0x000000009e100000, 0x000000009e200000, 0x000000009e200000|100%| S|CS|TAMS 0x000000009e100000| PB 0x000000009e100000| Complete 
| 482|0x000000009e200000, 0x000000009e300000, 0x000000009e300000|100%| S|CS|TAMS 0x000000009e200000| PB 0x000000009e200000| Complete 
| 483|0x000000009e300000, 0x000000009e400000, 0x000000009e400000|100%| S|CS|TAMS 0x000000009e300000| PB 0x000000009e300000| Complete 
| 484|0x000000009e400000, 0x000000009e500000, 0x000000009e500000|100%| S|CS|TAMS 0x000000009e400000| PB 0x000000009e400000| Complete 
| 485|0x000000009e500000, 0x000000009e600000, 0x000000009e600000|100%| S|CS|TAMS 0x000000009e500000| PB 0x000000009e500000| Complete 
| 486|0x000000009e600000, 0x000000009e700000, 0x000000009e700000|100%| S|CS|TAMS 0x000000009e600000| PB 0x000000009e600000| Complete 
| 487|0x000000009e700000, 0x000000009e800000, 0x000000009e800000|100%| S|CS|TAMS 0x000000009e700000| PB 0x000000009e700000| Complete 
| 488|0x000000009e800000, 0x000000009e900000, 0x000000009e900000|100%| S|CS|TAMS 0x000000009e800000| PB 0x000000009e800000| Complete 
| 489|0x000000009e900000, 0x000000009ea00000, 0x000000009ea00000|100%| S|CS|TAMS 0x000000009e900000| PB 0x000000009e900000| Complete 
| 490|0x000000009ea00000, 0x000000009eb00000, 0x000000009eb00000|100%| S|CS|TAMS 0x000000009ea00000| PB 0x000000009ea00000| Complete 
| 491|0x000000009eb00000, 0x000000009ec00000, 0x000000009ec00000|100%| S|CS|TAMS 0x000000009eb00000| PB 0x000000009eb00000| Complete 
| 492|0x000000009ec00000, 0x000000009ed00000, 0x000000009ed00000|100%| S|CS|TAMS 0x000000009ec00000| PB 0x000000009ec00000| Complete 
| 493|0x000000009ed00000, 0x000000009ee00000, 0x000000009ee00000|100%| S|CS|TAMS 0x000000009ed00000| PB 0x000000009ed00000| Complete 
| 494|0x000000009ee00000, 0x000000009ee00000, 0x000000009ef00000|  0%| F|  |TAMS 0x000000009ee00000| PB 0x000000009ee00000| Untracked 
| 495|0x000000009ef00000, 0x000000009ef00000, 0x000000009f000000|  0%| F|  |TAMS 0x000000009ef00000| PB 0x000000009ef00000| Untracked 
| 496|0x000000009f000000, 0x000000009f000000, 0x000000009f100000|  0%| F|  |TAMS 0x000000009f000000| PB 0x000000009f000000| Untracked 
| 497|0x000000009f100000, 0x000000009f100000, 0x000000009f200000|  0%| F|  |TAMS 0x000000009f100000| PB 0x000000009f100000| Untracked 
| 498|0x000000009f200000, 0x000000009f200000, 0x000000009f300000|  0%| F|  |TAMS 0x000000009f200000| PB 0x000000009f200000| Untracked 
| 499|0x000000009f300000, 0x000000009f300000, 0x000000009f400000|  0%| F|  |TAMS 0x000000009f300000| PB 0x000000009f300000| Untracked 
| 500|0x000000009f400000, 0x000000009f400000, 0x000000009f500000|  0%| F|  |TAMS 0x000000009f400000| PB 0x000000009f400000| Untracked 
| 501|0x000000009f500000, 0x000000009f500000, 0x000000009f600000|  0%| F|  |TAMS 0x000000009f500000| PB 0x000000009f500000| Untracked 
| 502|0x000000009f600000, 0x000000009f600000, 0x000000009f700000|  0%| F|  |TAMS 0x000000009f600000| PB 0x000000009f600000| Untracked 
| 503|0x000000009f700000, 0x000000009f700000, 0x000000009f800000|  0%| F|  |TAMS 0x000000009f700000| PB 0x000000009f700000| Untracked 
| 504|0x000000009f800000, 0x000000009f800000, 0x000000009f900000|  0%| F|  |TAMS 0x000000009f800000| PB 0x000000009f800000| Untracked 
| 505|0x000000009f900000, 0x000000009f900000, 0x000000009fa00000|  0%| F|  |TAMS 0x000000009f900000| PB 0x000000009f900000| Untracked 
| 506|0x000000009fa00000, 0x000000009fa00000, 0x000000009fb00000|  0%| F|  |TAMS 0x000000009fa00000| PB 0x000000009fa00000| Untracked 
| 507|0x000000009fb00000, 0x000000009fb00000, 0x000000009fc00000|  0%| F|  |TAMS 0x000000009fb00000| PB 0x000000009fb00000| Untracked 
| 508|0x000000009fc00000, 0x000000009fc00000, 0x000000009fd00000|  0%| F|  |TAMS 0x000000009fc00000| PB 0x000000009fc00000| Untracked 
| 509|0x000000009fd00000, 0x000000009fd00000, 0x000000009fe00000|  0%| F|  |TAMS 0x000000009fd00000| PB 0x000000009fd00000| Untracked 
| 510|0x000000009fe00000, 0x000000009fe00000, 0x000000009ff00000|  0%| F|  |TAMS 0x000000009fe00000| PB 0x000000009fe00000| Untracked 
| 511|0x000000009ff00000, 0x000000009ff00000, 0x00000000a0000000|  0%| F|  |TAMS 0x000000009ff00000| PB 0x000000009ff00000| Untracked 
| 512|0x00000000a0000000, 0x00000000a0000000, 0x00000000a0100000|  0%| F|  |TAMS 0x00000000a0000000| PB 0x00000000a0000000| Untracked 
| 513|0x00000000a0100000, 0x00000000a0100000, 0x00000000a0200000|  0%| F|  |TAMS 0x00000000a0100000| PB 0x00000000a0100000| Untracked 
| 514|0x00000000a0200000, 0x00000000a0200000, 0x00000000a0300000|  0%| F|  |TAMS 0x00000000a0200000| PB 0x00000000a0200000| Untracked 
| 515|0x00000000a0300000, 0x00000000a0300000, 0x00000000a0400000|  0%| F|  |TAMS 0x00000000a0300000| PB 0x00000000a0300000| Untracked 
| 516|0x00000000a0400000, 0x00000000a0400000, 0x00000000a0500000|  0%| F|  |TAMS 0x00000000a0400000| PB 0x00000000a0400000| Untracked 
| 517|0x00000000a0500000, 0x00000000a0500000, 0x00000000a0600000|  0%| F|  |TAMS 0x00000000a0500000| PB 0x00000000a0500000| Untracked 
| 518|0x00000000a0600000, 0x00000000a0600000, 0x00000000a0700000|  0%| F|  |TAMS 0x00000000a0600000| PB 0x00000000a0600000| Untracked 
| 519|0x00000000a0700000, 0x00000000a0700000, 0x00000000a0800000|  0%| F|  |TAMS 0x00000000a0700000| PB 0x00000000a0700000| Untracked 
| 520|0x00000000a0800000, 0x00000000a0800000, 0x00000000a0900000|  0%| F|  |TAMS 0x00000000a0800000| PB 0x00000000a0800000| Untracked 
| 521|0x00000000a0900000, 0x00000000a0900000, 0x00000000a0a00000|  0%| F|  |TAMS 0x00000000a0900000| PB 0x00000000a0900000| Untracked 
| 522|0x00000000a0a00000, 0x00000000a0a00000, 0x00000000a0b00000|  0%| F|  |TAMS 0x00000000a0a00000| PB 0x00000000a0a00000| Untracked 
| 523|0x00000000a0b00000, 0x00000000a0b00000, 0x00000000a0c00000|  0%| F|  |TAMS 0x00000000a0b00000| PB 0x00000000a0b00000| Untracked 
| 524|0x00000000a0c00000, 0x00000000a0c00000, 0x00000000a0d00000|  0%| F|  |TAMS 0x00000000a0c00000| PB 0x00000000a0c00000| Untracked 
| 525|0x00000000a0d00000, 0x00000000a0d00000, 0x00000000a0e00000|  0%| F|  |TAMS 0x00000000a0d00000| PB 0x00000000a0d00000| Untracked 
| 526|0x00000000a0e00000, 0x00000000a0e00000, 0x00000000a0f00000|  0%| F|  |TAMS 0x00000000a0e00000| PB 0x00000000a0e00000| Untracked 
| 527|0x00000000a0f00000, 0x00000000a0f00000, 0x00000000a1000000|  0%| F|  |TAMS 0x00000000a0f00000| PB 0x00000000a0f00000| Untracked 
| 528|0x00000000a1000000, 0x00000000a1000000, 0x00000000a1100000|  0%| F|  |TAMS 0x00000000a1000000| PB 0x00000000a1000000| Untracked 
| 529|0x00000000a1100000, 0x00000000a1100000, 0x00000000a1200000|  0%| F|  |TAMS 0x00000000a1100000| PB 0x00000000a1100000| Untracked 
| 530|0x00000000a1200000, 0x00000000a1200000, 0x00000000a1300000|  0%| F|  |TAMS 0x00000000a1200000| PB 0x00000000a1200000| Untracked 
| 531|0x00000000a1300000, 0x00000000a1300000, 0x00000000a1400000|  0%| F|  |TAMS 0x00000000a1300000| PB 0x00000000a1300000| Untracked 
| 532|0x00000000a1400000, 0x00000000a1400000, 0x00000000a1500000|  0%| F|  |TAMS 0x00000000a1400000| PB 0x00000000a1400000| Untracked 
| 533|0x00000000a1500000, 0x00000000a1500000, 0x00000000a1600000|  0%| F|  |TAMS 0x00000000a1500000| PB 0x00000000a1500000| Untracked 
| 534|0x00000000a1600000, 0x00000000a1600000, 0x00000000a1700000|  0%| F|  |TAMS 0x00000000a1600000| PB 0x00000000a1600000| Untracked 
| 535|0x00000000a1700000, 0x00000000a1700000, 0x00000000a1800000|  0%| F|  |TAMS 0x00000000a1700000| PB 0x00000000a1700000| Untracked 
| 536|0x00000000a1800000, 0x00000000a1800000, 0x00000000a1900000|  0%| F|  |TAMS 0x00000000a1800000| PB 0x00000000a1800000| Untracked 
| 537|0x00000000a1900000, 0x00000000a1900000, 0x00000000a1a00000|  0%| F|  |TAMS 0x00000000a1900000| PB 0x00000000a1900000| Untracked 
| 538|0x00000000a1a00000, 0x00000000a1a00000, 0x00000000a1b00000|  0%| F|  |TAMS 0x00000000a1a00000| PB 0x00000000a1a00000| Untracked 
| 539|0x00000000a1b00000, 0x00000000a1b00000, 0x00000000a1c00000|  0%| F|  |TAMS 0x00000000a1b00000| PB 0x00000000a1b00000| Untracked 
| 540|0x00000000a1c00000, 0x00000000a1c00000, 0x00000000a1d00000|  0%| F|  |TAMS 0x00000000a1c00000| PB 0x00000000a1c00000| Untracked 
| 541|0x00000000a1d00000, 0x00000000a1d00000, 0x00000000a1e00000|  0%| F|  |TAMS 0x00000000a1d00000| PB 0x00000000a1d00000| Untracked 
| 542|0x00000000a1e00000, 0x00000000a1e00000, 0x00000000a1f00000|  0%| F|  |TAMS 0x00000000a1e00000| PB 0x00000000a1e00000| Untracked 
| 543|0x00000000a1f00000, 0x00000000a1f00000, 0x00000000a2000000|  0%| F|  |TAMS 0x00000000a1f00000| PB 0x00000000a1f00000| Untracked 
| 544|0x00000000a2000000, 0x00000000a2000000, 0x00000000a2100000|  0%| F|  |TAMS 0x00000000a2000000| PB 0x00000000a2000000| Untracked 
| 545|0x00000000a2100000, 0x00000000a2100000, 0x00000000a2200000|  0%| F|  |TAMS 0x00000000a2100000| PB 0x00000000a2100000| Untracked 
| 546|0x00000000a2200000, 0x00000000a2200000, 0x00000000a2300000|  0%| F|  |TAMS 0x00000000a2200000| PB 0x00000000a2200000| Untracked 
| 547|0x00000000a2300000, 0x00000000a2300000, 0x00000000a2400000|  0%| F|  |TAMS 0x00000000a2300000| PB 0x00000000a2300000| Untracked 
| 548|0x00000000a2400000, 0x00000000a2400000, 0x00000000a2500000|  0%| F|  |TAMS 0x00000000a2400000| PB 0x00000000a2400000| Untracked 
| 549|0x00000000a2500000, 0x00000000a2500000, 0x00000000a2600000|  0%| F|  |TAMS 0x00000000a2500000| PB 0x00000000a2500000| Untracked 
| 550|0x00000000a2600000, 0x00000000a2600000, 0x00000000a2700000|  0%| F|  |TAMS 0x00000000a2600000| PB 0x00000000a2600000| Untracked 
| 551|0x00000000a2700000, 0x00000000a2700000, 0x00000000a2800000|  0%| F|  |TAMS 0x00000000a2700000| PB 0x00000000a2700000| Untracked 
| 552|0x00000000a2800000, 0x00000000a2800000, 0x00000000a2900000|  0%| F|  |TAMS 0x00000000a2800000| PB 0x00000000a2800000| Untracked 
| 553|0x00000000a2900000, 0x00000000a2900000, 0x00000000a2a00000|  0%| F|  |TAMS 0x00000000a2900000| PB 0x00000000a2900000| Untracked 
| 554|0x00000000a2a00000, 0x00000000a2a00000, 0x00000000a2b00000|  0%| F|  |TAMS 0x00000000a2a00000| PB 0x00000000a2a00000| Untracked 
| 555|0x00000000a2b00000, 0x00000000a2b00000, 0x00000000a2c00000|  0%| F|  |TAMS 0x00000000a2b00000| PB 0x00000000a2b00000| Untracked 
| 556|0x00000000a2c00000, 0x00000000a2c00000, 0x00000000a2d00000|  0%| F|  |TAMS 0x00000000a2c00000| PB 0x00000000a2c00000| Untracked 
| 557|0x00000000a2d00000, 0x00000000a2d00000, 0x00000000a2e00000|  0%| F|  |TAMS 0x00000000a2d00000| PB 0x00000000a2d00000| Untracked 
| 558|0x00000000a2e00000, 0x00000000a2e00000, 0x00000000a2f00000|  0%| F|  |TAMS 0x00000000a2e00000| PB 0x00000000a2e00000| Untracked 
| 559|0x00000000a2f00000, 0x00000000a2f00000, 0x00000000a3000000|  0%| F|  |TAMS 0x00000000a2f00000| PB 0x00000000a2f00000| Untracked 
| 560|0x00000000a3000000, 0x00000000a3000000, 0x00000000a3100000|  0%| F|  |TAMS 0x00000000a3000000| PB 0x00000000a3000000| Untracked 
| 561|0x00000000a3100000, 0x00000000a3100000, 0x00000000a3200000|  0%| F|  |TAMS 0x00000000a3100000| PB 0x00000000a3100000| Untracked 
| 562|0x00000000a3200000, 0x00000000a3200000, 0x00000000a3300000|  0%| F|  |TAMS 0x00000000a3200000| PB 0x00000000a3200000| Untracked 
| 563|0x00000000a3300000, 0x00000000a3300000, 0x00000000a3400000|  0%| F|  |TAMS 0x00000000a3300000| PB 0x00000000a3300000| Untracked 
| 564|0x00000000a3400000, 0x00000000a3400000, 0x00000000a3500000|  0%| F|  |TAMS 0x00000000a3400000| PB 0x00000000a3400000| Untracked 
| 565|0x00000000a3500000, 0x00000000a3500000, 0x00000000a3600000|  0%| F|  |TAMS 0x00000000a3500000| PB 0x00000000a3500000| Untracked 
| 566|0x00000000a3600000, 0x00000000a3600000, 0x00000000a3700000|  0%| F|  |TAMS 0x00000000a3600000| PB 0x00000000a3600000| Untracked 
| 567|0x00000000a3700000, 0x00000000a3700000, 0x00000000a3800000|  0%| F|  |TAMS 0x00000000a3700000| PB 0x00000000a3700000| Untracked 
| 568|0x00000000a3800000, 0x00000000a3800000, 0x00000000a3900000|  0%| F|  |TAMS 0x00000000a3800000| PB 0x00000000a3800000| Untracked 
| 569|0x00000000a3900000, 0x00000000a3900000, 0x00000000a3a00000|  0%| F|  |TAMS 0x00000000a3900000| PB 0x00000000a3900000| Untracked 
| 570|0x00000000a3a00000, 0x00000000a3a00000, 0x00000000a3b00000|  0%| F|  |TAMS 0x00000000a3a00000| PB 0x00000000a3a00000| Untracked 
| 571|0x00000000a3b00000, 0x00000000a3b00000, 0x00000000a3c00000|  0%| F|  |TAMS 0x00000000a3b00000| PB 0x00000000a3b00000| Untracked 
| 572|0x00000000a3c00000, 0x00000000a3c00000, 0x00000000a3d00000|  0%| F|  |TAMS 0x00000000a3c00000| PB 0x00000000a3c00000| Untracked 
| 573|0x00000000a3d00000, 0x00000000a3d00000, 0x00000000a3e00000|  0%| F|  |TAMS 0x00000000a3d00000| PB 0x00000000a3d00000| Untracked 
| 574|0x00000000a3e00000, 0x00000000a3e00000, 0x00000000a3f00000|  0%| F|  |TAMS 0x00000000a3e00000| PB 0x00000000a3e00000| Untracked 
| 575|0x00000000a3f00000, 0x00000000a3f00000, 0x00000000a4000000|  0%| F|  |TAMS 0x00000000a3f00000| PB 0x00000000a3f00000| Untracked 
| 576|0x00000000a4000000, 0x00000000a4000000, 0x00000000a4100000|  0%| F|  |TAMS 0x00000000a4000000| PB 0x00000000a4000000| Untracked 
| 577|0x00000000a4100000, 0x00000000a4100000, 0x00000000a4200000|  0%| F|  |TAMS 0x00000000a4100000| PB 0x00000000a4100000| Untracked 
| 578|0x00000000a4200000, 0x00000000a4200000, 0x00000000a4300000|  0%| F|  |TAMS 0x00000000a4200000| PB 0x00000000a4200000| Untracked 
| 579|0x00000000a4300000, 0x00000000a4300000, 0x00000000a4400000|  0%| F|  |TAMS 0x00000000a4300000| PB 0x00000000a4300000| Untracked 
| 580|0x00000000a4400000, 0x00000000a4400000, 0x00000000a4500000|  0%| F|  |TAMS 0x00000000a4400000| PB 0x00000000a4400000| Untracked 
| 581|0x00000000a4500000, 0x00000000a4500000, 0x00000000a4600000|  0%| F|  |TAMS 0x00000000a4500000| PB 0x00000000a4500000| Untracked 
| 582|0x00000000a4600000, 0x00000000a4600000, 0x00000000a4700000|  0%| F|  |TAMS 0x00000000a4600000| PB 0x00000000a4600000| Untracked 
| 583|0x00000000a4700000, 0x00000000a4700000, 0x00000000a4800000|  0%| F|  |TAMS 0x00000000a4700000| PB 0x00000000a4700000| Untracked 
| 584|0x00000000a4800000, 0x00000000a4800000, 0x00000000a4900000|  0%| F|  |TAMS 0x00000000a4800000| PB 0x00000000a4800000| Untracked 
| 585|0x00000000a4900000, 0x00000000a4900000, 0x00000000a4a00000|  0%| F|  |TAMS 0x00000000a4900000| PB 0x00000000a4900000| Untracked 
| 586|0x00000000a4a00000, 0x00000000a4a00000, 0x00000000a4b00000|  0%| F|  |TAMS 0x00000000a4a00000| PB 0x00000000a4a00000| Untracked 
| 587|0x00000000a4b00000, 0x00000000a4b00000, 0x00000000a4c00000|  0%| F|  |TAMS 0x00000000a4b00000| PB 0x00000000a4b00000| Untracked 
| 588|0x00000000a4c00000, 0x00000000a4c00000, 0x00000000a4d00000|  0%| F|  |TAMS 0x00000000a4c00000| PB 0x00000000a4c00000| Untracked 
| 589|0x00000000a4d00000, 0x00000000a4d00000, 0x00000000a4e00000|  0%| F|  |TAMS 0x00000000a4d00000| PB 0x00000000a4d00000| Untracked 
| 590|0x00000000a4e00000, 0x00000000a4e00000, 0x00000000a4f00000|  0%| F|  |TAMS 0x00000000a4e00000| PB 0x00000000a4e00000| Untracked 
| 591|0x00000000a4f00000, 0x00000000a4f00000, 0x00000000a5000000|  0%| F|  |TAMS 0x00000000a4f00000| PB 0x00000000a4f00000| Untracked 
| 592|0x00000000a5000000, 0x00000000a5000000, 0x00000000a5100000|  0%| F|  |TAMS 0x00000000a5000000| PB 0x00000000a5000000| Untracked 
| 593|0x00000000a5100000, 0x00000000a5100000, 0x00000000a5200000|  0%| F|  |TAMS 0x00000000a5100000| PB 0x00000000a5100000| Untracked 
| 594|0x00000000a5200000, 0x00000000a5200000, 0x00000000a5300000|  0%| F|  |TAMS 0x00000000a5200000| PB 0x00000000a5200000| Untracked 
| 595|0x00000000a5300000, 0x00000000a5300000, 0x00000000a5400000|  0%| F|  |TAMS 0x00000000a5300000| PB 0x00000000a5300000| Untracked 
| 596|0x00000000a5400000, 0x00000000a5400000, 0x00000000a5500000|  0%| F|  |TAMS 0x00000000a5400000| PB 0x00000000a5400000| Untracked 
| 597|0x00000000a5500000, 0x00000000a5500000, 0x00000000a5600000|  0%| F|  |TAMS 0x00000000a5500000| PB 0x00000000a5500000| Untracked 
| 598|0x00000000a5600000, 0x00000000a5600000, 0x00000000a5700000|  0%| F|  |TAMS 0x00000000a5600000| PB 0x00000000a5600000| Untracked 
| 599|0x00000000a5700000, 0x00000000a5700000, 0x00000000a5800000|  0%| F|  |TAMS 0x00000000a5700000| PB 0x00000000a5700000| Untracked 
| 600|0x00000000a5800000, 0x00000000a5800000, 0x00000000a5900000|  0%| F|  |TAMS 0x00000000a5800000| PB 0x00000000a5800000| Untracked 
| 601|0x00000000a5900000, 0x00000000a5900000, 0x00000000a5a00000|  0%| F|  |TAMS 0x00000000a5900000| PB 0x00000000a5900000| Untracked 
| 602|0x00000000a5a00000, 0x00000000a5a00000, 0x00000000a5b00000|  0%| F|  |TAMS 0x00000000a5a00000| PB 0x00000000a5a00000| Untracked 
| 603|0x00000000a5b00000, 0x00000000a5b00000, 0x00000000a5c00000|  0%| F|  |TAMS 0x00000000a5b00000| PB 0x00000000a5b00000| Untracked 
| 604|0x00000000a5c00000, 0x00000000a5c00000, 0x00000000a5d00000|  0%| F|  |TAMS 0x00000000a5c00000| PB 0x00000000a5c00000| Untracked 
| 605|0x00000000a5d00000, 0x00000000a5d00000, 0x00000000a5e00000|  0%| F|  |TAMS 0x00000000a5d00000| PB 0x00000000a5d00000| Untracked 
| 606|0x00000000a5e00000, 0x00000000a5e00000, 0x00000000a5f00000|  0%| F|  |TAMS 0x00000000a5e00000| PB 0x00000000a5e00000| Untracked 
| 607|0x00000000a5f00000, 0x00000000a5f00000, 0x00000000a6000000|  0%| F|  |TAMS 0x00000000a5f00000| PB 0x00000000a5f00000| Untracked 
| 608|0x00000000a6000000, 0x00000000a6000000, 0x00000000a6100000|  0%| F|  |TAMS 0x00000000a6000000| PB 0x00000000a6000000| Untracked 
| 609|0x00000000a6100000, 0x00000000a6100000, 0x00000000a6200000|  0%| F|  |TAMS 0x00000000a6100000| PB 0x00000000a6100000| Untracked 
| 610|0x00000000a6200000, 0x00000000a6200000, 0x00000000a6300000|  0%| F|  |TAMS 0x00000000a6200000| PB 0x00000000a6200000| Untracked 
| 611|0x00000000a6300000, 0x00000000a6300000, 0x00000000a6400000|  0%| F|  |TAMS 0x00000000a6300000| PB 0x00000000a6300000| Untracked 
| 612|0x00000000a6400000, 0x00000000a6400000, 0x00000000a6500000|  0%| F|  |TAMS 0x00000000a6400000| PB 0x00000000a6400000| Untracked 
| 613|0x00000000a6500000, 0x00000000a6500000, 0x00000000a6600000|  0%| F|  |TAMS 0x00000000a6500000| PB 0x00000000a6500000| Untracked 
| 614|0x00000000a6600000, 0x00000000a6600000, 0x00000000a6700000|  0%| F|  |TAMS 0x00000000a6600000| PB 0x00000000a6600000| Untracked 
| 615|0x00000000a6700000, 0x00000000a6700000, 0x00000000a6800000|  0%| F|  |TAMS 0x00000000a6700000| PB 0x00000000a6700000| Untracked 
| 616|0x00000000a6800000, 0x00000000a6800000, 0x00000000a6900000|  0%| F|  |TAMS 0x00000000a6800000| PB 0x00000000a6800000| Untracked 
| 617|0x00000000a6900000, 0x00000000a6900000, 0x00000000a6a00000|  0%| F|  |TAMS 0x00000000a6900000| PB 0x00000000a6900000| Untracked 
| 618|0x00000000a6a00000, 0x00000000a6a00000, 0x00000000a6b00000|  0%| F|  |TAMS 0x00000000a6a00000| PB 0x00000000a6a00000| Untracked 
| 619|0x00000000a6b00000, 0x00000000a6b00000, 0x00000000a6c00000|  0%| F|  |TAMS 0x00000000a6b00000| PB 0x00000000a6b00000| Untracked 
| 620|0x00000000a6c00000, 0x00000000a6c00000, 0x00000000a6d00000|  0%| F|  |TAMS 0x00000000a6c00000| PB 0x00000000a6c00000| Untracked 
| 621|0x00000000a6d00000, 0x00000000a6d00000, 0x00000000a6e00000|  0%| F|  |TAMS 0x00000000a6d00000| PB 0x00000000a6d00000| Untracked 
| 622|0x00000000a6e00000, 0x00000000a6e00000, 0x00000000a6f00000|  0%| F|  |TAMS 0x00000000a6e00000| PB 0x00000000a6e00000| Untracked 
| 623|0x00000000a6f00000, 0x00000000a6f00000, 0x00000000a7000000|  0%| F|  |TAMS 0x00000000a6f00000| PB 0x00000000a6f00000| Untracked 
| 624|0x00000000a7000000, 0x00000000a7000000, 0x00000000a7100000|  0%| F|  |TAMS 0x00000000a7000000| PB 0x00000000a7000000| Untracked 
| 625|0x00000000a7100000, 0x00000000a7100000, 0x00000000a7200000|  0%| F|  |TAMS 0x00000000a7100000| PB 0x00000000a7100000| Untracked 
| 626|0x00000000a7200000, 0x00000000a7200000, 0x00000000a7300000|  0%| F|  |TAMS 0x00000000a7200000| PB 0x00000000a7200000| Untracked 
| 627|0x00000000a7300000, 0x00000000a7300000, 0x00000000a7400000|  0%| F|  |TAMS 0x00000000a7300000| PB 0x00000000a7300000| Untracked 
| 628|0x00000000a7400000, 0x00000000a7400000, 0x00000000a7500000|  0%| F|  |TAMS 0x00000000a7400000| PB 0x00000000a7400000| Untracked 
| 629|0x00000000a7500000, 0x00000000a7500000, 0x00000000a7600000|  0%| F|  |TAMS 0x00000000a7500000| PB 0x00000000a7500000| Untracked 
| 630|0x00000000a7600000, 0x00000000a7600000, 0x00000000a7700000|  0%| F|  |TAMS 0x00000000a7600000| PB 0x00000000a7600000| Untracked 
| 631|0x00000000a7700000, 0x00000000a7700000, 0x00000000a7800000|  0%| F|  |TAMS 0x00000000a7700000| PB 0x00000000a7700000| Untracked 
| 632|0x00000000a7800000, 0x00000000a7800000, 0x00000000a7900000|  0%| F|  |TAMS 0x00000000a7800000| PB 0x00000000a7800000| Untracked 
| 633|0x00000000a7900000, 0x00000000a7900000, 0x00000000a7a00000|  0%| F|  |TAMS 0x00000000a7900000| PB 0x00000000a7900000| Untracked 
| 634|0x00000000a7a00000, 0x00000000a7a00000, 0x00000000a7b00000|  0%| F|  |TAMS 0x00000000a7a00000| PB 0x00000000a7a00000| Untracked 
| 635|0x00000000a7b00000, 0x00000000a7b00000, 0x00000000a7c00000|  0%| F|  |TAMS 0x00000000a7b00000| PB 0x00000000a7b00000| Untracked 
| 636|0x00000000a7c00000, 0x00000000a7c00000, 0x00000000a7d00000|  0%| F|  |TAMS 0x00000000a7c00000| PB 0x00000000a7c00000| Untracked 
| 637|0x00000000a7d00000, 0x00000000a7d00000, 0x00000000a7e00000|  0%| F|  |TAMS 0x00000000a7d00000| PB 0x00000000a7d00000| Untracked 
|2030|0x00000000fee00000, 0x00000000fee00000, 0x00000000fef00000|  0%| F|  |TAMS 0x00000000fee00000| PB 0x00000000fee00000| Untracked 
|2031|0x00000000fef00000, 0x00000000fef00000, 0x00000000ff000000|  0%| F|  |TAMS 0x00000000fef00000| PB 0x00000000fef00000| Untracked 
|2032|0x00000000ff000000, 0x00000000ff000000, 0x00000000ff100000|  0%| F|  |TAMS 0x00000000ff000000| PB 0x00000000ff000000| Untracked 
|2033|0x00000000ff100000, 0x00000000ff100000, 0x00000000ff200000|  0%| F|  |TAMS 0x00000000ff100000| PB 0x00000000ff100000| Untracked 
|2034|0x00000000ff200000, 0x00000000ff200000, 0x00000000ff300000|  0%| F|  |TAMS 0x00000000ff200000| PB 0x00000000ff200000| Untracked 
|2035|0x00000000ff300000, 0x00000000ff300000, 0x00000000ff400000|  0%| F|  |TAMS 0x00000000ff300000| PB 0x00000000ff300000| Untracked 
|2036|0x00000000ff400000, 0x00000000ff400000, 0x00000000ff500000|  0%| F|  |TAMS 0x00000000ff400000| PB 0x00000000ff400000| Untracked 
|2037|0x00000000ff500000, 0x00000000ff500000, 0x00000000ff600000|  0%| F|  |TAMS 0x00000000ff500000| PB 0x00000000ff500000| Untracked 
|2038|0x00000000ff600000, 0x00000000ff600000, 0x00000000ff700000|  0%| F|  |TAMS 0x00000000ff600000| PB 0x00000000ff600000| Untracked 
|2039|0x00000000ff700000, 0x00000000ff700000, 0x00000000ff800000|  0%| F|  |TAMS 0x00000000ff700000| PB 0x00000000ff700000| Untracked 
|2040|0x00000000ff800000, 0x00000000ff800000, 0x00000000ff900000|  0%| F|  |TAMS 0x00000000ff800000| PB 0x00000000ff800000| Untracked 
|2041|0x00000000ff900000, 0x00000000ffa00000, 0x00000000ffa00000|100%| O|  |TAMS 0x00000000ffa00000| PB 0x00000000ff900000| Untracked 
|2042|0x00000000ffa00000, 0x00000000ffb00000, 0x00000000ffb00000|100%| O|  |TAMS 0x00000000ffb00000| PB 0x00000000ffa00000| Untracked 
|2043|0x00000000ffb00000, 0x00000000ffc00000, 0x00000000ffc00000|100%| O|  |TAMS 0x00000000ffc00000| PB 0x00000000ffb00000| Untracked 
|2044|0x00000000ffc00000, 0x00000000ffd00000, 0x00000000ffd00000|100%| O|  |TAMS 0x00000000ffd00000| PB 0x00000000ffc00000| Untracked 
|2045|0x00000000ffd00000, 0x00000000ffe00000, 0x00000000ffe00000|100%| O|  |TAMS 0x00000000ffe00000| PB 0x00000000ffd00000| Untracked 
|2046|0x00000000ffe00000, 0x00000000ffe00000, 0x00000000fff00000|  0%| F|  |TAMS 0x00000000ffe00000| PB 0x00000000ffe00000| Untracked 
|2047|0x00000000fff00000, 0x0000000100000000, 0x0000000100000000|100%| O|  |TAMS 0x0000000100000000| PB 0x00000000fff00000| Untracked 

Card table byte_map: [0x0000020ea3b00000,0x0000020ea3f00000] _byte_map_base: 0x0000020ea3700000

Marking Bits: (CMBitMap*) 0x0000020e90d85940
 Bits: [0x0000020ea3f00000, 0x0000020ea5f00000)

Polling page: 0x0000020e8e950000

Metaspace:

Usage:
  Non-class:    137.56 MB used.
      Class:     21.15 MB used.
       Both:    158.71 MB used.

Virtual space:
  Non-class space:      192.00 MB reserved,     138.69 MB ( 72%) committed,  3 nodes.
      Class space:        1.00 GB reserved,      22.31 MB (  2%) committed,  1 nodes.
             Both:        1.19 GB reserved,     161.00 MB ( 13%) committed. 

Chunk freelists:
   Non-Class:  5.19 MB
       Class:  9.54 MB
        Both:  14.73 MB

MaxMetaspaceSize: unlimited
CompressedClassSpaceSize: 1.00 GB
Initial GC threshold: 21.00 MB
Current GC threshold: 268.06 MB
CDS: off
 - commit_granule_bytes: 65536.
 - commit_granule_words: 8192.
 - virtual_space_node_default_size: 8388608.
 - enlarge_chunks_in_place: 1.
 - use_allocation_guard: 0.


Internal statistics:

num_allocs_failed_limit: 11.
num_arena_births: 4514.
num_arena_deaths: 100.
num_vsnodes_births: 4.
num_vsnodes_deaths: 0.
num_space_committed: 2578.
num_space_uncommitted: 2.
num_chunks_returned_to_freelist: 172.
num_chunks_taken_from_freelist: 11320.
num_chunk_merges: 64.
num_chunk_splits: 7622.
num_chunks_enlarged: 5121.
num_inconsistent_stats: 0.

CodeHeap 'non-profiled nmethods': size=119168Kb used=19008Kb max_used=19008Kb free=100159Kb
 bounds [0x0000020e9ba20000, 0x0000020e9ce60000, 0x0000020ea2e80000]
CodeHeap 'profiled nmethods': size=119104Kb used=38558Kb max_used=45181Kb free=80545Kb
 bounds [0x0000020e93e80000, 0x0000020e96ac0000, 0x0000020e9b2d0000]
CodeHeap 'non-nmethods': size=7488Kb used=4962Kb max_used=5049Kb free=2525Kb
 bounds [0x0000020e9b2d0000, 0x0000020e9b7d0000, 0x0000020e9ba20000]
 total_blobs=19639 nmethods=18586 adapters=950
 compilation: enabled
              stopped_count=0, restarted_count=0
 full_count=0

Compilation events (20 events):
Event: 29.839 Thread 0x0000020ea9012b50 31137       4       com.android.tools.r8.internal.id0::b (258 bytes)
Event: 29.844 Thread 0x0000020eb3253d70 31151       3       com.android.tools.r8.graph.R2::a (138 bytes)
Event: 29.845 Thread 0x0000020eb3253d70 nmethod 31151 0x0000020e944c3610 code [0x0000020e944c3840, 0x0000020e944c3e00]
Event: 29.846 Thread 0x0000020ea9015170 31152 %     3       com.android.tools.r8.internal.id0::f @ 113 (316 bytes)
Event: 29.847 Thread 0x0000020ea9015170 nmethod 31152% 0x0000020e9400a410 code [0x0000020e9400a6c0, 0x0000020e9400b880]
Event: 29.847 Thread 0x0000020ea9012b50 nmethod 31137 0x0000020e9ba44c10 code [0x0000020e9ba44e40, 0x0000020e9ba45428]
Event: 29.848 Thread 0x0000020ea9012b50 30800       4       com.android.tools.r8.internal.ro::b (933 bytes)
Event: 29.857 Thread 0x0000020eb3253d70 31153 %     3       com.android.tools.r8.internal.m20::f @ 74 (316 bytes)
Event: 29.857 Thread 0x0000020ea9015170 31154       2       com.android.tools.r8.internal.kh::F (2 bytes)
Event: 29.858 Thread 0x0000020ea9015170 nmethod 31154 0x0000020e95169e10 code [0x0000020e95169fa0, 0x0000020e9516a0a8]
Event: 29.858 Thread 0x0000020eb3253d70 nmethod 31153% 0x0000020e9467ee90 code [0x0000020e9467f140, 0x0000020e94680298]
Event: 29.859 Thread 0x0000020eb654a550 nmethod 30961 0x0000020e9ce53c10 code [0x0000020e9ce542a0, 0x0000020e9ce59910]
Event: 29.860 Thread 0x0000020eb654a550 31139       4       com.android.tools.r8.internal.oS::o (238 bytes)
Event: 29.862 Thread 0x0000020eb3256650 31156 %     3       com.android.tools.r8.internal.vB::a @ 1281 (2694 bytes)
Event: 29.862 Thread 0x0000020eb3253d70 31157       3       com.android.tools.r8.graph.P4$$Lambda/0x0000000101670268::test (12 bytes)
Event: 29.863 Thread 0x0000020eb32551e0 31158       2       com.android.tools.r8.internal.dd0::size (8 bytes)
Event: 29.863 Thread 0x0000020eb3253d70 nmethod 31157 0x0000020e9493cd10 code [0x0000020e9493cee0, 0x0000020e9493d1e0]
Event: 29.863 Thread 0x0000020eb32551e0 nmethod 31158 0x0000020e9595ec90 code [0x0000020e9595ee20, 0x0000020e9595ef30]
Event: 29.868 Thread 0x0000020eb32551e0 31159       3       com.android.tools.r8.internal.Z5::a (53 bytes)
Event: 29.869 Thread 0x0000020eb32551e0 nmethod 31159 0x0000020e9493da10 code [0x0000020e9493dbe0, 0x0000020e9493df50]

GC Heap History (20 events):
Event: 26.475 GC heap after
{Heap after GC invocations=79 (full 0):
 garbage-first heap   total 611328K, used 287428K [0x0000000080000000, 0x0000000100000000)
  region size 1024K, 15 young (15360K), 15 survivors (15360K)
 Metaspace       used 162247K, committed 164672K, reserved 1245184K
  class space    used 21645K, committed 22848K, reserved 1048576K
}
Event: 26.806 GC heap before
{Heap before GC invocations=79 (full 0):
 garbage-first heap   total 611328K, used 563908K [0x0000000080000000, 0x0000000100000000)
  region size 1024K, 285 young (291840K), 15 survivors (15360K)
 Metaspace       used 162294K, committed 164672K, reserved 1245184K
  class space    used 21647K, committed 22848K, reserved 1048576K
}
Event: 26.821 GC heap after
{Heap after GC invocations=80 (full 0):
 garbage-first heap   total 611328K, used 287216K [0x0000000080000000, 0x0000000100000000)
  region size 1024K, 18 young (18432K), 18 survivors (18432K)
 Metaspace       used 162294K, committed 164672K, reserved 1245184K
  class space    used 21647K, committed 22848K, reserved 1048576K
}
Event: 26.875 GC heap before
{Heap before GC invocations=80 (full 0):
 garbage-first heap   total 611328K, used 333296K [0x0000000080000000, 0x0000000100000000)
  region size 1024K, 65 young (66560K), 18 survivors (18432K)
 Metaspace       used 162297K, committed 164672K, reserved 1245184K
  class space    used 21647K, committed 22848K, reserved 1048576K
}
Event: 26.887 GC heap after
{Heap after GC invocations=81 (full 0):
 garbage-first heap   total 611328K, used 284069K [0x0000000080000000, 0x0000000100000000)
  region size 1024K, 16 young (16384K), 16 survivors (16384K)
 Metaspace       used 162297K, committed 164672K, reserved 1245184K
  class space    used 21647K, committed 22848K, reserved 1048576K
}
Event: 27.460 GC heap before
{Heap before GC invocations=82 (full 0):
 garbage-first heap   total 611328K, used 560549K [0x0000000080000000, 0x0000000100000000)
  region size 1024K, 288 young (294912K), 16 survivors (16384K)
 Metaspace       used 162295K, committed 164672K, reserved 1245184K
  class space    used 21643K, committed 22848K, reserved 1048576K
}
Event: 27.473 GC heap after
{Heap after GC invocations=83 (full 0):
 garbage-first heap   total 611328K, used 280171K [0x0000000080000000, 0x0000000100000000)
  region size 1024K, 14 young (14336K), 14 survivors (14336K)
 Metaspace       used 162295K, committed 164672K, reserved 1245184K
  class space    used 21643K, committed 22848K, reserved 1048576K
}
Event: 27.773 GC heap before
{Heap before GC invocations=83 (full 0):
 garbage-first heap   total 611328K, used 563819K [0x0000000080000000, 0x0000000100000000)
  region size 1024K, 292 young (299008K), 14 survivors (14336K)
 Metaspace       used 162333K, committed 164736K, reserved 1245184K
  class space    used 21648K, committed 22848K, reserved 1048576K
}
Event: 27.791 GC heap after
{Heap after GC invocations=84 (full 0):
 garbage-first heap   total 671744K, used 272943K [0x0000000080000000, 0x0000000100000000)
  region size 1024K, 21 young (21504K), 21 survivors (21504K)
 Metaspace       used 162333K, committed 164736K, reserved 1245184K
  class space    used 21648K, committed 22848K, reserved 1048576K
}
Event: 28.204 GC heap before
{Heap before GC invocations=84 (full 0):
 garbage-first heap   total 671744K, used 613935K [0x0000000080000000, 0x0000000100000000)
  region size 1024K, 355 young (363520K), 21 survivors (21504K)
 Metaspace       used 162386K, committed 164736K, reserved 1245184K
  class space    used 21658K, committed 22848K, reserved 1048576K
}
Event: 28.221 GC heap after
{Heap after GC invocations=85 (full 0):
 garbage-first heap   total 671744K, used 283643K [0x0000000080000000, 0x0000000100000000)
  region size 1024K, 31 young (31744K), 31 survivors (31744K)
 Metaspace       used 162386K, committed 164736K, reserved 1245184K
  class space    used 21658K, committed 22848K, reserved 1048576K
}
Event: 28.580 GC heap before
{Heap before GC invocations=85 (full 0):
 garbage-first heap   total 671744K, used 603131K [0x0000000080000000, 0x0000000100000000)
  region size 1024K, 344 young (352256K), 31 survivors (31744K)
 Metaspace       used 162400K, committed 164800K, reserved 1245184K
  class space    used 21658K, committed 22848K, reserved 1048576K
}
Event: 28.600 GC heap after
{Heap after GC invocations=86 (full 0):
 garbage-first heap   total 671744K, used 291004K [0x0000000080000000, 0x0000000100000000)
  region size 1024K, 30 young (30720K), 30 survivors (30720K)
 Metaspace       used 162400K, committed 164800K, reserved 1245184K
  class space    used 21658K, committed 22848K, reserved 1048576K
}
Event: 28.907 GC heap before
{Heap before GC invocations=86 (full 0):
 garbage-first heap   total 671744K, used 604348K [0x0000000080000000, 0x0000000100000000)
  region size 1024K, 337 young (345088K), 30 survivors (30720K)
 Metaspace       used 162411K, committed 164800K, reserved 1245184K
  class space    used 21658K, committed 22848K, reserved 1048576K
}
Event: 28.921 GC heap after
{Heap after GC invocations=87 (full 0):
 garbage-first heap   total 671744K, used 290559K [0x0000000080000000, 0x0000000100000000)
  region size 1024K, 20 young (20480K), 20 survivors (20480K)
 Metaspace       used 162411K, committed 164800K, reserved 1245184K
  class space    used 21658K, committed 22848K, reserved 1048576K
}
Event: 29.454 GC heap before
{Heap before GC invocations=88 (full 0):
 garbage-first heap   total 671744K, used 615167K [0x0000000080000000, 0x0000000100000000)
  region size 1024K, 338 young (346112K), 20 survivors (20480K)
 Metaspace       used 162453K, committed 164800K, reserved 1245184K
  class space    used 21660K, committed 22848K, reserved 1048576K
}
Event: 29.465 GC heap after
{Heap after GC invocations=89 (full 0):
 garbage-first heap   total 671744K, used 290878K [0x0000000080000000, 0x0000000100000000)
  region size 1024K, 21 young (21504K), 21 survivors (21504K)
 Metaspace       used 162453K, committed 164800K, reserved 1245184K
  class space    used 21660K, committed 22848K, reserved 1048576K
}
Event: 29.743 GC heap before
{Heap before GC invocations=89 (full 0):
 garbage-first heap   total 671744K, used 613438K [0x0000000080000000, 0x0000000100000000)
  region size 1024K, 337 young (345088K), 21 survivors (21504K)
 Metaspace       used 162515K, committed 164864K, reserved 1245184K
  class space    used 21660K, committed 22848K, reserved 1048576K
}
Event: 29.764 GC heap after
{Heap after GC invocations=90 (full 0):
 garbage-first heap   total 671744K, used 276267K [0x0000000080000000, 0x0000000100000000)
  region size 1024K, 24 young (24576K), 24 survivors (24576K)
 Metaspace       used 162515K, committed 164864K, reserved 1245184K
  class space    used 21660K, committed 22848K, reserved 1048576K
}
Event: 29.905 GC heap before
{Heap before GC invocations=90 (full 0):
 garbage-first heap   total 671744K, used 434987K [0x0000000080000000, 0x0000000100000000)
  region size 1024K, 180 young (184320K), 24 survivors (24576K)
 Metaspace       used 162517K, committed 164864K, reserved 1245184K
  class space    used 21660K, committed 22848K, reserved 1048576K
}

Dll operation events (3 events):
Event: 0.008 Loaded shared library D:\Android Studio\jbr\bin\java.dll
Event: 0.014 Loaded shared library D:\Android Studio\jbr\bin\zip.dll
Event: 0.371 Loaded shared library D:\Android Studio\jbr\bin\verify.dll

Deoptimization events (20 events):
Event: 29.777 Thread 0x0000020ebd55ea10 DEOPT PACKING pc=0x0000020e93f3af1c sp=0x0000001191dfacb0
Event: 29.777 Thread 0x0000020ebd55ea10 DEOPT UNPACKING pc=0x0000020e9b3288e2 sp=0x0000001191dfa198 mode 0
Event: 29.778 Thread 0x0000020eb34d9310 DEOPT PACKING pc=0x0000020e95e11eb8 sp=0x000000118c6f75c0
Event: 29.778 Thread 0x0000020eb34d9310 DEOPT UNPACKING pc=0x0000020e9b3288e2 sp=0x000000118c6f6cd0 mode 0
Event: 29.785 Thread 0x0000020ebd55ea10 DEOPT PACKING pc=0x0000020e93f3af1c sp=0x0000001191dfacb0
Event: 29.785 Thread 0x0000020ebd55ea10 DEOPT UNPACKING pc=0x0000020e9b3288e2 sp=0x0000001191dfa198 mode 0
Event: 29.788 Thread 0x0000020ebd55ea10 DEOPT PACKING pc=0x0000020e95152da5 sp=0x0000001191dfaca0
Event: 29.788 Thread 0x0000020ebd55ea10 DEOPT UNPACKING pc=0x0000020e9b3288e2 sp=0x0000001191dfa190 mode 0
Event: 29.797 Thread 0x0000020ebd55ea10 DEOPT PACKING pc=0x0000020e93f3af1c sp=0x0000001191dfacd0
Event: 29.797 Thread 0x0000020ebd55ea10 DEOPT UNPACKING pc=0x0000020e9b3288e2 sp=0x0000001191dfa1b8 mode 0
Event: 29.798 Thread 0x0000020ebd55ea10 DEOPT PACKING pc=0x0000020e95152da5 sp=0x0000001191dfacc0
Event: 29.798 Thread 0x0000020ebd55ea10 DEOPT UNPACKING pc=0x0000020e9b3288e2 sp=0x0000001191dfa1b0 mode 0
Event: 29.855 Thread 0x0000020ebd55cfd0 DEOPT PACKING pc=0x0000020e951c7951 sp=0x00000011916fa360
Event: 29.855 Thread 0x0000020ebd55cfd0 DEOPT UNPACKING pc=0x0000020e9b3288e2 sp=0x00000011916f9a50 mode 0
Event: 29.857 Thread 0x0000020ebd55bc20 Uncommon trap: trap_request=0xffffff45 fr.pc=0x0000020e9c12213c relative=0x00000000000024fc
Event: 29.857 Thread 0x0000020ebd55bc20 Uncommon trap: reason=unstable_if action=reinterpret pc=0x0000020e9c12213c method=com.android.tools.r8.internal.vB.a(Lcom/android/tools/r8/internal/hB;Lcom/android/tools/r8/internal/w8;Lcom/android/tools/r8/internal/ps0;Ljava/lang/String;)Lcom/android/too
Event: 29.857 Thread 0x0000020ebd55bc20 DEOPT PACKING pc=0x0000020e9c12213c sp=0x00000011919faa90
Event: 29.857 Thread 0x0000020ebd55bc20 DEOPT UNPACKING pc=0x0000020e9b327da2 sp=0x00000011919faa70 mode 2
Event: 29.880 Thread 0x0000020ebd559b50 DEOPT PACKING pc=0x0000020e951c6fb0 sp=0x0000001190bfa8b0
Event: 29.881 Thread 0x0000020ebd559b50 DEOPT UNPACKING pc=0x0000020e9b3288e2 sp=0x0000001190bf9fa8 mode 0

Classes loaded (20 events):
Event: 21.807 Loading class java/util/IdentityHashMap$EntrySpliterator
Event: 21.807 Loading class java/util/IdentityHashMap$IdentityHashMapSpliterator
Event: 21.807 Loading class java/util/IdentityHashMap$IdentityHashMapSpliterator done
Event: 21.807 Loading class java/util/IdentityHashMap$EntrySpliterator done
Event: 21.830 Loading class java/util/SortedSet$1
Event: 21.830 Loading class java/util/SortedSet$1 done
Event: 21.846 Loading class java/util/stream/SliceOps
Event: 21.846 Loading class java/util/stream/SliceOps done
Event: 21.847 Loading class java/util/stream/SliceOps$1
Event: 21.847 Loading class java/util/stream/SliceOps$1 done
Event: 21.855 Loading class java/util/stream/SliceOps$1$1
Event: 21.855 Loading class java/util/stream/SliceOps$1$1 done
Event: 21.862 Loading class java/util/IdentityHashMap$ValueIterator
Event: 21.863 Loading class java/util/IdentityHashMap$ValueIterator done
Event: 25.197 Loading class java/nio/ShortBuffer
Event: 25.198 Loading class java/nio/ShortBuffer done
Event: 25.702 Loading class java/nio/ByteBufferAsShortBufferL
Event: 25.703 Loading class java/nio/ByteBufferAsShortBufferL done
Event: 25.854 Loading class java/util/zip/Adler32
Event: 25.854 Loading class java/util/zip/Adler32 done

Classes unloaded (20 events):
Event: 23.073 Thread 0x0000020ea8f8c720 Unloading class 0x000000010146c400 'java/lang/invoke/LambdaForm$DMH+0x000000010146c400'
Event: 23.073 Thread 0x0000020ea8f8c720 Unloading class 0x0000000101472000 'java/lang/invoke/LambdaForm$DMH+0x0000000101472000'
Event: 23.073 Thread 0x0000020ea8f8c720 Unloading class 0x000000010146cc00 'java/lang/invoke/LambdaForm$DMH+0x000000010146cc00'
Event: 23.073 Thread 0x0000020ea8f8c720 Unloading class 0x0000000101470c00 'java/lang/invoke/LambdaForm$DMH+0x0000000101470c00'
Event: 23.073 Thread 0x0000020ea8f8c720 Unloading class 0x0000000101471000 'java/lang/invoke/LambdaForm$DMH+0x0000000101471000'
Event: 23.073 Thread 0x0000020ea8f8c720 Unloading class 0x0000000101470000 'java/lang/invoke/LambdaForm$DMH+0x0000000101470000'
Event: 23.073 Thread 0x0000020ea8f8c720 Unloading class 0x0000000101471800 'java/lang/invoke/LambdaForm$DMH+0x0000000101471800'
Event: 27.159 Thread 0x0000020ea8f8c720 Unloading class 0x00000001015dc400 'java/lang/invoke/LambdaForm$DMH+0x00000001015dc400'
Event: 27.159 Thread 0x0000020ea8f8c720 Unloading class 0x00000001015c4c00 'java/lang/invoke/LambdaForm$DMH+0x00000001015c4c00'
Event: 27.159 Thread 0x0000020ea8f8c720 Unloading class 0x00000001015c4800 'java/lang/invoke/LambdaForm$DMH+0x00000001015c4800'
Event: 27.159 Thread 0x0000020ea8f8c720 Unloading class 0x00000001015c4000 'java/lang/invoke/LambdaForm$DMH+0x00000001015c4000'
Event: 27.159 Thread 0x0000020ea8f8c720 Unloading class 0x00000001015a4000 'java/lang/invoke/LambdaForm$DMH+0x00000001015a4000'
Event: 27.159 Thread 0x0000020ea8f8c720 Unloading class 0x00000001013f1000 'java/lang/invoke/LambdaForm$DMH+0x00000001013f1000'
Event: 27.159 Thread 0x0000020ea8f8c720 Unloading class 0x0000000101551000 'java/lang/invoke/LambdaForm$DMH+0x0000000101551000'
Event: 27.159 Thread 0x0000020ea8f8c720 Unloading class 0x0000000101550400 'java/lang/invoke/LambdaForm$DMH+0x0000000101550400'
Event: 27.159 Thread 0x0000020ea8f8c720 Unloading class 0x0000000101550800 'java/lang/invoke/LambdaForm$DMH+0x0000000101550800'
Event: 27.159 Thread 0x0000020ea8f8c720 Unloading class 0x0000000101550c00 'java/lang/invoke/LambdaForm$DMH+0x0000000101550c00'
Event: 29.159 Thread 0x0000020ea8f8c720 Unloading class 0x0000000101638800 'java/lang/invoke/LambdaForm$DMH+0x0000000101638800'
Event: 29.159 Thread 0x0000020ea8f8c720 Unloading class 0x0000000101638400 'java/lang/invoke/LambdaForm$DMH+0x0000000101638400'
Event: 29.159 Thread 0x0000020ea8f8c720 Unloading class 0x000000010161c000 'java/lang/invoke/LambdaForm$DMH+0x000000010161c000'

Classes redefined (0 events):
No events

Internal exceptions (20 events):
Event: 24.080 Thread 0x0000020ebc1ee140 Exception <a 'java/lang/NoSuchMethodError'{0x00000000965dc4a8}: 'void java.lang.invoke.DirectMethodHandle$Holder.invokeStatic(java.lang.Object, java.lang.Object, java.lang.Object, java.lang.Object, java.lang.Object, java.lang.Object, java.lang.Object, java.lang.Object)'> (0x00000000965dc4a8) 
thrown [s\src\hotspot\share\interpreter\linkResolver.cpp, line 784]
Event: 24.080 Thread 0x0000020ebd5573f0 Exception <a 'java/lang/NoSuchMethodError'{0x0000000096be6d98}: 'void java.lang.invoke.DirectMethodHandle$Holder.invokeStatic(java.lang.Object, java.lang.Object, java.lang.Object, java.lang.Object, java.lang.Object, java.lang.Object, java.lang.Object, java.lang.Object)'> (0x0000000096be6d98) 
thrown [s\src\hotspot\share\interpreter\linkResolver.cpp, line 784]
Event: 24.080 Thread 0x0000020ebd558e30 Exception <a 'java/lang/NoSuchMethodError'{0x00000000969aa8c0}: 'void java.lang.invoke.DirectMethodHandle$Holder.invokeStatic(java.lang.Object, java.lang.Object, java.lang.Object, java.lang.Object, java.lang.Object, java.lang.Object, java.lang.Object, java.lang.Object)'> (0x00000000969aa8c0) 
thrown [s\src\hotspot\share\interpreter\linkResolver.cpp, line 784]
Event: 24.778 Thread 0x0000020eb34d9310 Implicit null exception at 0x0000020e9cb738e7 to 0x0000020e9cb754fc
Event: 24.846 Thread 0x0000020ebd558e30 Exception <a 'java/lang/IncompatibleClassChangeError'{0x000000009e9d76d0}: Found class java.lang.Object, but interface was expected> (0x000000009e9d76d0) 
thrown [s\src\hotspot\share\interpreter\linkResolver.cpp, line 851]
Event: 24.962 Thread 0x0000020ebd55f730 Implicit null exception at 0x0000020e9c5726fd to 0x0000020e9c572850
Event: 25.975 Thread 0x0000020ebd560450 Exception <a 'sun/nio/fs/WindowsException'{0x000000009a5cced0}> (0x000000009a5cced0) 
thrown [s\src\hotspot\share\prims\jni.cpp, line 535]
Event: 25.975 Thread 0x0000020ebc1ee140 Exception <a 'sun/nio/fs/WindowsException'{0x000000009a889e50}> (0x000000009a889e50) 
thrown [s\src\hotspot\share\prims\jni.cpp, line 535]
Event: 25.991 Thread 0x0000020ebd55f730 Exception <a 'sun/nio/fs/WindowsException'{0x000000009c83ebd0}> (0x000000009c83ebd0) 
thrown [s\src\hotspot\share\prims\jni.cpp, line 535]
Event: 26.040 Thread 0x0000020ebd558e30 Exception <a 'sun/nio/fs/WindowsException'{0x00000000978f5b10}> (0x00000000978f5b10) 
thrown [s\src\hotspot\share\prims\jni.cpp, line 535]
Event: 26.159 Thread 0x0000020ebd5573f0 Exception <a 'sun/nio/fs/WindowsException'{0x00000000a3bb0250}> (0x00000000a3bb0250) 
thrown [s\src\hotspot\share\prims\jni.cpp, line 535]
Event: 26.862 Thread 0x0000020ebd55a870 Exception <a 'sun/nio/fs/WindowsException'{0x00000000ff757670}> (0x00000000ff757670) 
thrown [s\src\hotspot\share\prims\jni.cpp, line 535]
Event: 26.949 Thread 0x0000020ebd558e30 Exception <a 'sun/nio/fs/WindowsException'{0x00000000a38c96e8}> (0x00000000a38c96e8) 
thrown [s\src\hotspot\share\prims\jni.cpp, line 535]
Event: 27.056 Thread 0x0000020ebd55b590 Exception <a 'sun/nio/fs/WindowsException'{0x00000000ffec3030}> (0x00000000ffec3030) 
thrown [s\src\hotspot\share\prims\jni.cpp, line 535]
Event: 27.534 Thread 0x0000020ebd560450 Exception <a 'sun/nio/fs/WindowsException'{0x00000000a3fd6700}> (0x00000000a3fd6700) 
thrown [s\src\hotspot\share\prims\jni.cpp, line 535]
Event: 27.852 Thread 0x0000020ebd5573f0 Exception <a 'sun/nio/fs/WindowsException'{0x00000000a5fc42e8}> (0x00000000a5fc42e8) 
thrown [s\src\hotspot\share\prims\jni.cpp, line 535]
Event: 27.899 Thread 0x0000020eb34d9310 Exception <a 'java/lang/NoSuchMethodError'{0x00000000a4620a70}: 'void java.lang.invoke.DirectMethodHandle$Holder.invokeSpecialIFC(java.lang.Object, java.lang.Object, java.lang.Object, java.lang.Object)'> (0x00000000a4620a70) 
thrown [s\src\hotspot\share\interpreter\linkResolver.cpp, line 784]
Event: 28.386 Thread 0x0000020ebd55a870 Implicit null exception at 0x0000020e9c957b48 to 0x0000020e9c957b9c
Event: 28.649 Thread 0x0000020ebd558e30 Exception <a 'sun/nio/fs/WindowsException'{0x00000000ff071f30}> (0x00000000ff071f30) 
thrown [s\src\hotspot\share\prims\jni.cpp, line 535]
Event: 29.599 Thread 0x0000020ebc1ed420 Exception <a 'sun/nio/fs/WindowsException'{0x00000000a2006a68}> (0x00000000a2006a68) 
thrown [s\src\hotspot\share\prims\jni.cpp, line 535]

ZGC Phase Switch (0 events):
No events

VM Operations (20 events):
Event: 27.473 Executing VM operation: G1CollectForAllocation (G1 Evacuation Pause) done
Event: 27.771 Executing VM operation: G1CollectForAllocation (G1 Evacuation Pause)
Event: 27.791 Executing VM operation: G1CollectForAllocation (G1 Evacuation Pause) done
Event: 27.882 Executing VM operation: HandshakeAllThreads (Deoptimize)
Event: 27.888 Executing VM operation: HandshakeAllThreads (Deoptimize) done
Event: 28.189 Executing VM operation: G1CollectForAllocation (G1 Evacuation Pause)
Event: 28.221 Executing VM operation: G1CollectForAllocation (G1 Evacuation Pause) done
Event: 28.565 Executing VM operation: G1CollectForAllocation (G1 Evacuation Pause)
Event: 28.600 Executing VM operation: G1CollectForAllocation (G1 Evacuation Pause) done
Event: 28.902 Executing VM operation: G1CollectForAllocation (G1 Evacuation Pause)
Event: 28.921 Executing VM operation: G1CollectForAllocation (G1 Evacuation Pause) done
Event: 29.154 Executing VM operation: G1PauseRemark
Event: 29.179 Executing VM operation: G1PauseRemark done
Event: 29.403 Executing VM operation: G1PauseCleanup
Event: 29.423 Executing VM operation: G1PauseCleanup done
Event: 29.454 Executing VM operation: G1CollectForAllocation (G1 Evacuation Pause)
Event: 29.465 Executing VM operation: G1CollectForAllocation (G1 Evacuation Pause) done
Event: 29.742 Executing VM operation: G1CollectForAllocation (G1 Evacuation Pause)
Event: 29.764 Executing VM operation: G1CollectForAllocation (G1 Evacuation Pause) done
Event: 29.887 Executing VM operation: G1TryInitiateConcMark (G1 Humongous Allocation)

Memory protections (0 events):
No events

Nmethod flushes (20 events):
Event: 29.176 Thread 0x0000020ea8f8c720 flushing  nmethod 0x0000020e94790410
Event: 29.176 Thread 0x0000020ea8f8c720 flushing  nmethod 0x0000020e94909490
Event: 29.176 Thread 0x0000020ea8f8c720 flushing  nmethod 0x0000020e94b8b190
Event: 29.176 Thread 0x0000020ea8f8c720 flushing  nmethod 0x0000020e94b8b610
Event: 29.176 Thread 0x0000020ea8f8c720 flushing  nmethod 0x0000020e94b8ba90
Event: 29.176 Thread 0x0000020ea8f8c720 flushing  nmethod 0x0000020e94d09d10
Event: 29.176 Thread 0x0000020ea8f8c720 flushing  nmethod 0x0000020e957eaa10
Event: 29.176 Thread 0x0000020ea8f8c720 flushing  nmethod 0x0000020e95ccad90
Event: 29.176 Thread 0x0000020ea8f8c720 flushing  nmethod 0x0000020e95fb0190
Event: 29.176 Thread 0x0000020ea8f8c720 flushing  nmethod 0x0000020e961fff90
Event: 29.176 Thread 0x0000020ea8f8c720 flushing  nmethod 0x0000020e96a11b10
Event: 29.176 Thread 0x0000020ea8f8c720 flushing  nmethod 0x0000020e96a12010
Event: 29.176 Thread 0x0000020ea8f8c720 flushing  nmethod 0x0000020e96a1b390
Event: 29.176 Thread 0x0000020ea8f8c720 flushing  nmethod 0x0000020e96a1de90
Event: 29.176 Thread 0x0000020ea8f8c720 flushing  nmethod 0x0000020e9668c290
Event: 29.176 Thread 0x0000020ea8f8c720 flushing  nmethod 0x0000020e9668c990
Event: 29.176 Thread 0x0000020ea8f8c720 flushing  nmethod 0x0000020e9668cd10
Event: 29.176 Thread 0x0000020ea8f8c720 flushing  nmethod 0x0000020e9668f810
Event: 29.176 Thread 0x0000020ea8f8c720 flushing  nmethod 0x0000020e96a6c010
Event: 29.176 Thread 0x0000020ea8f8c720 flushing  nmethod 0x0000020e96a7aa10

Events (20 events):
Event: 18.507 Thread 0x0000020eb55c8790 Thread added: 0x0000020ebead2d20
Event: 18.507 Thread 0x0000020eb55c8790 Thread added: 0x0000020ebead33b0
Event: 18.507 Thread 0x0000020eb55c8790 Thread added: 0x0000020ebead5b10
Event: 18.507 Thread 0x0000020eb55c8790 Thread added: 0x0000020ebead2690
Event: 18.507 Thread 0x0000020eb55c8790 Thread added: 0x0000020ebead40d0
Event: 18.507 Thread 0x0000020eb55c8790 Thread added: 0x0000020ebead4760
Event: 18.507 Thread 0x0000020eb55c8790 Thread added: 0x0000020ebead61a0
Event: 18.508 Thread 0x0000020eb55c8790 Thread added: 0x0000020ebead4df0
Event: 18.508 Thread 0x0000020eb55c8790 Thread added: 0x0000020ebead5480
Event: 18.508 Thread 0x0000020eb55c8790 Thread added: 0x0000020ebead6830
Event: 18.508 Thread 0x0000020eb55c8790 Thread added: 0x0000020ebead6ec0
Event: 18.508 Thread 0x0000020eb55c8790 Thread added: 0x0000020ebead3a40
Event: 18.508 Thread 0x0000020eb55c8790 Thread added: 0x0000020ebead8900
Event: 18.518 Thread 0x0000020ea9012b50 Thread added: 0x0000020eb654d500
Event: 18.518 Thread 0x0000020ea9012b50 Thread added: 0x0000020eb654dbd0
Event: 18.518 Thread 0x0000020ea9012b50 Thread added: 0x0000020eb654a550
Event: 18.518 Thread 0x0000020ea9012b50 Thread added: 0x0000020eb654e2a0
Event: 18.578 Thread 0x0000020eb3253d70 Thread added: 0x0000020eb654ac20
Event: 19.421 Thread 0x0000020eb55c9b40 Thread added: 0x0000020ebeacff30
Event: 20.263 Thread 0x0000020eb3256650 Thread added: 0x0000020eb654fde0


Dynamic libraries:
0x00007ff74a2b0000 - 0x00007ff74a2ba000 	D:\Android Studio\jbr\bin\java.exe
0x00007ff9d5340000 - 0x00007ff9d55a8000 	C:\WINDOWS\SYSTEM32\ntdll.dll
0x00007ff9d4ad0000 - 0x00007ff9d4b99000 	C:\WINDOWS\System32\KERNEL32.DLL
0x00007ff9d2cf0000 - 0x00007ff9d30dd000 	C:\WINDOWS\System32\KERNELBASE.dll
0x00007ff9d2b70000 - 0x00007ff9d2cbb000 	C:\WINDOWS\System32\ucrtbase.dll
0x00007ff9cafd0000 - 0x00007ff9cafeb000 	D:\Android Studio\jbr\bin\VCRUNTIME140.dll
0x00007ff9c3060000 - 0x00007ff9c3078000 	D:\Android Studio\jbr\bin\jli.dll
0x00007ff9d33f0000 - 0x00007ff9d35bc000 	C:\WINDOWS\System32\USER32.dll
0x00007ff9d2cc0000 - 0x00007ff9d2ce7000 	C:\WINDOWS\System32\win32u.dll
0x00007ff9bb050000 - 0x00007ff9bb2ea000 	C:\WINDOWS\WinSxS\amd64_microsoft.windows.common-controls_6595b64144ccf1df_6.0.26100.4484_none_3e0e6d4ce32ef3b3\COMCTL32.dll
0x00007ff9d5190000 - 0x00007ff9d51bb000 	C:\WINDOWS\System32\GDI32.dll
0x00007ff9d51c0000 - 0x00007ff9d5269000 	C:\WINDOWS\System32\msvcrt.dll
0x00007ff9d2760000 - 0x00007ff9d2897000 	C:\WINDOWS\System32\gdi32full.dll
0x00007ff9d28a0000 - 0x00007ff9d2943000 	C:\WINDOWS\System32\msvcp_win.dll
0x00007ff9d3640000 - 0x00007ff9d366f000 	C:\WINDOWS\System32\IMM32.DLL
0x00007ff9cc6e0000 - 0x00007ff9cc6ec000 	D:\Android Studio\jbr\bin\vcruntime140_1.dll
0x00007ff96d350000 - 0x00007ff96d3dd000 	D:\Android Studio\jbr\bin\msvcp140.dll
0x00007ff935d60000 - 0x00007ff9369eb000 	D:\Android Studio\jbr\bin\server\jvm.dll
0x00007ff9d4690000 - 0x00007ff9d4744000 	C:\WINDOWS\System32\ADVAPI32.dll
0x00007ff9d4a20000 - 0x00007ff9d4ac6000 	C:\WINDOWS\System32\sechost.dll
0x00007ff9d4850000 - 0x00007ff9d4968000 	C:\WINDOWS\System32\RPCRT4.dll
0x00007ff9d5270000 - 0x00007ff9d52e4000 	C:\WINDOWS\System32\WS2_32.dll
0x00007ff9d10b0000 - 0x00007ff9d110e000 	C:\WINDOWS\SYSTEM32\POWRPROF.dll
0x00007ff9be320000 - 0x00007ff9be355000 	C:\WINDOWS\SYSTEM32\WINMM.dll
0x00007ff9c3260000 - 0x00007ff9c326b000 	C:\WINDOWS\SYSTEM32\VERSION.dll
0x00007ff9d1090000 - 0x00007ff9d10a4000 	C:\WINDOWS\SYSTEM32\UMPDC.dll
0x00007ff9d1350000 - 0x00007ff9d136b000 	C:\WINDOWS\SYSTEM32\kernel.appcore.dll
0x00007ff9cafc0000 - 0x00007ff9cafca000 	D:\Android Studio\jbr\bin\jimage.dll
0x00007ff9cfc00000 - 0x00007ff9cfe41000 	C:\WINDOWS\SYSTEM32\DBGHELP.DLL
0x00007ff9d4ba0000 - 0x00007ff9d4f26000 	C:\WINDOWS\System32\combase.dll
0x00007ff9d3300000 - 0x00007ff9d33e0000 	C:\WINDOWS\System32\OLEAUT32.dll
0x00007ff9ac6d0000 - 0x00007ff9ac713000 	C:\WINDOWS\SYSTEM32\dbgcore.DLL
0x00007ff9d2ad0000 - 0x00007ff9d2b69000 	C:\WINDOWS\System32\bcryptPrimitives.dll
0x00007ff9c2f30000 - 0x00007ff9c2f3e000 	D:\Android Studio\jbr\bin\instrument.dll
0x00007ff9caef0000 - 0x00007ff9caf10000 	D:\Android Studio\jbr\bin\java.dll
0x00007ff9caed0000 - 0x00007ff9caee8000 	D:\Android Studio\jbr\bin\zip.dll
0x00007ff9d3f30000 - 0x00007ff9d467a000 	C:\WINDOWS\System32\SHELL32.dll
0x00007ff9d25e0000 - 0x00007ff9d2754000 	C:\WINDOWS\System32\wintypes.dll
0x00007ff9d0130000 - 0x00007ff9d098b000 	C:\WINDOWS\SYSTEM32\windows.storage.dll
0x00007ff9d4f90000 - 0x00007ff9d5085000 	C:\WINDOWS\System32\SHCORE.dll
0x00007ff9d3ec0000 - 0x00007ff9d3f2a000 	C:\WINDOWS\System32\shlwapi.dll
0x00007ff9d23a0000 - 0x00007ff9d23cf000 	C:\WINDOWS\SYSTEM32\profapi.dll
0x00007ff9caf20000 - 0x00007ff9caf30000 	D:\Android Studio\jbr\bin\net.dll
0x00007ff9c8fb0000 - 0x00007ff9c90ce000 	C:\WINDOWS\SYSTEM32\WINHTTP.dll
0x00007ff9d18e0000 - 0x00007ff9d194a000 	C:\WINDOWS\system32\mswsock.dll
0x00007ff9ca150000 - 0x00007ff9ca166000 	D:\Android Studio\jbr\bin\nio.dll
0x00007ff9c31a0000 - 0x00007ff9c31b0000 	D:\Android Studio\jbr\bin\verify.dll
0x00007ff9af7a0000 - 0x00007ff9af7c7000 	C:\Users\Admin\.gradle\native\c067742578af261105cb4f569cf0c3c89f3d7b1fecec35dd04571415982c5e48\windows-amd64\native-platform.dll
0x00007ff966d60000 - 0x00007ff966ea4000 	C:\Users\Admin\.gradle\native\100fb08df4bc3b14c8652ba06237920a3bd2aa13389f12d3474272988ae205f9\windows-amd64\native-platform-file-events.dll
0x00007ff9ca140000 - 0x00007ff9ca149000 	D:\Android Studio\jbr\bin\management.dll
0x00007ff9c9b00000 - 0x00007ff9c9b0b000 	D:\Android Studio\jbr\bin\management_ext.dll
0x00007ff9d4680000 - 0x00007ff9d4688000 	C:\WINDOWS\System32\PSAPI.DLL
0x00007ff9d1ba0000 - 0x00007ff9d1bbb000 	C:\WINDOWS\SYSTEM32\CRYPTSP.dll
0x00007ff9d12b0000 - 0x00007ff9d12eb000 	C:\WINDOWS\system32\rsaenh.dll
0x00007ff9d1980000 - 0x00007ff9d19ab000 	C:\WINDOWS\SYSTEM32\USERENV.dll
0x00007ff9d2370000 - 0x00007ff9d2396000 	C:\WINDOWS\SYSTEM32\bcrypt.dll
0x00007ff9d1b90000 - 0x00007ff9d1b9c000 	C:\WINDOWS\SYSTEM32\CRYPTBASE.dll
0x00007ff9d0d40000 - 0x00007ff9d0d73000 	C:\WINDOWS\SYSTEM32\IPHLPAPI.DLL
0x00007ff9d32f0000 - 0x00007ff9d32fa000 	C:\WINDOWS\System32\NSI.dll
0x00007ff9ca940000 - 0x00007ff9ca949000 	D:\Android Studio\jbr\bin\extnet.dll
0x00007ff930020000 - 0x00007ff930028000 	C:\WINDOWS\system32\wshunix.dll
0x00007ff967720000 - 0x00007ff967809000 	C:\Users\Admin\AppData\Local\Temp\sqlite-3.41.2.2-54b10ddf-001c-48c9-bf42-e31639e36e45-sqlitejdbc.dll

dbghelp: loaded successfully - version: 4.0.5 - missing functions: none
symbol engine: initialized successfully - sym options: 0x614 - pdb path: .;D:\Android Studio\jbr\bin;C:\WINDOWS\SYSTEM32;C:\WINDOWS\WinSxS\amd64_microsoft.windows.common-controls_6595b64144ccf1df_6.0.26100.4484_none_3e0e6d4ce32ef3b3;D:\Android Studio\jbr\bin\server;C:\Users\Admin\.gradle\native\c067742578af261105cb4f569cf0c3c89f3d7b1fecec35dd04571415982c5e48\windows-amd64;C:\Users\Admin\.gradle\native\100fb08df4bc3b14c8652ba06237920a3bd2aa13389f12d3474272988ae205f9\windows-amd64;C:\Users\Admin\AppData\Local\Temp

VM Arguments:
jvm_args: --add-opens=java.base/java.lang=ALL-UNNAMED --add-opens=java.base/java.lang.invoke=ALL-UNNAMED --add-opens=java.base/java.util=ALL-UNNAMED --add-opens=java.prefs/java.util.prefs=ALL-UNNAMED --add-exports=jdk.compiler/com.sun.tools.javac.api=ALL-UNNAMED --add-exports=jdk.compiler/com.sun.tools.javac.util=ALL-UNNAMED --add-opens=java.base/java.util=ALL-UNNAMED --add-opens=java.prefs/java.util.prefs=ALL-UNNAMED --add-opens=java.base/java.nio.charset=ALL-UNNAMED --add-opens=java.base/java.net=ALL-UNNAMED --add-opens=java.base/java.util.concurrent.atomic=ALL-UNNAMED --add-opens=java.xml/javax.xml.namespace=ALL-UNNAMED -Xmx2048m -Dfile.encoding=UTF-8 -Duser.country=US -Duser.language=en -Duser.variant -javaagent:C:\Users\Admin\.gradle\wrapper\dists\gradle-8.11.1-bin\bpt9gzteqjrbo1mjrsomdt32c\gradle-8.11.1\lib\agents\gradle-instrumentation-agent-8.11.1.jar 
java_command: org.gradle.launcher.daemon.bootstrap.GradleDaemon 8.11.1
java_class_path (initial): C:\Users\Admin\.gradle\wrapper\dists\gradle-8.11.1-bin\bpt9gzteqjrbo1mjrsomdt32c\gradle-8.11.1\lib\gradle-daemon-main-8.11.1.jar
Launcher Type: SUN_STANDARD

[Global flags]
     intx CICompilerCount                          = 12                                        {product} {ergonomic}
     uint ConcGCThreads                            = 3                                         {product} {ergonomic}
     uint G1ConcRefinementThreads                  = 13                                        {product} {ergonomic}
   size_t G1HeapRegionSize                         = 1048576                                   {product} {ergonomic}
    uintx GCDrainStackTargetSize                   = 64                                        {product} {ergonomic}
   size_t InitialHeapSize                          = 266338304                                 {product} {ergonomic}
   size_t MarkStackSize                            = 4194304                                   {product} {ergonomic}
   size_t MaxHeapSize                              = 2147483648                                {product} {command line}
   size_t MaxNewSize                               = 1287651328                                {product} {ergonomic}
   size_t MinHeapDeltaBytes                        = 1048576                                   {product} {ergonomic}
   size_t MinHeapSize                              = 8388608                                   {product} {ergonomic}
    uintx NonNMethodCodeHeapSize                   = 7602480                                {pd product} {ergonomic}
    uintx NonProfiledCodeHeapSize                  = 122027880                              {pd product} {ergonomic}
    uintx ProfiledCodeHeapSize                     = 122027880                              {pd product} {ergonomic}
    uintx ReservedCodeCacheSize                    = 251658240                              {pd product} {ergonomic}
     bool SegmentedCodeCache                       = true                                      {product} {ergonomic}
   size_t SoftMaxHeapSize                          = 2147483648                             {manageable} {ergonomic}
     bool UseCompressedOops                        = true                           {product lp64_product} {ergonomic}
     bool UseG1GC                                  = true                                      {product} {ergonomic}
     bool UseLargePagesIndividualAllocation        = false                                  {pd product} {ergonomic}

Logging:
Log output configuration:
 #0: stdout all=warning uptime,level,tags foldmultilines=false
 #1: stderr all=off uptime,level,tags foldmultilines=false

Environment Variables:
PATH=C:\Program Files\Common Files\Oracle\Java\javapath;C:\Program Files (x86)\Common Files\Oracle\Java\javapath;C:\WINDOWS\system32;C:\WINDOWS;C:\WINDOWS\System32\Wbem;C:\WINDOWS\System32\WindowsPowerShell\v1.0\;C:\WINDOWS\System32\OpenSSH\;C:\Program Files\Microsoft SQL Server\Client SDK\ODBC\170\Tools\Binn\;C:\Program Files (x86)\Microsoft SQL Server\150\Tools\Binn\;C:\Program Files\Microsoft SQL Server\150\Tools\Binn\;C:\Program Files\Microsoft SQL Server\150\DTS\Binn\;C:\Program Files (x86)\Microsoft SQL Server\160\DTS\Binn\;C:\Program Files\Azure Data Studio\bin;C:\Program Files (x86)\NVIDIA Corporation\PhysX\Common;C:\Program Files\Git\cmd;C:\Program Files\dotnet\;C:\Program Files\NVIDIA Corporation\NVIDIA app\NvDLISR;C:\Program Files\nodejs\;C:\Users\Admin\AppData\Local\Microsoft\WindowsApps;C:\Program Files\Azure Data Studio\bin;C:\Users\Admin\AppData\Local\Programs\Microsoft VS Code\bin;C:\Users\Admin\AppData\Local\GitHubDesktop\bin;C:\Users\Admin\.dotnet\tools;C:\Users\Admin\AppData\Roaming\npm;E:\cursor\resources\app\bin
USERNAME=Binhtran
OS=Windows_NT
PROCESSOR_IDENTIFIER=Intel64 Family 6 Model 141 Stepping 1, GenuineIntel
TMP=C:\Users\Admin\AppData\Local\Temp
TEMP=C:\Users\Admin\AppData\Local\Temp




Periodic native trim disabled

JNI global refs:
JNI global refs: 45, weak refs: 457

JNI global refs memory usage: 835, weak refs: 5257

Process memory usage:
Resident Set Size: 1226184K (7% of 16551224K total physical memory with 2648352K free physical memory)

OOME stack traces (most recent first):
Classloader memory used:
Loader org.gradle.internal.classloader.VisitableURLClassLoader$InstrumentingVisitableURLClassLoader: 53953K
Loader org.gradle.internal.classloader.VisitableURLClassLoader                         : 40890K
Loader bootstrap                                                                       : 29262K
Loader java.net.URLClassLoader                                                         : 13767K
Loader org.gradle.initialization.MixInLegacyTypesClassLoader                           : 12341K
Loader jdk.internal.loader.ClassLoaders$AppClassLoader                                 : 10685K
Loader jdk.internal.loader.ClassLoaders$PlatformClassLoader                            : 981K
Loader jdk.internal.reflect.DelegatingClassLoader                                      : 378K
Loader org.gradle.groovy.scripts.internal.DefaultScriptCompilationHandler$ScriptClassLoader: 152K
Loader org.gradle.internal.classloader.VisitableURLClassLoader                         : 95896B
Loader org.codehaus.groovy.runtime.callsite.CallSiteClassLoader                        : 9488B

Classes loaded by more than one classloader:
Class com.google.common.collect.RegularImmutableSet                                   : loaded 3 times (x 145B)
Class com.google.common.collect.RegularImmutableMap$KeySet                            : loaded 3 times (x 148B)
Class com.google.common.base.PairwiseEquivalence                                      : loaded 3 times (x 79B)
Class com.google.common.base.Equivalence$Identity                                     : loaded 3 times (x 78B)
Class com.google.common.collect.ImmutableList$SubList                                 : loaded 3 times (x 205B)
Class com.google.common.collect.ImmutableSet$SetBuilderImpl                           : loaded 3 times (x 72B)
Class com.google.common.collect.ImmutableList                                         : loaded 3 times (x 202B)
Class com.google.common.collect.SetMultimap                                           : loaded 3 times (x 66B)
Class com.google.common.collect.ImmutableMapEntrySet$RegularEntrySet                  : loaded 3 times (x 148B)
Class com.google.common.collect.Maps$BiMapConverter                                   : loaded 3 times (x 86B)
Class com.google.common.collect.PeekingIterator                                       : loaded 3 times (x 66B)
Class com.google.common.base.Preconditions                                            : loaded 3 times (x 67B)
Class com.google.common.base.Equivalence$Equals                                       : loaded 3 times (x 78B)
Class com.google.common.collect.Hashing                                               : loaded 3 times (x 67B)
Class com.google.common.base.PatternCompiler                                          : loaded 3 times (x 66B)
Class com.google.common.collect.RegularImmutableBiMap                                 : loaded 3 times (x 145B)
Class com.google.common.collect.RegularImmutableMap$BucketOverflowException           : loaded 3 times (x 78B)
Class com.google.common.collect.ImmutableSet$RegularSetBuilderImpl                    : loaded 3 times (x 73B)
Class com.google.common.collect.ImmutableList$1                                       : loaded 3 times (x 93B)
Class com.google.common.collect.SortedMapDifference                                   : loaded 3 times (x 66B)
Class com.google.common.collect.CollectPreconditions                                  : loaded 3 times (x 67B)
Class com.google.common.collect.ImmutableEntry                                        : loaded 3 times (x 78B)
Class [Lcom.google.common.collect.AbstractMapEntry;                                   : loaded 3 times (x 65B)
Class com.google.common.base.Predicate                                                : loaded 3 times (x 66B)
Class com.google.common.collect.ImmutableMap                                          : loaded 3 times (x 116B)
Class com.google.common.collect.RegularImmutableMap                                   : loaded 3 times (x 117B)
Class com.google.common.collect.ImmutableMap$MapViewOfValuesAsSingletonSets           : loaded 3 times (x 122B)
Class com.google.common.collect.ImmutableSet                                          : loaded 3 times (x 141B)
Class com.google.common.collect.RegularImmutableMap$Values                            : loaded 3 times (x 203B)
Class com.google.common.collect.Maps$8                                                : loaded 3 times (x 78B)
Class com.google.common.base.Platform                                                 : loaded 3 times (x 67B)
Class com.google.common.collect.UnmodifiableListIterator                              : loaded 3 times (x 91B)
Class [Lcom.google.common.collect.ImmutableEntry;                                     : loaded 3 times (x 65B)
Class com.google.common.collect.Maps                                                  : loaded 3 times (x 67B)
Class com.google.common.base.Platform$JdkPatternCompiler                              : loaded 3 times (x 71B)
Class com.google.common.collect.RegularImmutableList                                  : loaded 3 times (x 209B)
Class com.google.common.base.Equivalence                                              : loaded 3 times (x 78B)
Class com.google.common.collect.ImmutableMapEntry$NonTerminalImmutableMapEntry        : loaded 3 times (x 81B)
Class com.google.common.base.Function                                                 : loaded 3 times (x 66B)
Class com.google.common.collect.ImmutableMapEntry                                     : loaded 3 times (x 81B)
Class com.google.common.base.CommonPattern                                            : loaded 3 times (x 70B)
Class com.google.common.collect.Iterators$MergingIterator                             : loaded 3 times (x 77B)
Class com.google.common.collect.Maps$EntryTransformer                                 : loaded 3 times (x 66B)
Class com.google.common.base.FunctionalEquivalence                                    : loaded 3 times (x 79B)
Class com.google.common.collect.ImmutableAsList                                       : loaded 3 times (x 205B)
Class com.google.common.collect.Iterators$9                                           : loaded 3 times (x 77B)
Class com.google.common.collect.ImmutableSet$CachingAsList                            : loaded 3 times (x 144B)
Class com.google.common.base.Converter                                                : loaded 3 times (x 86B)
Class [Lcom.google.common.collect.ImmutableMapEntry;                                  : loaded 3 times (x 65B)
Class com.google.common.collect.ImmutableCollection                                   : loaded 3 times (x 121B)
Class com.google.common.collect.Iterators$5                                           : loaded 3 times (x 78B)
Class com.google.common.collect.ImmutableEnumMap                                      : loaded 3 times (x 122B)
Class com.google.common.collect.ImmutableBiMap                                        : loaded 3 times (x 139B)
Class com.google.common.collect.Iterators$4                                           : loaded 3 times (x 78B)
Class com.google.common.collect.ImmutableMap$IteratorBasedImmutableMap                : loaded 3 times (x 122B)
Class com.google.common.collect.SingletonImmutableSet                                 : loaded 3 times (x 142B)
Class com.google.common.collect.Iterators$1                                           : loaded 3 times (x 77B)
Class com.google.common.collect.ImmutableList$ReverseImmutableList                    : loaded 3 times (x 205B)
Class com.google.common.base.JdkPattern                                               : loaded 3 times (x 71B)
Class com.google.common.collect.SingletonImmutableList                                : loaded 3 times (x 203B)
Class com.google.common.collect.Multimap                                              : loaded 3 times (x 66B)
Class com.google.common.base.Present                                                  : loaded 3 times (x 77B)
Class com.google.common.collect.ImmutableMap$Builder                                  : loaded 3 times (x 78B)
Class com.google.common.collect.ImmutableMapEntrySet                                  : loaded 3 times (x 148B)
Class com.google.common.collect.AbstractIndexedListIterator                           : loaded 3 times (x 92B)
Class com.google.common.collect.ObjectArrays                                          : loaded 3 times (x 67B)
Class com.google.common.base.Absent                                                   : loaded 3 times (x 76B)
Class com.google.common.collect.AbstractIterator                                      : loaded 3 times (x 78B)
Class com.google.common.collect.BiMap                                                 : loaded 3 times (x 66B)
Class com.google.common.collect.ImmutableMap$1                                        : loaded 3 times (x 77B)
Class com.google.common.collect.IndexedImmutableSet                                   : loaded 3 times (x 148B)
Class com.google.common.base.Optional                                                 : loaded 3 times (x 76B)
Class com.google.common.collect.Iterators                                             : loaded 3 times (x 67B)
Class com.google.common.collect.RegularImmutableAsList                                : loaded 3 times (x 213B)
Class com.google.common.collect.AbstractMapEntry                                      : loaded 3 times (x 77B)
Class com.google.common.collect.SingletonImmutableBiMap                               : loaded 3 times (x 139B)
Class com.google.common.collect.UnmodifiableIterator                                  : loaded 3 times (x 76B)
Class com.google.common.collect.ImmutableCollection$Builder                           : loaded 3 times (x 72B)
Class com.google.common.collect.Iterators$ArrayItr                                    : loaded 3 times (x 93B)
Class com.google.common.collect.MapDifference                                         : loaded 3 times (x 66B)
Class com.google.common.collect.Sets$3                                                : loaded 2 times (x 135B)
Class com.google.common.util.concurrent.AbstractFuture$SafeAtomicHelper               : loaded 2 times (x 75B)
Class com.google.common.cache.LocalCache$LocalLoadingCache                            : loaded 2 times (x 130B)
Class com.google.common.base.AbstractIterator$State                                   : loaded 2 times (x 75B)
Class org.gradle.internal.service.UnknownServiceException                             : loaded 2 times (x 79B)
Class kotlin.jvm.functions.Function21                                                 : loaded 2 times (x 66B)
Class kotlin.reflect.jvm.internal.impl.name.ClassId                                   : loaded 2 times (x 68B)
Class com.google.common.io.ByteArrayDataInput                                         : loaded 2 times (x 66B)
Class com.google.common.collect.Sets$4                                                : loaded 2 times (x 135B)
Class org.objectweb.asm.ModuleVisitor                                                 : loaded 2 times (x 77B)
Class com.google.common.cache.LocalCache$Strength$1                                   : loaded 2 times (x 77B)
Class kotlin.annotation.AnnotationRetention                                           : loaded 2 times (x 75B)
Class kotlin.collections.MapWithDefault                                               : loaded 2 times (x 66B)
Class kotlin.jvm.functions.Function22                                                 : loaded 2 times (x 66B)
Class org.apache.commons.io.output.QueueOutputStream                                  : loaded 2 times (x 83B)
Class com.google.common.util.concurrent.SettableFuture                                : loaded 2 times (x 110B)
Class com.google.common.cache.LocalCache$Strength$2                                   : loaded 2 times (x 77B)
Class [Lorg.objectweb.asm.AnnotationVisitor;                                          : loaded 2 times (x 65B)
Class kotlin.reflect.KTypeParameter                                                   : loaded 2 times (x 66B)
Class kotlin.text.StringsKt__RegexExtensionsJVMKt                                     : loaded 2 times (x 67B)
Class kotlin.collections.ArraysKt___ArraysJvmKt                                       : loaded 2 times (x 67B)
Class kotlin.collections.CollectionsKt__CollectionsKt                                 : loaded 2 times (x 67B)
Class com.google.common.io.ByteStreams                                                : loaded 2 times (x 67B)
Class com.google.common.cache.LocalCache$Strength$3                                   : loaded 2 times (x 77B)
Class com.google.common.base.Splitter$1                                               : loaded 2 times (x 73B)
Class kotlin._Assertions                                                              : loaded 2 times (x 67B)
Class kotlin.reflect.jvm.internal.impl.builtins.functions.FunctionTypeKind            : loaded 2 times (x 68B)
Class kotlin.text.Regex$Companion                                                     : loaded 2 times (x 67B)
Class org.objectweb.asm.FieldWriter                                                   : loaded 2 times (x 74B)
Class com.google.common.cache.CacheBuilder$NullListener                               : loaded 2 times (x 78B)
Class org.gradle.internal.classpath.TransformedClassPath                              : loaded 2 times (x 92B)
Class org.gradle.internal.classloader.InstrumentingClassLoader                        : loaded 2 times (x 66B)
Class kotlin.jvm.functions.Function20                                                 : loaded 2 times (x 66B)
Class kotlin.collections.CollectionsKt___CollectionsKt$asSequence$$inlined$Sequence$1 : loaded 2 times (x 71B)
Class [Lkotlin.annotation.AnnotationTarget;                                           : loaded 2 times (x 65B)
Class kotlin.reflect.jvm.internal.impl.name.StandardClassIds                          : loaded 2 times (x 67B)
Class kotlin.jvm.internal.FunctionReference                                           : loaded 2 times (x 118B)
Class kotlin.enums.EnumEntriesList                                                    : loaded 2 times (x 219B)
Class kotlin.jvm.internal.FunctionBase                                                : loaded 2 times (x 66B)
Class com.google.common.collect.ImmutableRangeSet$AsSet                               : loaded 2 times (x 296B)
Class org.apache.commons.io.output.UnsynchronizedByteArrayOutputStream                : loaded 2 times (x 98B)
Class com.google.common.cache.CacheLoader$FunctionToCacheLoader                       : loaded 2 times (x 71B)
Class kotlin.reflect.jvm.internal.impl.name.FqNamesUtilKt                             : loaded 2 times (x 67B)
Class kotlin.reflect.jvm.internal.impl.name.StandardClassIdsKt                        : loaded 2 times (x 67B)
Class kotlin.comparisons.ComparisonsKt___ComparisonsJvmKt                             : loaded 2 times (x 67B)
Class kotlin.collections.CollectionsKt__IteratorsJVMKt                                : loaded 2 times (x 67B)
Class com.google.common.collect.BaseImmutableMultimap                                 : loaded 2 times (x 119B)
Class org.apache.commons.io.output.ByteArrayOutputStream                              : loaded 2 times (x 98B)
Class com.google.common.base.Joiner                                                   : loaded 2 times (x 75B)
Class com.google.common.base.MoreObjects                                              : loaded 2 times (x 67B)
Class org.gradle.api.internal.ClassPathProvider                                       : loaded 2 times (x 66B)
Class kotlin.Result                                                                   : loaded 2 times (x 68B)
Class kotlin.reflect.KProperty0                                                       : loaded 2 times (x 66B)
Class com.google.common.collect.Platform                                              : loaded 2 times (x 67B)
Class [Lorg.objectweb.asm.Type;                                                       : loaded 2 times (x 65B)
Class settings_4zjbjq5o2yiofuapydz8h05rb                                              : loaded 2 times (x 175B)
Class org.gradle.internal.service.ServiceLocator                                      : loaded 2 times (x 66B)
Class [Lorg.gradle.api.internal.ClassPathProvider;                                    : loaded 2 times (x 65B)
Class kotlin.sequences.TransformingSequence$iterator$1                                : loaded 2 times (x 75B)
Class com.google.common.collect.Iterators$SingletonIterator                           : loaded 2 times (x 77B)
Class com.google.common.collect.Sets$2                                                : loaded 2 times (x 135B)
Class kotlin.Pair                                                                     : loaded 2 times (x 68B)
Class kotlin.reflect.KProperty1                                                       : loaded 2 times (x 66B)
Class kotlin.reflect.KClass                                                           : loaded 2 times (x 66B)
Class com.google.common.collect.HashBiMap$BiEntry                                     : loaded 2 times (x 79B)
Class com.google.common.base.Ascii                                                    : loaded 2 times (x 67B)
Class com.google.common.cache.LocalCache$1                                            : loaded 2 times (x 85B)
Class kotlin.sequences.GeneratorSequence$iterator$1                                   : loaded 2 times (x 75B)
Class kotlin.reflect.KProperty2                                                       : loaded 2 times (x 66B)
Class kotlin.collections.CollectionsKt__MutableCollectionsKt                          : loaded 2 times (x 67B)
Class com.google.common.io.CharSource$StringCharSource                                : loaded 2 times (x 82B)
Class com.google.common.io.ByteSource$ByteArrayByteSource                             : loaded 2 times (x 81B)
Class com.google.common.collect.Sets$ImprovedAbstractSet                              : loaded 2 times (x 131B)
Class com.google.common.collect.ImmutableList$Builder                                 : loaded 2 times (x 73B)
Class com.google.common.collect.AbstractMultimap                                      : loaded 2 times (x 119B)
Class com.google.common.cache.LocalCache$2                                            : loaded 2 times (x 138B)
Class kotlin.ReplaceWith                                                              : loaded 2 times (x 66B)
Class com.google.common.collect.Maps$ViewCachingAbstractMap                           : loaded 2 times (x 121B)
Class kotlin.reflect.jvm.internal.impl.utils.CollectionsKt                            : loaded 2 times (x 67B)
Class kotlin.reflect.jvm.internal.CacheByClass                                        : loaded 2 times (x 69B)
Class kotlin.reflect.KCallable                                                        : loaded 2 times (x 66B)
Class com.google.common.collect.ImmutableRangeSet$1                                   : loaded 2 times (x 206B)
Class com.google.common.util.concurrent.AbstractFuture$UnsafeAtomicHelper$1           : loaded 2 times (x 72B)
Class com.google.common.io.CharSource$ConcatenatedCharSource                          : loaded 2 times (x 82B)
Class kotlin.text.StringsKt__StringNumberConversionsJVMKt                             : loaded 2 times (x 67B)
Class kotlin.text.CharsKt                                                             : loaded 2 times (x 67B)
Class com.google.common.collect.Range                                                 : loaded 2 times (x 83B)
Class com.google.common.util.concurrent.AbstractFuture$Trusted                        : loaded 2 times (x 66B)
Class kotlin.reflect.jvm.internal.impl.builtins.functions.FunctionTypeKind$SuspendFunction: loaded 2 times (x 68B)
Class com.google.common.io.ByteSink$AsCharSink                                        : loaded 2 times (x 76B)
Class com.google.common.util.concurrent.UncheckedExecutionException                   : loaded 2 times (x 78B)
Class com.google.common.collect.Lists$StringAsImmutableList                           : loaded 2 times (x 203B)
Class org.gradle.internal.InternalTransformer                                         : loaded 2 times (x 66B)
Class kotlin.DeprecationLevel                                                         : loaded 2 times (x 75B)
Class kotlin.collections.EmptyList                                                    : loaded 2 times (x 170B)
Class kotlin.reflect.jvm.internal.ReflectionFactoryImpl                               : loaded 2 times (x 87B)
Class kotlin.collections.MapsKt__MapsJVMKt                                            : loaded 2 times (x 67B)
Class com.google.common.collect.AbstractMapBasedMultimap$KeySet$1                     : loaded 2 times (x 78B)
Class org.objectweb.asm.ClassWriter                                                   : loaded 2 times (x 102B)
Class com.google.common.cache.CacheLoader$UnsupportedLoadingOperationException        : loaded 2 times (x 78B)
Class com.google.common.base.CharMatcher$And                                          : loaded 2 times (x 108B)
Class org.gradle.internal.classloader.ClasspathUtil$1                                 : loaded 2 times (x 72B)
Class kotlin.reflect.jvm.internal.impl.builtins.jvm.JavaToKotlinClassMap$PlatformMutabilityMapping: loaded 2 times (x 68B)
Class kotlin.sequences.Sequence                                                       : loaded 2 times (x 66B)
Class org.gradle.api.internal.DefaultClassPathProvider                                : loaded 2 times (x 72B)
Class kotlin.reflect.jvm.internal.impl.builtins.StandardNames$FqNames                 : loaded 2 times (x 67B)
Class com.google.common.base.Objects                                                  : loaded 2 times (x 67B)
Class org.objectweb.asm.FieldVisitor                                                  : loaded 2 times (x 73B)
Class org.gradle.api.internal.classpath.DefaultModuleRegistry$DefaultModule           : loaded 2 times (x 82B)
Class com.google.common.base.Splitter                                                 : loaded 2 times (x 68B)
Class org.objectweb.asm.AnnotationVisitor                                             : loaded 2 times (x 74B)
Class kotlin.reflect.jvm.internal.ClassValueCache                                     : loaded 2 times (x 70B)
Class com.google.common.primitives.Ints                                               : loaded 2 times (x 67B)
Class kotlin.Deprecated                                                               : loaded 2 times (x 66B)
Class com.google.common.collect.Sets$1                                                : loaded 2 times (x 135B)
Class com.google.common.collect.Iterators$EmptyModifiableIterator                     : loaded 2 times (x 82B)
Class kotlin.Result$Failure                                                           : loaded 2 times (x 68B)
Class kotlin.collections.ArraysKt__ArraysKt                                           : loaded 2 times (x 67B)
Class com.google.common.collect.Multiset                                              : loaded 2 times (x 66B)
Class com.google.common.collect.ArrayListMultimapGwtSerializationDependencies         : loaded 2 times (x 168B)
Class com.google.common.math.MathPreconditions                                        : loaded 2 times (x 67B)
Class [Lkotlin.reflect.KCallable;                                                     : loaded 2 times (x 65B)
Class kotlin.reflect.jvm.internal.impl.builtins.jvm.JavaToKotlinClassMap              : loaded 2 times (x 67B)
Class kotlin.reflect.jvm.internal.KotlinReflectionInternalError                       : loaded 2 times (x 78B)
Class kotlin.collections.SetsKt__SetsJVMKt                                            : loaded 2 times (x 67B)
Class kotlin.Function                                                                 : loaded 2 times (x 66B)
Class org.apache.commons.io.output.NullOutputStream                                   : loaded 2 times (x 81B)
Class org.gradle.api.internal.classpath.Module                                        : loaded 2 times (x 66B)
Class kotlin.reflect.jvm.internal.KClassifierImpl                                     : loaded 2 times (x 66B)
Class kotlin.reflect.KMutableProperty                                                 : loaded 2 times (x 66B)
Class com.google.common.cache.Weigher                                                 : loaded 2 times (x 66B)
Class org.gradle.api.internal.classpath.UnknownModuleException                        : loaded 2 times (x 78B)
Class kotlin.jvm.internal.PropertyReference                                           : loaded 2 times (x 111B)
Class com.google.common.base.Stopwatch                                                : loaded 2 times (x 68B)
Class com.google.common.cache.LocalCache$Strength                                     : loaded 2 times (x 77B)
Class com.google.common.cache.Cache                                                   : loaded 2 times (x 66B)
Class kotlin.reflect.KProperty$Accessor                                               : loaded 2 times (x 66B)
Class com.google.common.io.Files$2                                                    : loaded 2 times (x 72B)
Class com.google.common.util.concurrent.AbstractFuture$Cancellation                   : loaded 2 times (x 68B)
Class com.google.common.base.NullnessCasts                                            : loaded 2 times (x 67B)
Class kotlin.reflect.jvm.internal.KCallableImpl                                       : loaded 2 times (x 101B)
Class [Lkotlin.reflect.jvm.internal.impl.builtins.PrimitiveType;                      : loaded 2 times (x 65B)
Class kotlin.reflect.jvm.internal.impl.builtins.StandardNames                         : loaded 2 times (x 67B)
Class kotlin.reflect.jvm.internal.ReflectProperties$LazySoftVal                       : loaded 2 times (x 74B)
Class [Lkotlin.reflect.KAnnotatedElement;                                             : loaded 2 times (x 65B)
Class com.google.common.cache.RemovalListener                                         : loaded 2 times (x 66B)
Class org.gradle.api.internal.DefaultClassPathRegistry                                : loaded 2 times (x 72B)
Class kotlin.reflect.jvm.internal.impl.builtins.functions.FunctionTypeKind$Function   : loaded 2 times (x 68B)
Class kotlin.annotation.AnnotationTarget                                              : loaded 2 times (x 75B)
Class kotlin.jvm.JvmClassMappingKt                                                    : loaded 2 times (x 67B)
Class kotlin.reflect.jvm.internal.KPropertyImpl                                       : loaded 2 times (x 111B)
Class kotlin.reflect.KProperty                                                        : loaded 2 times (x 66B)
Class kotlin.jvm.internal.Reflection                                                  : loaded 2 times (x 67B)
Class com.google.common.primitives.IntsMethodsForWeb                                  : loaded 2 times (x 67B)
Class org.gradle.api.internal.ClassPathRegistry                                       : loaded 2 times (x 66B)
Class org.gradle.internal.classpath.DefaultClassPath$ImmutableUniqueList              : loaded 2 times (x 195B)
Class kotlin.reflect.jvm.internal.impl.resolve.jvm.JvmPrimitiveType                   : loaded 2 times (x 75B)
Class kotlin.reflect.jvm.internal.ComputableClassValue                                : loaded 2 times (x 76B)
Class kotlin.text.StringsKt__StringsJVMKt                                             : loaded 2 times (x 67B)
Class com.google.common.collect.NullnessCasts                                         : loaded 2 times (x 67B)
Class com.google.common.base.ExtraObjectsMethodsForWeb                                : loaded 2 times (x 67B)
Class org.apache.commons.io.IOUtils                                                   : loaded 2 times (x 67B)
Class kotlin.jvm.internal.ArrayIteratorKt                                             : loaded 2 times (x 67B)
Class kotlin.text.StringsKt__IndentKt                                                 : loaded 2 times (x 67B)
Class kotlin.collections.SetsKt                                                       : loaded 2 times (x 67B)
Class com.google.common.io.ByteSink                                                   : loaded 2 times (x 72B)
Class com.google.common.cache.CacheBuilder                                            : loaded 2 times (x 68B)
Class org.gradle.internal.classpath.ClassPath                                         : loaded 2 times (x 66B)
Class org.gradle.api.UncheckedIOException                                             : loaded 2 times (x 78B)
Class com.google.common.collect.ListMultimap                                          : loaded 2 times (x 66B)
Class org.apache.commons.io.output.StringBuilderWriter                                : loaded 2 times (x 96B)
Class [Lkotlin.reflect.jvm.internal.impl.name.FqName;                                 : loaded 2 times (x 65B)
Class kotlin.reflect.KFunction                                                        : loaded 2 times (x 66B)
Class com.google.common.io.Files$FileByteSource                                       : loaded 2 times (x 81B)
Class [Lkotlin.reflect.KDeclarationContainer;                                         : loaded 2 times (x 65B)
Class kotlin.collections.MapsKt__MapsKt                                               : loaded 2 times (x 67B)
Class kotlin.jvm.internal.Lambda                                                      : loaded 2 times (x 71B)
Class com.google.common.io.CharSource$CharSequenceCharSource                          : loaded 2 times (x 82B)
Class org.objectweb.asm.SymbolTable$Entry                                             : loaded 2 times (x 70B)
Class com.google.common.util.concurrent.AbstractFuture$AtomicHelper                   : loaded 2 times (x 74B)
Class [Lorg.apache.commons.io.StandardLineSeparator;                                  : loaded 2 times (x 65B)
Class org.objectweb.asm.Edge                                                          : loaded 2 times (x 68B)
Class com.google.common.base.Suppliers$SupplierOfInstance                             : loaded 2 times (x 75B)
Class com.google.common.collect.ImmutableRangeSet                                     : loaded 2 times (x 111B)
Class com.google.common.collect.CollectSpliterators$1WithCharacteristics              : loaded 2 times (x 86B)
Class kotlin.collections.AbstractMutableSet                                           : loaded 2 times (x 138B)
Class kotlin.Metadata                                                                 : loaded 2 times (x 66B)
Class kotlin.UninitializedPropertyAccessException                                     : loaded 2 times (x 78B)
Class com.google.common.cache.LocalCache$ComputingValueReference                      : loaded 2 times (x 92B)
Class kotlin.reflect.KProperty$Getter                                                 : loaded 2 times (x 66B)
Class com.google.common.cache.LocalCache$Segment                                      : loaded 2 times (x 150B)
Class kotlin.text.StringsKt__AppendableKt                                             : loaded 2 times (x 67B)
Class kotlin.reflect.jvm.internal.impl.name.FqNameUnsafe$1                            : loaded 2 times (x 70B)
Class kotlin.reflect.jvm.internal.ReflectProperties                                   : loaded 2 times (x 67B)
Class kotlin.SafePublicationLazyImpl                                                  : loaded 2 times (x 72B)
Class com.google.common.collect.SortedIterable                                        : loaded 2 times (x 66B)
Class com.google.common.collect.AbstractListMultimap                                  : loaded 2 times (x 168B)
Class [Lorg.objectweb.asm.SymbolTable$Entry;                                          : loaded 2 times (x 65B)
Class com.google.common.cache.CacheLoader                                             : loaded 2 times (x 70B)
Class org.gradle.internal.installation.GradleInstallation$1                           : loaded 2 times (x 71B)
Class org.gradle.api.internal.classpath.ModuleRegistry                                : loaded 2 times (x 66B)
Class org.gradle.api.internal.classpath.EffectiveClassPath                            : loaded 2 times (x 86B)
Class org.apache.commons.io.output.NullWriter                                         : loaded 2 times (x 95B)
Class com.google.common.util.concurrent.internal.InternalFutureFailureAccess          : loaded 2 times (x 68B)
Class com.google.common.collect.ImmutableSet$JdkBackedSetBuilderImpl                  : loaded 2 times (x 72B)
Class com.google.common.base.Splitter$SplittingIterator                               : loaded 2 times (x 80B)
Class kotlin.text.RegexKt                                                             : loaded 2 times (x 67B)
Class kotlin.reflect.jvm.internal.KDeclarationContainerImpl                           : loaded 2 times (x 80B)
Class com.google.common.collect.HashBiMap$Inverse                                     : loaded 2 times (x 138B)
Class com.google.common.util.concurrent.AbstractFuture$UnsafeAtomicHelper             : loaded 2 times (x 74B)
Class com.google.common.cache.LocalCache$LocalManualCache$1                           : loaded 2 times (x 71B)
Class com.google.common.base.CharMatcher$ForPredicate                                 : loaded 2 times (x 108B)
Class kotlin.reflect.jvm.internal.KProperty1Impl                                      : loaded 2 times (x 124B)
Class kotlin.collections.CollectionsKt__CollectionsJVMKt                              : loaded 2 times (x 67B)
Class com.google.common.base.CharMatcher$AnyOf                                        : loaded 2 times (x 108B)
Class settings_4zjbjq5o2yiofuapydz8h05rb$_run_closure1$_closure2                      : loaded 2 times (x 135B)
Class org.gradle.api.internal.classpath.DefaultModuleRegistry                         : loaded 2 times (x 82B)
Class com.google.common.base.Enums$StringConverter                                    : loaded 2 times (x 86B)
Class kotlin.sequences.SequencesKt                                                    : loaded 2 times (x 67B)
Class org.gradle.internal.classloader.ClassLoaderVisitor                              : loaded 2 times (x 72B)
Class kotlin.reflect.jvm.internal.impl.name.SpecialNames                              : loaded 2 times (x 67B)
Class kotlin.reflect.jvm.internal.impl.builtins.functions.FunctionTypeKind$KFunction  : loaded 2 times (x 68B)
Class kotlin.collections.CollectionsKt__IteratorsKt                                   : loaded 2 times (x 67B)
Class com.google.common.util.concurrent.ListenableFuture                              : loaded 2 times (x 66B)
Class com.google.common.cache.ReferenceEntry                                          : loaded 2 times (x 66B)
Class com.google.common.collect.Lists                                                 : loaded 2 times (x 67B)
Class com.google.common.base.CharMatcher$None                                         : loaded 2 times (x 108B)
Class [Lcom.google.common.collect.AbstractIterator$State;                             : loaded 2 times (x 65B)
Class com.google.common.io.ByteSource$ConcatenatedByteSource                          : loaded 2 times (x 81B)
Class kotlin.jvm.internal.markers.KMutableSet                                         : loaded 2 times (x 66B)
Class kotlin.text.StringsKt                                                           : loaded 2 times (x 67B)
Class com.google.common.collect.AbstractMapBasedMultimap                              : loaded 2 times (x 135B)
Class com.google.common.util.concurrent.AbstractFuture                                : loaded 2 times (x 102B)
Class kotlin.LazyKt__LazyJVMKt                                                        : loaded 2 times (x 67B)
Class org.objectweb.asm.RecordComponentVisitor                                        : loaded 2 times (x 73B)
Class com.google.common.cache.CacheLoader$SupplierToCacheLoader                       : loaded 2 times (x 71B)
Class kotlin.jvm.internal.markers.KMutableList                                        : loaded 2 times (x 66B)
Class kotlin.collections.AbstractList$Companion                                       : loaded 2 times (x 67B)
Class kotlin.text.StringsKt__StringNumberConversionsKt                                : loaded 2 times (x 67B)
Class org.gradle.internal.service.ServiceLookupException                              : loaded 2 times (x 78B)
Class com.google.common.collect.ImmutableSortedSet                                    : loaded 2 times (x 296B)
Class com.google.common.collect.Lists$ReverseList                                     : loaded 2 times (x 196B)
Class kotlin.sequences.SequencesKt___SequencesKt                                      : loaded 2 times (x 67B)
Class org.gradle.internal.classloader.ClassLoaderFactory                              : loaded 2 times (x 66B)
Class org.gradle.internal.classloader.DefaultClassLoaderFactory                       : loaded 2 times (x 78B)
Class kotlin.reflect.jvm.internal.impl.builtins.PrimitiveType                         : loaded 2 times (x 75B)
Class com.google.common.collect.ImmutableMap$SerializedForm                           : loaded 2 times (x 69B)
Class org.apache.commons.io.CloseableURLConnection                                    : loaded 2 times (x 112B)
Class com.google.common.cache.LocalCache$LocalManualCache                             : loaded 2 times (x 95B)
Class com.google.common.base.CharMatcher$IsNot                                        : loaded 2 times (x 107B)
Class org.gradle.internal.service.CachingServiceLocator                               : loaded 2 times (x 78B)
Class kotlin.jvm.internal.CallableReference                                           : loaded 2 times (x 102B)
Class com.google.common.collect.RegularImmutableSortedSet                             : loaded 2 times (x 296B)
Class com.google.common.collect.AbstractMapBasedMultimap$KeySet                       : loaded 2 times (x 133B)
Class com.google.common.math.IntMath                                                  : loaded 2 times (x 67B)
Class com.google.common.base.Suppliers                                                : loaded 2 times (x 67B)
Class kotlin.jvm.internal.markers.KMutableMap                                         : loaded 2 times (x 66B)
Class kotlin.reflect.jvm.internal.impl.descriptors.runtime.structure.ReflectClassUtilKt: loaded 2 times (x 67B)
Class [Lcom.google.common.collect.HashBiMap$BiEntry;                                  : loaded 2 times (x 65B)
Class [Lcom.google.common.cache.CacheBuilder$OneWeigher;                              : loaded 2 times (x 65B)
Class org.objectweb.asm.MethodTooLargeException                                       : loaded 2 times (x 79B)
Class [Lkotlin.reflect.KClass;                                                        : loaded 2 times (x 65B)
Class kotlin.enums.EnumEntries                                                        : loaded 2 times (x 66B)
Class com.google.common.collect.ImmutableMultimap                                     : loaded 2 times (x 143B)
Class kotlin.reflect.jvm.internal.impl.name.FqName                                    : loaded 2 times (x 68B)
Class org.apache.commons.io.output.AbstractByteArrayOutputStream                      : loaded 2 times (x 98B)
Class com.google.common.collect.IndexedImmutableSet$1                                 : loaded 2 times (x 209B)
Class com.google.common.cache.CacheBuilder$OneWeigher                                 : loaded 2 times (x 78B)
Class kotlin.reflect.jvm.internal.KDeclarationContainerImpl$Companion                 : loaded 2 times (x 67B)
Class org.gradle.internal.classloader.ClasspathUtil                                   : loaded 2 times (x 67B)
Class kotlin.jvm.internal.PropertyReference0                                          : loaded 2 times (x 123B)
Class com.google.common.base.Charsets                                                 : loaded 2 times (x 67B)
Class com.google.common.util.concurrent.Uninterruptibles                              : loaded 2 times (x 67B)
Class org.objectweb.asm.ClassVisitor                                                  : loaded 2 times (x 84B)
Class kotlin.reflect.jvm.internal.impl.builtins.functions.FunctionTypeKind$KSuspendFunction: loaded 2 times (x 68B)
Class kotlin.reflect.full.IllegalCallableAccessException                              : loaded 2 times (x 78B)
Class kotlin.jvm.internal.DefaultConstructorMarker                                    : loaded 2 times (x 67B)
Class kotlin.jvm.internal.PropertyReference1                                          : loaded 2 times (x 123B)
Class com.google.common.io.CharSource                                                 : loaded 2 times (x 81B)
Class org.gradle.api.specs.Spec                                                       : loaded 2 times (x 66B)
Class [Lorg.objectweb.asm.Symbol;                                                     : loaded 2 times (x 65B)
Class kotlin.UnsafeLazyImpl                                                           : loaded 2 times (x 72B)
Class kotlin.LazyKt__LazyJVMKt$WhenMappings                                           : loaded 2 times (x 67B)
Class kotlin.jvm.internal.PropertyReference2                                          : loaded 2 times (x 123B)
Class kotlin.jvm.internal.MutablePropertyReference                                    : loaded 2 times (x 115B)
Class kotlin.jvm.internal.ArrayIterator                                               : loaded 2 times (x 75B)
Class [Lkotlin.reflect.jvm.internal.impl.builtins.jvm.JavaToKotlinClassMap$PlatformMutabilityMapping;: loaded 2 times (x 65B)
Class kotlin.reflect.full.IllegalPropertyDelegateAccessException                      : loaded 2 times (x 78B)
Class kotlin.LazyThreadSafetyMode                                                     : loaded 2 times (x 75B)
Class com.google.common.cache.LocalCache$LoadingValueReference                        : loaded 2 times (x 92B)
Class kotlin.sequences.TransformingSequence                                           : loaded 2 times (x 71B)
Class kotlin.jvm.internal.SpreadBuilder                                               : loaded 2 times (x 72B)
Class kotlin.collections.EmptyIterator                                                : loaded 2 times (x 85B)
Class kotlin.text.StringsKt__RegexExtensionsKt                                        : loaded 2 times (x 67B)
Class kotlin.SynchronizedLazyImpl                                                     : loaded 2 times (x 72B)
Class com.google.common.collect.CollectSpliterators                                   : loaded 2 times (x 67B)
Class com.google.common.io.ByteArrayDataOutput                                        : loaded 2 times (x 66B)
Class kotlin.sequences.SequencesKt__SequencesJVMKt                                    : loaded 2 times (x 67B)
Class kotlin.collections.AbstractList                                                 : loaded 2 times (x 193B)
Class kotlin.collections.AbstractCollection                                           : loaded 2 times (x 113B)
Class [Lorg.objectweb.asm.AnnotationWriter;                                           : loaded 2 times (x 65B)
Class kotlin.collections.ArrayAsCollection                                            : loaded 2 times (x 101B)
Class kotlin.text.Regex                                                               : loaded 2 times (x 68B)
Class kotlin.text.StringsKt__StringBuilderJVMKt                                       : loaded 2 times (x 67B)
Class kotlin.LazyKt__LazyKt                                                           : loaded 2 times (x 67B)
Class [Lcom.google.common.collect.Iterators$EmptyModifiableIterator;                  : loaded 2 times (x 65B)
Class com.google.common.collect.ImmutableRangeSet$Builder                             : loaded 2 times (x 73B)
Class com.google.common.collect.Lists$ReverseList$1                                   : loaded 2 times (x 95B)
Class com.google.common.collect.Sets$SetView                                          : loaded 2 times (x 134B)
Class com.google.common.cache.LocalCache$StrongValueReference                         : loaded 2 times (x 86B)
Class com.google.common.util.concurrent.AbstractFuture$SynchronizedHelper             : loaded 2 times (x 74B)
Class kotlin.jvm.internal.ReflectionFactory                                           : loaded 2 times (x 87B)
Class kotlin.UNINITIALIZED_VALUE                                                      : loaded 2 times (x 67B)
Class com.google.common.graph.SuccessorsFunction                                      : loaded 2 times (x 66B)
Class org.objectweb.asm.Type                                                          : loaded 2 times (x 68B)
Class org.gradle.internal.classloader.VisitableURLClassLoader$InstrumentingVisitableURLClassLoader: loaded 2 times (x 119B)
Class kotlin.coroutines.Continuation                                                  : loaded 2 times (x 66B)
Class kotlin.sequences.SequencesKt__SequencesKt                                       : loaded 2 times (x 67B)
Class [Lkotlin.reflect.jvm.internal.impl.resolve.jvm.JvmPrimitiveType;                : loaded 2 times (x 65B)
Class kotlin.jvm.internal.ClassBasedDeclarationContainer                              : loaded 2 times (x 66B)
Class kotlin.comparisons.ComparisonsKt__ComparisonsKt                                 : loaded 2 times (x 67B)
Class kotlin.collections.SetsKt___SetsKt                                              : loaded 2 times (x 67B)
Class kotlin.ranges.RangesKt__RangesKt                                                : loaded 2 times (x 67B)
Class com.google.common.io.Files$FileByteSink                                         : loaded 2 times (x 73B)
Class org.objectweb.asm.ByteVector                                                    : loaded 2 times (x 75B)
Class [Lcom.google.common.cache.CacheBuilder$NullListener;                            : loaded 2 times (x 65B)
Class com.google.common.math.IntMath$1                                                : loaded 2 times (x 67B)
Class org.gradle.internal.classloader.VisitableURLClassLoader$Spec                    : loaded 2 times (x 70B)
Class org.gradle.internal.classpath.DefaultClassPath                                  : loaded 2 times (x 86B)
Class kotlin.sequences.FilteringSequence                                              : loaded 2 times (x 71B)
Class kotlin.Result$Companion                                                         : loaded 2 times (x 67B)
Class kotlin.comparisons.ComparisonsKt                                                : loaded 2 times (x 67B)
Class kotlin.comparisons.ComparisonsKt___ComparisonsKt                                : loaded 2 times (x 67B)
Class kotlin.text.CharsKt__CharJVMKt                                                  : loaded 2 times (x 67B)
Class org.objectweb.asm.Symbol                                                        : loaded 2 times (x 69B)
Class com.google.common.base.AbstractIterator                                         : loaded 2 times (x 76B)
Class kotlin.jvm.internal.MutablePropertyReference2                                   : loaded 2 times (x 133B)
Class kotlin.reflect.jvm.internal.ReflectProperties$Val                               : loaded 2 times (x 70B)
Class kotlin.reflect.KType                                                            : loaded 2 times (x 66B)
Class com.google.common.io.Closer                                                     : loaded 2 times (x 74B)
Class com.google.common.base.CharMatcher$Ascii                                        : loaded 2 times (x 108B)
Class com.google.common.base.CharMatcher$BitSetMatcher                                : loaded 2 times (x 108B)
Class org.gradle.internal.classloader.ClassLoaderSpec                                 : loaded 2 times (x 67B)
Class kotlin.jvm.internal.FunctionReferenceImpl                                       : loaded 2 times (x 118B)
Class kotlin.reflect.jvm.internal.ReflectProperties$Val$1                             : loaded 2 times (x 67B)
Class kotlin.collections.CollectionsKt___CollectionsJvmKt                             : loaded 2 times (x 67B)
Class com.google.common.io.ByteSource$EmptyByteSource                                 : loaded 2 times (x 81B)
Class org.objectweb.asm.AnnotationWriter                                              : loaded 2 times (x 75B)
Class com.google.common.cache.CacheStats                                              : loaded 2 times (x 67B)
Class kotlin.Unit                                                                     : loaded 2 times (x 67B)
Class kotlin.sequences.SequencesKt___SequencesJvmKt                                   : loaded 2 times (x 67B)
Class kotlin.jvm.internal.markers.KMutableIterable                                    : loaded 2 times (x 66B)
Class kotlin.TuplesKt                                                                 : loaded 2 times (x 67B)
Class com.google.common.io.LineProcessor                                              : loaded 2 times (x 66B)
Class com.google.common.io.Closer$Suppressor                                          : loaded 2 times (x 66B)
Class org.objectweb.asm.RecordComponentWriter                                         : loaded 2 times (x 74B)
Class com.google.common.util.concurrent.AbstractFuture$Listener                       : loaded 2 times (x 68B)
Class com.google.common.base.CharMatcher$Or                                           : loaded 2 times (x 108B)
Class kotlin.ranges.RangesKt                                                          : loaded 2 times (x 67B)
Class org.objectweb.asm.Attribute                                                     : loaded 2 times (x 73B)
Class com.google.common.base.Supplier                                                 : loaded 2 times (x 66B)
Class org.gradle.internal.classloader.VisitableURLClassLoader                         : loaded 2 times (x 113B)
Class kotlin.sequences.FlatteningSequence$iterator$1                                  : loaded 2 times (x 75B)
Class kotlin.sequences.GeneratorSequence                                              : loaded 2 times (x 71B)
Class [Lkotlin.DeprecationLevel;                                                      : loaded 2 times (x 65B)
Class kotlin.reflect.jvm.internal.KClassImpl                                          : loaded 2 times (x 111B)
Class kotlin.collections.ArraysUtilJVM                                                : loaded 2 times (x 67B)
Class kotlin.jvm.functions.Function0                                                  : loaded 2 times (x 66B)
Class com.google.common.collect.ImmutableList$SerializedForm                          : loaded 2 times (x 69B)
Class com.google.common.io.CharSource$AsByteSource                                    : loaded 2 times (x 81B)
Class com.google.common.util.concurrent.AbstractFuture$Waiter                         : loaded 2 times (x 68B)
Class org.gradle.internal.Cast                                                        : loaded 2 times (x 67B)
Class org.gradle.api.Action                                                           : loaded 2 times (x 66B)
Class kotlin.collections.AbstractMutableList                                          : loaded 2 times (x 202B)
Class kotlin.jvm.functions.Function1                                                  : loaded 2 times (x 66B)
Class build_e1dp6m0qyu75rtisx7vduwivc                                                 : loaded 2 times (x 176B)
Class com.google.common.collect.HashBiMap                                             : loaded 2 times (x 139B)
Class com.google.common.base.Strings                                                  : loaded 2 times (x 67B)
Class com.google.common.collect.Sets                                                  : loaded 2 times (x 67B)
Class org.objectweb.asm.Handler                                                       : loaded 2 times (x 68B)
Class com.google.common.base.Ticker                                                   : loaded 2 times (x 68B)
Class com.google.common.base.CharMatcher$FastMatcher                                  : loaded 2 times (x 107B)
Class kotlin.KotlinNothingValueException                                              : loaded 2 times (x 78B)
Class org.gradle.api.internal.classpath.ManifestUtil                                  : loaded 2 times (x 67B)
Class kotlin.jvm.internal.markers.KMutableIterator                                    : loaded 2 times (x 66B)
Class com.google.common.util.concurrent.ExecutionError                                : loaded 2 times (x 78B)
Class kotlin.jvm.functions.Function2                                                  : loaded 2 times (x 66B)
Class [Lcom.google.common.cache.LocalCache$Segment;                                   : loaded 2 times (x 65B)
Class [Lcom.google.common.cache.LocalCache$Strength;                                  : loaded 2 times (x 65B)
Class com.google.common.cache.CacheBuilder$1                                          : loaded 2 times (x 81B)
Class org.gradle.internal.classpath.DefaultClassPath$ImmutableUniqueList$Builder      : loaded 2 times (x 71B)
Class kotlin.jvm.functions.Function3                                                  : loaded 2 times (x 66B)
Class kotlin.reflect.jvm.internal.KDeclarationContainerImpl$Data                      : loaded 2 times (x 68B)
Class kotlin.collections.MapsKt___MapsJvmKt                                           : loaded 2 times (x 67B)
Class com.google.common.collect.AbstractRangeSet                                      : loaded 2 times (x 110B)
Class com.google.common.cache.LocalCache                                              : loaded 2 times (x 183B)
Class com.google.common.cache.CacheBuilder$2                                          : loaded 2 times (x 75B)
Class com.google.common.base.CharMatcher$NegatedFastMatcher                           : loaded 2 times (x 109B)
Class com.google.common.collect.ImmutableEnumSet                                      : loaded 2 times (x 142B)
Class kotlin.jvm.internal.MutablePropertyReference1                                   : loaded 2 times (x 133B)
Class kotlin.annotation.Target                                                        : loaded 2 times (x 66B)
Class kotlin.collections.EmptySet                                                     : loaded 2 times (x 118B)
Class kotlin.reflect.jvm.internal.impl.builtins.PrimitiveType$Companion               : loaded 2 times (x 67B)
Class kotlin.jvm.functions.Function4                                                  : loaded 2 times (x 66B)
Class kotlin.reflect.jvm.internal.KClassImpl$Data                                     : loaded 2 times (x 68B)
Class kotlin.collections.CollectionsKt___CollectionsKt                                : loaded 2 times (x 67B)
Class com.google.common.collect.ArrayListMultimap                                     : loaded 2 times (x 168B)
Class com.google.common.cache.CacheBuilder$3                                          : loaded 2 times (x 68B)
Class org.gradle.api.GradleException                                                  : loaded 2 times (x 78B)
Class kotlin.SafePublicationLazyImpl$Companion                                        : loaded 2 times (x 67B)
Class kotlin.annotation.Retention                                                     : loaded 2 times (x 66B)
Class kotlin.jvm.functions.Function5                                                  : loaded 2 times (x 66B)
Class kotlin.reflect.KDeclarationContainer                                            : loaded 2 times (x 66B)
Class kotlin.text.StringsKt___StringsJvmKt                                            : loaded 2 times (x 67B)
Class com.google.common.base.Suppliers$MemoizingSupplier                              : loaded 2 times (x 75B)
Class com.google.common.io.CharSource$EmptyCharSource                                 : loaded 2 times (x 82B)
Class org.apache.commons.io.StandardLineSeparator                                     : loaded 2 times (x 75B)
Class kotlin.jvm.internal.PropertyReference1Impl                                      : loaded 2 times (x 123B)
Class kotlin.jvm.functions.Function6                                                  : loaded 2 times (x 66B)
Class kotlin.reflect.jvm.internal.KTypeParameterOwnerImpl                             : loaded 2 times (x 66B)
Class kotlin.collections.ArraysKt___ArraysKt                                          : loaded 2 times (x 67B)
Class kotlin.collections.MapsKt___MapsKt                                              : loaded 2 times (x 67B)
Class [Lcom.google.common.io.FileWriteMode;                                           : loaded 2 times (x 65B)
Class kotlin.jvm.functions.Function7                                                  : loaded 2 times (x 66B)
Class kotlin.reflect.jvm.internal.impl.name.Name                                      : loaded 2 times (x 71B)
Class kotlin.reflect.jvm.internal.KPropertyImpl$Companion                             : loaded 2 times (x 67B)
Class kotlin.collections.MapsKt__MapWithDefaultKt                                     : loaded 2 times (x 67B)
Class com.google.common.io.Files                                                      : loaded 2 times (x 67B)
Class com.google.common.cache.LocalCache$EntryFactory                                 : loaded 2 times (x 79B)
Class [Lkotlin.annotation.AnnotationRetention;                                        : loaded 2 times (x 65B)
Class kotlin.jvm.functions.Function8                                                  : loaded 2 times (x 66B)
Class kotlin.reflect.jvm.internal.impl.name.FqNameUnsafe                              : loaded 2 times (x 68B)
Class kotlin.text.StringsKt___StringsKt                                               : loaded 2 times (x 67B)
Class kotlin.enums.EnumEntriesKt                                                      : loaded 2 times (x 67B)
Class kotlin.collections.CollectionsKt__MutableCollectionsJVMKt                       : loaded 2 times (x 67B)
Class com.google.common.base.CharMatcher$Whitespace                                   : loaded 2 times (x 108B)
Class com.google.common.cache.LocalCache$AbstractReferenceEntry                       : loaded 2 times (x 103B)
Class com.google.common.base.Splitter$1$1                                             : loaded 2 times (x 82B)
Class org.gradle.internal.IoActions                                                   : loaded 2 times (x 67B)
Class com.google.common.base.Enums                                                    : loaded 2 times (x 67B)
Class org.gradle.internal.classloader.ClassLoaderHierarchy                            : loaded 2 times (x 66B)
Class kotlin.annotation.MustBeDocumented                                              : loaded 2 times (x 66B)
Class [Lkotlin.reflect.jvm.internal.impl.name.ClassId;                                : loaded 2 times (x 65B)
Class kotlin.jvm.functions.Function10                                                 : loaded 2 times (x 66B)
Class kotlin.jvm.functions.Function9                                                  : loaded 2 times (x 66B)
Class [Lkotlin.LazyThreadSafetyMode;                                                  : loaded 2 times (x 65B)
Class [Lkotlin.reflect.KClassifier;                                                   : loaded 2 times (x 65B)
Class kotlin.reflect.jvm.internal.EmptyContainerForLocal                              : loaded 2 times (x 80B)
Class com.google.common.collect.ImmutableMapKeySet                                    : loaded 2 times (x 148B)
Class com.google.common.collect.ImmutableRangeSet$ComplementRanges                    : loaded 2 times (x 203B)
Class org.objectweb.asm.SymbolTable                                                   : loaded 2 times (x 68B)
Class com.google.common.cache.CacheLoader$InvalidCacheLoadException                   : loaded 2 times (x 78B)
Class org.gradle.internal.classloader.SystemClassLoaderSpec                           : loaded 2 times (x 67B)
Class kotlin.jvm.internal.markers.KMutableCollection                                  : loaded 2 times (x 66B)
Class kotlin.collections.EmptyMap                                                     : loaded 2 times (x 105B)
Class kotlin.jvm.functions.Function11                                                 : loaded 2 times (x 66B)
Class kotlin.reflect.KAnnotatedElement                                                : loaded 2 times (x 66B)
Class kotlin.jvm.internal.Intrinsics                                                  : loaded 2 times (x 67B)
Class com.google.common.cache.LocalCache$StrongEntry                                  : loaded 2 times (x 104B)
Class com.google.common.util.concurrent.AbstractFuture$TrustedFuture                  : loaded 2 times (x 110B)
Class com.google.common.cache.LoadingCache                                            : loaded 2 times (x 66B)
Class com.google.common.base.CharMatcher$IsEither                                     : loaded 2 times (x 107B)
Class kotlin.jvm.functions.Function12                                                 : loaded 2 times (x 66B)
Class kotlin.collections.MapsKt                                                       : loaded 2 times (x 67B)
Class kotlin.collections.CollectionsKt__IterablesKt                                   : loaded 2 times (x 67B)
Class com.google.common.base.Suppliers$NonSerializableMemoizingSupplier               : loaded 2 times (x 75B)
Class com.google.common.io.ByteStreams$LimitedInputStream                             : loaded 2 times (x 88B)
Class org.objectweb.asm.MethodWriter                                                  : loaded 2 times (x 102B)
Class [Lcom.google.common.cache.Weigher;                                              : loaded 2 times (x 65B)
Class kotlin.jvm.functions.Function13                                                 : loaded 2 times (x 66B)
Class kotlin.KotlinNullPointerException                                               : loaded 2 times (x 79B)
Class [Lcom.google.common.base.AbstractIterator$State;                                : loaded 2 times (x 65B)
Class kotlin.jvm.functions.Function14                                                 : loaded 2 times (x 66B)
Class kotlin.ranges.RangesKt___RangesKt                                               : loaded 2 times (x 67B)
Class com.google.common.collect.AbstractIterator$State                                : loaded 2 times (x 75B)
Class com.google.common.cache.LocalCache$ValueReference                               : loaded 2 times (x 66B)
Class com.google.common.base.CharMatcher$Negated                                      : loaded 2 times (x 109B)
Class com.google.common.base.CharMatcher$Is                                           : loaded 2 times (x 107B)
Class com.google.common.io.FileWriteMode                                              : loaded 2 times (x 75B)
Class build_e1dp6m0qyu75rtisx7vduwivc$_run_closure1                                   : loaded 2 times (x 135B)
Class kotlin.collections.CollectionsKt__ReversedViewsKt                               : loaded 2 times (x 67B)
Class kotlin.jvm.internal.MutablePropertyReference0                                   : loaded 2 times (x 133B)
Class kotlin.jvm.functions.Function15                                                 : loaded 2 times (x 66B)
Class kotlin.text.CharsKt__CharKt                                                     : loaded 2 times (x 67B)
Class kotlin.collections.ArraysKt                                                     : loaded 2 times (x 67B)
Class com.google.common.hash.PrimitiveSink                                            : loaded 2 times (x 66B)
Class com.google.common.util.concurrent.AbstractFuture$Failure                        : loaded 2 times (x 68B)
Class kotlin.reflect.jvm.internal.impl.builtins.CompanionObjectMapping                : loaded 2 times (x 67B)
Class kotlin.jvm.functions.Function16                                                 : loaded 2 times (x 66B)
Class kotlin.reflect.jvm.internal.CacheByClassKt                                      : loaded 2 times (x 67B)
Class kotlin.collections.SetsKt__SetsKt                                               : loaded 2 times (x 67B)
Class kotlin.LazyKt                                                                   : loaded 2 times (x 67B)
Class com.google.common.collect.ImmutableSetMultimap                                  : loaded 2 times (x 176B)
Class com.google.common.io.CharSink                                                   : loaded 2 times (x 75B)
Class com.google.common.base.Joiner$1                                                 : loaded 2 times (x 76B)
Class org.objectweb.asm.Label                                                         : loaded 2 times (x 69B)
Class org.objectweb.asm.CurrentFrame                                                  : loaded 2 times (x 69B)
Class org.objectweb.asm.ClassTooLargeException                                        : loaded 2 times (x 79B)
Class com.google.common.base.CharMatcher                                              : loaded 2 times (x 107B)
Class kotlin.jvm.functions.Function17                                                 : loaded 2 times (x 66B)
Class kotlin.collections.ArraysKt__ArraysJVMKt                                        : loaded 2 times (x 67B)
Class com.google.common.io.ByteSource$AsCharSource                                    : loaded 2 times (x 82B)
Class com.google.common.collect.Table                                                 : loaded 2 times (x 66B)
Class com.google.common.collect.RangeGwtSerializationDependencies                     : loaded 2 times (x 67B)
Class com.google.common.collect.Maps$IteratorBasedAbstractMap                         : loaded 2 times (x 121B)
Class com.google.common.base.Joiner$2                                                 : loaded 2 times (x 75B)
Class org.objectweb.asm.Frame                                                         : loaded 2 times (x 69B)
Class org.objectweb.asm.MethodVisitor                                                 : loaded 2 times (x 101B)
Class com.google.common.cache.LocalCache$EntryFactory$1                               : loaded 2 times (x 79B)
Class [Lcom.google.common.cache.RemovalListener;                                      : loaded 2 times (x 65B)
Class com.google.common.base.CharMatcher$1                                            : loaded 2 times (x 109B)
Class com.google.common.base.CharMatcher$NamedFastMatcher                             : loaded 2 times (x 108B)
Class settings_4zjbjq5o2yiofuapydz8h05rb$_run_closure1                                : loaded 2 times (x 135B)
Class kotlin.jvm.functions.Function18                                                 : loaded 2 times (x 66B)
Class kotlin.jvm.internal.CallableReference$NoReceiver                                : loaded 2 times (x 67B)
Class kotlin.reflect.jvm.internal.CachesKt                                            : loaded 2 times (x 67B)
Class kotlin.text.StringsKt__StringBuilderKt                                          : loaded 2 times (x 67B)
Class com.google.common.collect.RangeSet                                              : loaded 2 times (x 66B)
Class com.google.common.cache.LocalCache$EntryFactory$2                               : loaded 2 times (x 79B)
Class org.gradle.api.internal.classpath.GlobalCacheRootsProvider                      : loaded 2 times (x 66B)
Class kotlin.jvm.internal.CollectionToArray                                           : loaded 2 times (x 67B)
Class kotlin.sequences.SequencesKt__SequenceBuilderKt                                 : loaded 2 times (x 67B)
Class kotlin.reflect.KMutableProperty$Setter                                          : loaded 2 times (x 66B)
Class kotlin.jvm.functions.Function19                                                 : loaded 2 times (x 66B)
Class kotlin.Lazy                                                                     : loaded 2 times (x 66B)
Class kotlin.NoWhenBranchMatchedException                                             : loaded 2 times (x 78B)
Class com.google.common.collect.CollectCollectors                                     : loaded 2 times (x 67B)
Class org.objectweb.asm.ModuleWriter                                                  : loaded 2 times (x 78B)
Class com.google.common.cache.LocalCache$EntryFactory$3                               : loaded 2 times (x 79B)
Class com.google.common.base.Ticker$1                                                 : loaded 2 times (x 68B)
Class kotlin.sequences.FilteringSequence$iterator$1                                   : loaded 2 times (x 75B)
Class com.google.common.cache.LocalCache$EntryFactory$4                               : loaded 2 times (x 79B)
Class com.google.common.collect.ImmutableSet$Builder                                  : loaded 2 times (x 81B)
Class com.google.common.base.CharMatcher$InRange                                      : loaded 2 times (x 107B)
Class com.google.common.io.ByteStreams$1                                              : loaded 2 times (x 81B)
Class com.google.common.cache.LocalCache$EntryFactory$5                               : loaded 2 times (x 79B)
Class [Lkotlin.reflect.KProperty;                                                     : loaded 2 times (x 65B)
Class kotlin.jvm.internal.markers.KMappedMarker                                       : loaded 2 times (x 66B)
Class org.apache.commons.io.output.AppendableWriter                                   : loaded 2 times (x 96B)
Class com.google.common.cache.LocalCache$EntryFactory$6                               : loaded 2 times (x 79B)
Class org.gradle.internal.installation.CurrentGradleInstallationLocator               : loaded 2 times (x 67B)
Class org.gradle.internal.classloader.FilteringClassLoader                            : loaded 2 times (x 101B)
Class com.google.common.io.ByteSource$SlicedByteSource                                : loaded 2 times (x 81B)
Class org.apache.commons.io.output.ThresholdingOutputStream                           : loaded 2 times (x 91B)
Class com.google.common.collect.Maps$KeySet                                           : loaded 2 times (x 133B)
Class com.google.common.cache.LocalCache$EntryFactory$7                               : loaded 2 times (x 79B)
Class com.google.common.collect.ImmutableSet$EmptySetBuilderImpl                      : loaded 2 times (x 72B)
Class org.gradle.internal.service.DefaultServiceLocator                               : loaded 2 times (x 79B)
Class kotlin.NotImplementedError                                                      : loaded 2 times (x 78B)
Class kotlin.reflect.KMutableProperty0                                                : loaded 2 times (x 66B)
Class kotlin.reflect.KClassifier                                                      : loaded 2 times (x 66B)
Class com.google.common.cache.LocalCache$EntryFactory$8                               : loaded 2 times (x 79B)
Class org.gradle.internal.installation.CurrentGradleInstallation                      : loaded 2 times (x 69B)
Class kotlin.text.StringsKt__StringsKt                                                : loaded 2 times (x 67B)
Class kotlin.reflect.KMutableProperty1                                                : loaded 2 times (x 66B)
Class com.google.common.cache.CacheLoader$1                                           : loaded 2 times (x 71B)
Class com.google.common.collect.ForwardingObject                                      : loaded 2 times (x 68B)
Class org.gradle.util.internal.GUtil                                                  : loaded 2 times (x 67B)
Class kotlin.reflect.KMutableProperty2                                                : loaded 2 times (x 66B)
Class kotlin.collections.CollectionsKt                                                : loaded 2 times (x 67B)
Class com.google.common.io.ByteSource                                                 : loaded 2 times (x 80B)
Class com.google.common.util.concurrent.AbstractFuture$SetFuture                      : loaded 2 times (x 71B)
Class com.google.common.cache.AbstractCache$StatsCounter                              : loaded 2 times (x 66B)
Class [Lcom.google.common.cache.LocalCache$EntryFactory;                              : loaded 2 times (x 65B)
Class kotlin.sequences.FlatteningSequence                                             : loaded 2 times (x 71B)
Class kotlin.reflect.jvm.internal.RuntimeTypeMapper                                   : loaded 2 times (x 67B)
Class org.gradle.internal.installation.GradleInstallation                             : loaded 2 times (x 71B)
Class com.google.common.collect.Iterables                                             : loaded 2 times (x 67B)
Class com.google.common.base.Splitter$Strategy                                        : loaded 2 times (x 66B)
Class kotlin.jvm.KotlinReflectionNotSupportedError                                    : loaded 2 times (x 78B)
Class com.google.common.collect.Lists$RandomAccessReverseList                         : loaded 2 times (x 196B)

---------------  S Y S T E M  ---------------

OS:
 Windows 11 , 64 bit Build 26100 (10.0.26100.4484)
OS uptime: 0 days 6:23 hours

CPU: total 16 (initial active 16) (8 cores per cpu, 2 threads per core) family 6 model 141 stepping 1 microcode 0x3c, cx8, cmov, fxsr, ht, mmx, 3dnowpref, sse, sse2, sse3, ssse3, sse4.1, sse4.2, popcnt, lzcnt, tsc, tscinvbit, avx, avx2, aes, erms, clmul, bmi1, bmi2, adx, avx512f, avx512dq, avx512cd, avx512bw, avx512vl, sha, fma, vzeroupper, avx512_vpopcntdq, avx512_vpclmulqdq, avx512_vaes, avx512_vnni, clflush, clflushopt, clwb, avx512_vbmi2, avx512_vbmi, rdtscp, rdpid, fsrm, gfni, avx512_bitalg, f16c, pku, cet_ibt, cet_ss, avx512_ifma
Processor Information for the first 16 processors :
  Max Mhz: 2304, Current Mhz: 2304, Mhz Limit: 2304

Memory: 4k page, system-wide physical 16163M (2586M free)
TotalPageFile size 34913M (AvailPageFile size 233M)
current process WorkingSet (physical memory assigned to process): 1198M, peak: 1283M
current process commit charge ("private bytes"): 1255M, peak: 1543M

vm_info: OpenJDK 64-Bit Server VM (21.0.6+-13368085-b895.109) for windows-amd64 JRE (21.0.6+-13368085-b895.109), built on 2025-04-16T17:01:31Z by "builder" with MS VC++ 16.10 / 16.11 (VS2019)

END.
