#
# There is insufficient memory for the Java Runtime Environment to continue.
# Native memory allocation (malloc) failed to allocate 1917296 bytes. Error detail: Chunk::new
# Possible reasons:
#   The system is out of physical RAM or swap space
#   This process is running with CompressedOops enabled, and the Java Heap may be blocking the growth of the native heap
# Possible solutions:
#   Reduce memory load on the system
#   Increase physical memory or swap space
#   Check if swap backing store is full
#   Decrease Java heap size (-Xmx/-Xms)
#   Decrease number of Java threads
#   Decrease Java thread stack sizes (-Xss)
#   Set larger code cache with -XX:ReservedCodeCacheSize=
#   JVM is running with Unscaled Compressed Oops mode in which the Java heap is
#     placed in the first 4GB address space. The Java Heap base address is the
#     maximum limit for the native heap growth. Please use -XX:HeapBaseMinAddress
#     to set the Java Heap base and to place the Java Heap above 4GB virtual address.
# This output file may be truncated or incomplete.
#
#  Out of Memory Error (arena.cpp:168), pid=9628, tid=16860
#
# JRE version: OpenJDK Runtime Environment (21.0.6) (build 21.0.6+-13368085-b895.109)
# Java VM: OpenJDK 64-Bit Server VM (21.0.6+-13368085-b895.109, mixed mode, tiered, compressed oops, compressed class ptrs, g1 gc, windows-amd64)
# No core dump will be written. Minidumps are not enabled by default on client versions of Windows
#

---------------  S U M M A R Y ------------

Command Line: --add-opens=java.base/java.lang=ALL-UNNAMED --add-opens=java.base/java.lang.invoke=ALL-UNNAMED --add-opens=java.base/java.util=ALL-UNNAMED --add-opens=java.prefs/java.util.prefs=ALL-UNNAMED --add-exports=jdk.compiler/com.sun.tools.javac.api=ALL-UNNAMED --add-exports=jdk.compiler/com.sun.tools.javac.util=ALL-UNNAMED --add-opens=java.base/java.util=ALL-UNNAMED --add-opens=java.prefs/java.util.prefs=ALL-UNNAMED --add-opens=java.base/java.nio.charset=ALL-UNNAMED --add-opens=java.base/java.net=ALL-UNNAMED --add-opens=java.base/java.util.concurrent.atomic=ALL-UNNAMED --add-opens=java.xml/javax.xml.namespace=ALL-UNNAMED -Xmx2048m -Dfile.encoding=UTF-8 -Duser.country=US -Duser.language=en -Duser.variant -javaagent:C:\Users\Admin\.gradle\wrapper\dists\gradle-8.11.1-bin\bpt9gzteqjrbo1mjrsomdt32c\gradle-8.11.1\lib\agents\gradle-instrumentation-agent-8.11.1.jar org.gradle.launcher.daemon.bootstrap.GradleDaemon 8.11.1

Host: 11th Gen Intel(R) Core(TM) i7-11800H @ 2.30GHz, 16 cores, 15G,  Windows 11 , 64 bit Build 26100 (10.0.26100.4484)
Time: Sat Jul 19 23:01:36 2025 SE Asia Standard Time elapsed time: 30.422139 seconds (0d 0h 0m 30s)

---------------  T H R E A D  ---------------

Current thread (0x0000028bc1312a20):  JavaThread "C2 CompilerThread5" daemon [_thread_in_native, id=16860, stack(0x00000093c6b00000,0x00000093c6c00000) (1024K)]


Current CompileTask:
C2:30422 25061 %     4       com.android.tools.r8.internal.L3::b @ 18 (1565 bytes)

Stack: [0x00000093c6b00000,0x00000093c6c00000]
Native frames: (J=compiled Java code, j=interpreted, Vv=VM code, C=native code)
V  [jvm.dll+0x6d0639]
V  [jvm.dll+0x85eb03]
V  [jvm.dll+0x86105e]
V  [jvm.dll+0x861743]
V  [jvm.dll+0x27e6e6]
V  [jvm.dll+0xbff6d]
V  [jvm.dll+0xc04a3]
V  [jvm.dll+0x3b6171]
V  [jvm.dll+0x3820c7]
V  [jvm.dll+0x38153a]
V  [jvm.dll+0x247c82]
V  [jvm.dll+0x247251]
V  [jvm.dll+0x1c5f04]
V  [jvm.dll+0x2569ac]
V  [jvm.dll+0x254ef6]
V  [jvm.dll+0x3f0e96]
V  [jvm.dll+0x806ed8]
V  [jvm.dll+0x6cef0d]
C  [ucrtbase.dll+0x37b0]
C  [KERNEL32.DLL+0x2e8d7]
C  [ntdll.dll+0x3c34c]


---------------  P R O C E S S  ---------------

Threads class SMR info:
_java_thread_list=0x0000028bca2737a0, length=230, elements={
0x0000028b9e5978b0, 0x0000028bb8c5a820, 0x0000028bb8c5b470, 0x0000028bb8c42aa0,
0x0000028bb8c5c250, 0x0000028bb8c66790, 0x0000028bb8c6bf20, 0x0000028bb8c6df90,
0x0000028bb8c72a90, 0x0000028bb8de5580, 0x0000028bb8dfc380, 0x0000028bb8e2bcb0,
0x0000028bb8e2c350, 0x0000028bb91035d0, 0x0000028bbf34bfc0, 0x0000028bbf2ac340,
0x0000028bbf2af970, 0x0000028bbf41f490, 0x0000028bbf41faf0, 0x0000028bbf67bdc0,
0x0000028bbf718d20, 0x0000028bbf65e310, 0x0000028bbf66c8c0, 0x0000028bbf66b510,
0x0000028bbf66e300, 0x0000028bbf66c230, 0x0000028bbf66bba0, 0x0000028bbf66cf50,
0x0000028bbf66ae80, 0x0000028bbf66d5e0, 0x0000028bbf66dc70, 0x0000028bc06e3800,
0x0000028bc06e4bb0, 0x0000028bc06e5240, 0x0000028bc06e3e90, 0x0000028bc06e4520,
0x0000028bc06e79a0, 0x0000028bc06e8030, 0x0000028bc06e7310, 0x0000028bc06ea100,
0x0000028bc06e86c0, 0x0000028bc06e9a70, 0x0000028bc06e6c80, 0x0000028bc2943750,
0x0000028bc2944470, 0x0000028bc29423a0, 0x0000028bc29430c0, 0x0000028bc2943de0,
0x0000028bc2942a30, 0x0000028bc2941d10, 0x0000028bc2944b00, 0x0000028bc2941680,
0x0000028bc2946bd0, 0x0000028bc2947260, 0x0000028bc2945820, 0x0000028bc29478f0,
0x0000028bc2945eb0, 0x0000028bc2947f80, 0x0000028bc2946540, 0x0000028bc2948610,
0x0000028bc2945190, 0x0000028bc2948ca0, 0x0000028bc0f92840, 0x0000028bc0f90e00,
0x0000028bc0f921b0, 0x0000028bc0f91490, 0x0000028bc0f91b20, 0x0000028bc0f900e0,
0x0000028bc0f95cc0, 0x0000028bc0f94fa0, 0x0000028bc0f96350, 0x0000028bc0f969e0,
0x0000028bc0f94910, 0x0000028bc0f95630, 0x0000028bc0f93560, 0x0000028bc0f97070,
0x0000028bc0f93bf0, 0x0000028bc0f97700, 0x0000028bc0f94280, 0x0000028bc2803600,
0x0000028bc2804320, 0x0000028bc28028e0, 0x0000028bc2800ea0, 0x0000028bc28049b0,
0x0000028bc2802f70, 0x0000028bc2801bc0, 0x0000028bc28084c0, 0x0000028bc2807e30,
0x0000028bc4e274d0, 0x0000028bc4e27b60, 0x0000028bca4699b0, 0x0000028bca46ba80,
0x0000028bca46c7a0, 0x0000028bca46ad60, 0x0000028bca46c110, 0x0000028bca46a040,
0x0000028bca46a6d0, 0x0000028bca469320, 0x0000028bca46ce30, 0x0000028bca46e870,
0x0000028bca46d4c0, 0x0000028bca46db50, 0x0000028bca46e1e0, 0x0000028bca46b3f0,
0x0000028bca4702b0, 0x0000028bca46f590, 0x0000028bca46ef00, 0x0000028bca46fc20,
0x0000028bca470940, 0x0000028bc1200020, 0x0000028bc1201a60, 0x0000028bc1200d40,
0x0000028bc12013d0, 0x0000028bc11fe5e0, 0x0000028bc12006b0, 0x0000028bc11fec70,
0x0000028bc11ff300, 0x0000028bc11ff990, 0x0000028bcafc2170, 0x0000028bcafc0dc0,
0x0000028bcafc0730, 0x0000028bcafc3520, 0x0000028bcafc2800, 0x0000028bcafc2e90,
0x0000028bcafc00a0, 0x0000028bcafc3bb0, 0x0000028bcafc4240, 0x0000028bcafc48d0,
0x0000028bcafc1450, 0x0000028bcafc4f60, 0x0000028bcafc6310, 0x0000028bcafc55f0,
0x0000028bcafc5c80, 0x0000028bcafc69a0, 0x0000028bcafc76c0, 0x0000028bcafc7030,
0x0000028bc4e25a90, 0x0000028bc4e28880, 0x0000028bc4e25400, 0x0000028bc4e295a0,
0x0000028bc4e2c390, 0x0000028bc4e2afe0, 0x0000028bc4e29c30, 0x0000028bc4e2bd00,
0x0000028bc4e2a2c0, 0x0000028bca7646e0, 0x0000028bca761260, 0x0000028bca764050,
0x0000028bca764d70, 0x0000028bca7618f0, 0x0000028bca765400, 0x0000028bca761f80,
0x0000028bca4e89f0, 0x0000028bca4e8360, 0x0000028bca4e9080, 0x0000028bca4e6fb0,
0x0000028bca4e5c00, 0x0000028bca4e9710, 0x0000028bca4e6920, 0x0000028bca4e6290,
0x0000028bca4e9da0, 0x0000028bca4ed8b0, 0x0000028bca4ea430, 0x0000028bca4ed220,
0x0000028bca4ecb90, 0x0000028bca4eaac0, 0x0000028bca4ec500, 0x0000028bca4edf40,
0x0000028bca4ee5d0, 0x0000028bca4eb150, 0x0000028bca4eec60, 0x0000028bca4eb7e0,
0x0000028bca4ef2f0, 0x0000028bca4ebe70, 0x0000028bca4ef980, 0x0000028bca4f0d30,
0x0000028bca4f13c0, 0x0000028bca4f2e00, 0x0000028bca4f06a0, 0x0000028bca4f3490,
0x0000028bca4f0010, 0x0000028bca4f20e0, 0x0000028bca4f4ed0, 0x0000028bca4f1a50,
0x0000028bca4f2770, 0x0000028bca4f4840, 0x0000028bca4f3b20, 0x0000028bca4f41b0,
0x0000028bca454720, 0x0000028bca452ce0, 0x0000028bca454db0, 0x0000028bca455440,
0x0000028bca4567f0, 0x0000028bca455ad0, 0x0000028bca456160, 0x0000028bca453370,
0x0000028bca456e80, 0x0000028bca457510, 0x0000028bca453a00, 0x0000028bca454090,
0x0000028bca459c70, 0x0000028bca458f50, 0x0000028bca45a300, 0x0000028bca45b020,
0x0000028bca4588c0, 0x0000028bca45a990, 0x0000028bca458230, 0x0000028bca457ba0,
0x0000028bca4595e0, 0x0000028bca45d0f0, 0x0000028bca45d780, 0x0000028bca45ca60,
0x0000028bca45de10, 0x0000028bca45c3d0, 0x0000028bca45b6b0, 0x0000028bca45eb30,
0x0000028bca45f1c0, 0x0000028bca45bd40, 0x0000028bca461fb0, 0x0000028bca460570,
0x0000028bca460c00, 0x0000028bca45f850, 0x0000028bca762ca0, 0x0000028bc13115b0,
0x0000028bc130df30, 0x0000028bc130e600, 0x0000028bc1311c80, 0x0000028bc1312a20,
0x0000028bc1314c30, 0x0000028bc13130f0
}

Java Threads: ( => current thread )
  0x0000028b9e5978b0 JavaThread "main"                              [_thread_blocked, id=26488, stack(0x00000093b7300000,0x00000093b7400000) (1024K)]
  0x0000028bb8c5a820 JavaThread "Reference Handler"          daemon [_thread_blocked, id=3564, stack(0x00000093b7b00000,0x00000093b7c00000) (1024K)]
  0x0000028bb8c5b470 JavaThread "Finalizer"                  daemon [_thread_blocked, id=13920, stack(0x00000093b7c00000,0x00000093b7d00000) (1024K)]
  0x0000028bb8c42aa0 JavaThread "Signal Dispatcher"          daemon [_thread_blocked, id=11184, stack(0x00000093b7d00000,0x00000093b7e00000) (1024K)]
  0x0000028bb8c5c250 JavaThread "Attach Listener"            daemon [_thread_blocked, id=24296, stack(0x00000093b7e00000,0x00000093b7f00000) (1024K)]
  0x0000028bb8c66790 JavaThread "Service Thread"             daemon [_thread_blocked, id=5704, stack(0x00000093b7f00000,0x00000093b8000000) (1024K)]
  0x0000028bb8c6bf20 JavaThread "Monitor Deflation Thread"   daemon [_thread_blocked, id=9948, stack(0x00000093b8000000,0x00000093b8100000) (1024K)]
  0x0000028bb8c6df90 JavaThread "C2 CompilerThread0"         daemon [_thread_blocked, id=22148, stack(0x00000093b8100000,0x00000093b8200000) (1024K)]
  0x0000028bb8c72a90 JavaThread "C1 CompilerThread0"         daemon [_thread_blocked, id=22476, stack(0x00000093b8200000,0x00000093b8300000) (1024K)]
  0x0000028bb8de5580 JavaThread "Common-Cleaner"             daemon [_thread_blocked, id=22724, stack(0x00000093b8300000,0x00000093b8400000) (1024K)]
  0x0000028bb8dfc380 JavaThread "C1 CompilerThread1"         daemon [_thread_blocked, id=11904, stack(0x00000093b8400000,0x00000093b8500000) (1024K)]
  0x0000028bb8e2bcb0 JavaThread "C1 CompilerThread2"         daemon [_thread_blocked, id=26188, stack(0x00000093b8500000,0x00000093b8600000) (1024K)]
  0x0000028bb8e2c350 JavaThread "C1 CompilerThread3"         daemon [_thread_blocked, id=13368, stack(0x00000093b8600000,0x00000093b8700000) (1024K)]
  0x0000028bb91035d0 JavaThread "Notification Thread"        daemon [_thread_blocked, id=24044, stack(0x00000093b8700000,0x00000093b8800000) (1024K)]
  0x0000028bbf34bfc0 JavaThread "Daemon health stats"               [_thread_blocked, id=4476, stack(0x00000093b9200000,0x00000093b9300000) (1024K)]
  0x0000028bbf2ac340 JavaThread "Incoming local TCP Connector on port 55110"        [_thread_in_native, id=6340, stack(0x00000093b9300000,0x00000093b9400000) (1024K)]
  0x0000028bbf2af970 JavaThread "Daemon periodic checks"            [_thread_blocked, id=19892, stack(0x00000093b9400000,0x00000093b9500000) (1024K)]
  0x0000028bbf41f490 JavaThread "Daemon"                            [_thread_blocked, id=1828, stack(0x00000093b9500000,0x00000093b9600000) (1024K)]
  0x0000028bbf41faf0 JavaThread "Handler for socket connection from /127.0.0.1:55110 to /127.0.0.1:55111"        [_thread_in_native, id=676, stack(0x00000093b9600000,0x00000093b9700000) (1024K)]
  0x0000028bbf67bdc0 JavaThread "Cancel handler"                    [_thread_blocked, id=3588, stack(0x00000093b9700000,0x00000093b9800000) (1024K)]
  0x0000028bbf718d20 JavaThread "Daemon worker"                     [_thread_blocked, id=20484, stack(0x00000093b9800000,0x00000093b9900000) (1024K)]
  0x0000028bbf65e310 JavaThread "Asynchronous log dispatcher for DefaultDaemonConnection: socket connection from /127.0.0.1:55110 to /127.0.0.1:55111"        [_thread_blocked, id=9244, stack(0x00000093b9900000,0x00000093b9a00000) (1024K)]
  0x0000028bbf66c8c0 JavaThread "Stdin handler"                     [_thread_blocked, id=16732, stack(0x00000093b9a00000,0x00000093b9b00000) (1024K)]
  0x0000028bbf66b510 JavaThread "Daemon client event forwarder"        [_thread_blocked, id=21288, stack(0x00000093b9b00000,0x00000093b9c00000) (1024K)]
  0x0000028bbf66e300 JavaThread "Cache worker for journal cache (C:\Users\Admin\.gradle\caches\journal-1)"        [_thread_blocked, id=22024, stack(0x00000093ba300000,0x00000093ba400000) (1024K)]
  0x0000028bbf66c230 JavaThread "File lock request listener"        [_thread_in_native, id=24800, stack(0x00000093ba400000,0x00000093ba500000) (1024K)]
  0x0000028bbf66bba0 JavaThread "Cache worker for file hash cache (C:\Users\Admin\.gradle\caches\8.11.1\fileHashes)"        [_thread_blocked, id=23428, stack(0x00000093ba500000,0x00000093ba600000) (1024K)]
  0x0000028bbf66cf50 JavaThread "Cache worker for file content cache (C:\Users\Admin\.gradle\caches\8.11.1\fileContent)"        [_thread_blocked, id=24548, stack(0x00000093ba600000,0x00000093ba700000) (1024K)]
  0x0000028bbf66ae80 JavaThread "Cache worker for file hash cache (E:\ProjectPRM\VMusic\.gradle\8.11.1\fileHashes)"        [_thread_blocked, id=11376, stack(0x00000093ba700000,0x00000093ba800000) (1024K)]
  0x0000028bbf66d5e0 JavaThread "Cache worker for Build Output Cleanup Cache (E:\ProjectPRM\VMusic\.gradle\buildOutputCleanup)"        [_thread_blocked, id=21116, stack(0x00000093ba800000,0x00000093ba900000) (1024K)]
  0x0000028bbf66dc70 JavaThread "File watcher server"        daemon [_thread_blocked, id=26052, stack(0x00000093ba900000,0x00000093baa00000) (1024K)]
  0x0000028bc06e3800 JavaThread "File watcher consumer"      daemon [_thread_blocked, id=25396, stack(0x00000093baa00000,0x00000093bab00000) (1024K)]
  0x0000028bc06e4bb0 JavaThread "Cache worker for checksums cache (E:\ProjectPRM\VMusic\.gradle\8.11.1\checksums)"        [_thread_blocked, id=1732, stack(0x00000093bab00000,0x00000093bac00000) (1024K)]
  0x0000028bc06e5240 JavaThread "Cache worker for cache directory md-rule (C:\Users\Admin\.gradle\caches\8.11.1\md-rule)"        [_thread_blocked, id=22496, stack(0x00000093bac00000,0x00000093bad00000) (1024K)]
  0x0000028bc06e3e90 JavaThread "Cache worker for cache directory md-supplier (C:\Users\Admin\.gradle\caches\8.11.1\md-supplier)"        [_thread_blocked, id=23572, stack(0x00000093bad00000,0x00000093bae00000) (1024K)]
  0x0000028bc06e4520 JavaThread "jar transforms"                    [_thread_blocked, id=5656, stack(0x00000093bb000000,0x00000093bb100000) (1024K)]
  0x0000028bc06e79a0 JavaThread "jar transforms Thread 2"           [_thread_blocked, id=25120, stack(0x00000093bb100000,0x00000093bb200000) (1024K)]
  0x0000028bc06e8030 JavaThread "jar transforms Thread 3"           [_thread_blocked, id=10572, stack(0x00000093bb200000,0x00000093bb300000) (1024K)]
  0x0000028bc06e7310 JavaThread "Unconstrained build operations"        [_thread_blocked, id=10556, stack(0x00000093bb300000,0x00000093bb400000) (1024K)]
  0x0000028bc06ea100 JavaThread "Unconstrained build operations Thread 2"        [_thread_blocked, id=8056, stack(0x00000093bb400000,0x00000093bb500000) (1024K)]
  0x0000028bc06e86c0 JavaThread "Unconstrained build operations Thread 3"        [_thread_blocked, id=12112, stack(0x00000093bb500000,0x00000093bb600000) (1024K)]
  0x0000028bc06e9a70 JavaThread "Unconstrained build operations Thread 4"        [_thread_blocked, id=21092, stack(0x00000093bb600000,0x00000093bb700000) (1024K)]
  0x0000028bc06e6c80 JavaThread "Unconstrained build operations Thread 5"        [_thread_blocked, id=21580, stack(0x00000093bb700000,0x00000093bb800000) (1024K)]
  0x0000028bc2943750 JavaThread "Unconstrained build operations Thread 6"        [_thread_blocked, id=8120, stack(0x00000093bb800000,0x00000093bb900000) (1024K)]
  0x0000028bc2944470 JavaThread "Unconstrained build operations Thread 7"        [_thread_blocked, id=18108, stack(0x00000093bb900000,0x00000093bba00000) (1024K)]
  0x0000028bc29423a0 JavaThread "Unconstrained build operations Thread 8"        [_thread_blocked, id=26328, stack(0x00000093bba00000,0x00000093bbb00000) (1024K)]
  0x0000028bc29430c0 JavaThread "Unconstrained build operations Thread 9"        [_thread_blocked, id=3812, stack(0x00000093bbb00000,0x00000093bbc00000) (1024K)]
  0x0000028bc2943de0 JavaThread "Unconstrained build operations Thread 10"        [_thread_blocked, id=9188, stack(0x00000093bbc00000,0x00000093bbd00000) (1024K)]
  0x0000028bc2942a30 JavaThread "Unconstrained build operations Thread 11"        [_thread_blocked, id=26400, stack(0x00000093bbd00000,0x00000093bbe00000) (1024K)]
  0x0000028bc2941d10 JavaThread "Unconstrained build operations Thread 12"        [_thread_blocked, id=21852, stack(0x00000093bbe00000,0x00000093bbf00000) (1024K)]
  0x0000028bc2944b00 JavaThread "Unconstrained build operations Thread 13"        [_thread_blocked, id=14220, stack(0x00000093bbf00000,0x00000093bc000000) (1024K)]
  0x0000028bc2941680 JavaThread "Unconstrained build operations Thread 14"        [_thread_blocked, id=6520, stack(0x00000093bc000000,0x00000093bc100000) (1024K)]
  0x0000028bc2946bd0 JavaThread "Unconstrained build operations Thread 15"        [_thread_blocked, id=20676, stack(0x00000093bc100000,0x00000093bc200000) (1024K)]
  0x0000028bc2947260 JavaThread "Unconstrained build operations Thread 16"        [_thread_blocked, id=14804, stack(0x00000093bc200000,0x00000093bc300000) (1024K)]
  0x0000028bc2945820 JavaThread "Unconstrained build operations Thread 17"        [_thread_blocked, id=11876, stack(0x00000093bc300000,0x00000093bc400000) (1024K)]
  0x0000028bc29478f0 JavaThread "Unconstrained build operations Thread 18"        [_thread_blocked, id=18844, stack(0x00000093bc400000,0x00000093bc500000) (1024K)]
  0x0000028bc2945eb0 JavaThread "Unconstrained build operations Thread 19"        [_thread_blocked, id=26204, stack(0x00000093bc500000,0x00000093bc600000) (1024K)]
  0x0000028bc2947f80 JavaThread "Unconstrained build operations Thread 20"        [_thread_blocked, id=25876, stack(0x00000093bc600000,0x00000093bc700000) (1024K)]
  0x0000028bc2946540 JavaThread "Unconstrained build operations Thread 21"        [_thread_blocked, id=20632, stack(0x00000093bc700000,0x00000093bc800000) (1024K)]
  0x0000028bc2948610 JavaThread "Unconstrained build operations Thread 22"        [_thread_blocked, id=23068, stack(0x00000093bc800000,0x00000093bc900000) (1024K)]
  0x0000028bc2945190 JavaThread "Unconstrained build operations Thread 23"        [_thread_blocked, id=15772, stack(0x00000093bc900000,0x00000093bca00000) (1024K)]
  0x0000028bc2948ca0 JavaThread "Unconstrained build operations Thread 24"        [_thread_blocked, id=448, stack(0x00000093bca00000,0x00000093bcb00000) (1024K)]
  0x0000028bc0f92840 JavaThread "Unconstrained build operations Thread 25"        [_thread_blocked, id=14300, stack(0x00000093bcb00000,0x00000093bcc00000) (1024K)]
  0x0000028bc0f90e00 JavaThread "Unconstrained build operations Thread 26"        [_thread_blocked, id=16676, stack(0x00000093bcc00000,0x00000093bcd00000) (1024K)]
  0x0000028bc0f921b0 JavaThread "Unconstrained build operations Thread 27"        [_thread_blocked, id=13072, stack(0x00000093bcd00000,0x00000093bce00000) (1024K)]
  0x0000028bc0f91490 JavaThread "Unconstrained build operations Thread 28"        [_thread_blocked, id=21060, stack(0x00000093bce00000,0x00000093bcf00000) (1024K)]
  0x0000028bc0f91b20 JavaThread "Unconstrained build operations Thread 29"        [_thread_blocked, id=16908, stack(0x00000093bcf00000,0x00000093bd000000) (1024K)]
  0x0000028bc0f900e0 JavaThread "Unconstrained build operations Thread 30"        [_thread_blocked, id=23664, stack(0x00000093bd000000,0x00000093bd100000) (1024K)]
  0x0000028bc0f95cc0 JavaThread "Unconstrained build operations Thread 31"        [_thread_blocked, id=2548, stack(0x00000093bd100000,0x00000093bd200000) (1024K)]
  0x0000028bc0f94fa0 JavaThread "Unconstrained build operations Thread 32"        [_thread_blocked, id=5472, stack(0x00000093bd200000,0x00000093bd300000) (1024K)]
  0x0000028bc0f96350 JavaThread "Unconstrained build operations Thread 33"        [_thread_blocked, id=22256, stack(0x00000093bd300000,0x00000093bd400000) (1024K)]
  0x0000028bc0f969e0 JavaThread "Unconstrained build operations Thread 34"        [_thread_blocked, id=13080, stack(0x00000093bd400000,0x00000093bd500000) (1024K)]
  0x0000028bc0f94910 JavaThread "Unconstrained build operations Thread 35"        [_thread_blocked, id=21904, stack(0x00000093bd500000,0x00000093bd600000) (1024K)]
  0x0000028bc0f95630 JavaThread "Unconstrained build operations Thread 36"        [_thread_blocked, id=7120, stack(0x00000093bd600000,0x00000093bd700000) (1024K)]
  0x0000028bc0f93560 JavaThread "Unconstrained build operations Thread 37"        [_thread_blocked, id=18156, stack(0x00000093bd700000,0x00000093bd800000) (1024K)]
  0x0000028bc0f97070 JavaThread "Unconstrained build operations Thread 38"        [_thread_blocked, id=9156, stack(0x00000093bd800000,0x00000093bd900000) (1024K)]
  0x0000028bc0f93bf0 JavaThread "Unconstrained build operations Thread 39"        [_thread_blocked, id=14964, stack(0x00000093bd900000,0x00000093bda00000) (1024K)]
  0x0000028bc0f97700 JavaThread "Unconstrained build operations Thread 40"        [_thread_blocked, id=10332, stack(0x00000093bda00000,0x00000093bdb00000) (1024K)]
  0x0000028bc0f94280 JavaThread "Unconstrained build operations Thread 41"        [_thread_blocked, id=20168, stack(0x00000093bdb00000,0x00000093bdc00000) (1024K)]
  0x0000028bc2803600 JavaThread "Unconstrained build operations Thread 42"        [_thread_blocked, id=2564, stack(0x00000093bdc00000,0x00000093bdd00000) (1024K)]
  0x0000028bc2804320 JavaThread "Unconstrained build operations Thread 43"        [_thread_blocked, id=18756, stack(0x00000093bdd00000,0x00000093bde00000) (1024K)]
  0x0000028bc28028e0 JavaThread "Unconstrained build operations Thread 44"        [_thread_blocked, id=17148, stack(0x00000093bde00000,0x00000093bdf00000) (1024K)]
  0x0000028bc2800ea0 JavaThread "Unconstrained build operations Thread 45"        [_thread_blocked, id=21756, stack(0x00000093bdf00000,0x00000093be000000) (1024K)]
  0x0000028bc28049b0 JavaThread "jar transforms Thread 4"           [_thread_blocked, id=24584, stack(0x00000093be100000,0x00000093be200000) (1024K)]
  0x0000028bc2802f70 JavaThread "jar transforms Thread 5"           [_thread_blocked, id=21472, stack(0x00000093be200000,0x00000093be300000) (1024K)]
  0x0000028bc2801bc0 JavaThread "build event listener"              [_thread_blocked, id=2608, stack(0x00000093be000000,0x00000093be100000) (1024K)]
  0x0000028bc28084c0 JavaThread "Memory manager"                    [_thread_blocked, id=3604, stack(0x00000093bae00000,0x00000093baf00000) (1024K)]
  0x0000028bc2807e30 JavaThread "jar transforms Thread 6"           [_thread_blocked, id=25748, stack(0x00000093b8a00000,0x00000093b8b00000) (1024K)]
  0x0000028bc4e274d0 JavaThread "pool-3-thread-1"                   [_thread_blocked, id=20564, stack(0x00000093baf00000,0x00000093bb000000) (1024K)]
  0x0000028bc4e27b60 JavaThread "build event listener"              [_thread_blocked, id=21396, stack(0x00000093be300000,0x00000093be400000) (1024K)]
  0x0000028bca4699b0 JavaThread "included builds"                   [_thread_blocked, id=9644, stack(0x00000093b8900000,0x00000093b8a00000) (1024K)]
  0x0000028bca46ba80 JavaThread "Execution worker"                  [_thread_blocked, id=21040, stack(0x00000093be400000,0x00000093be500000) (1024K)]
  0x0000028bca46c7a0 JavaThread "Execution worker Thread 2"         [_thread_blocked, id=6716, stack(0x00000093be500000,0x00000093be600000) (1024K)]
  0x0000028bca46ad60 JavaThread "Execution worker Thread 3"         [_thread_blocked, id=9348, stack(0x00000093be600000,0x00000093be700000) (1024K)]
  0x0000028bca46c110 JavaThread "Execution worker Thread 4"         [_thread_blocked, id=24128, stack(0x00000093be700000,0x00000093be800000) (1024K)]
  0x0000028bca46a040 JavaThread "Execution worker Thread 5"         [_thread_blocked, id=21184, stack(0x00000093be800000,0x00000093be900000) (1024K)]
  0x0000028bca46a6d0 JavaThread "Execution worker Thread 6"         [_thread_blocked, id=23332, stack(0x00000093be900000,0x00000093bea00000) (1024K)]
  0x0000028bca469320 JavaThread "Execution worker Thread 7"         [_thread_blocked, id=16864, stack(0x00000093bea00000,0x00000093beb00000) (1024K)]
  0x0000028bca46ce30 JavaThread "Execution worker Thread 8"         [_thread_blocked, id=10488, stack(0x00000093beb00000,0x00000093bec00000) (1024K)]
  0x0000028bca46e870 JavaThread "Execution worker Thread 9"         [_thread_blocked, id=16972, stack(0x00000093bec00000,0x00000093bed00000) (1024K)]
  0x0000028bca46d4c0 JavaThread "Execution worker Thread 10"        [_thread_blocked, id=11796, stack(0x00000093bed00000,0x00000093bee00000) (1024K)]
  0x0000028bca46db50 JavaThread "Execution worker Thread 11"        [_thread_blocked, id=3784, stack(0x00000093bee00000,0x00000093bef00000) (1024K)]
  0x0000028bca46e1e0 JavaThread "Execution worker Thread 12"        [_thread_blocked, id=9476, stack(0x00000093bef00000,0x00000093bf000000) (1024K)]
  0x0000028bca46b3f0 JavaThread "Execution worker Thread 13"        [_thread_blocked, id=10304, stack(0x00000093bf000000,0x00000093bf100000) (1024K)]
  0x0000028bca4702b0 JavaThread "Execution worker Thread 14"        [_thread_blocked, id=18536, stack(0x00000093bf100000,0x00000093bf200000) (1024K)]
  0x0000028bca46f590 JavaThread "Execution worker Thread 15"        [_thread_blocked, id=12272, stack(0x00000093bf200000,0x00000093bf300000) (1024K)]
  0x0000028bca46ef00 JavaThread "Cache worker for execution history cache (E:\ProjectPRM\VMusic\.gradle\8.11.1\executionHistory)"        [_thread_blocked, id=22828, stack(0x00000093bf300000,0x00000093bf400000) (1024K)]
  0x0000028bca46fc20 JavaThread "Unconstrained build operations Thread 46"        [_thread_blocked, id=3152, stack(0x00000093bf600000,0x00000093bf700000) (1024K)]
  0x0000028bca470940 JavaThread "Unconstrained build operations Thread 47"        [_thread_blocked, id=26480, stack(0x00000093bf700000,0x00000093bf800000) (1024K)]
  0x0000028bc1200020 JavaThread "Unconstrained build operations Thread 48"        [_thread_blocked, id=2976, stack(0x00000093bf800000,0x00000093bf900000) (1024K)]
  0x0000028bc1201a60 JavaThread "Unconstrained build operations Thread 49"        [_thread_blocked, id=17280, stack(0x00000093bf900000,0x00000093bfa00000) (1024K)]
  0x0000028bc1200d40 JavaThread "Unconstrained build operations Thread 50"        [_thread_blocked, id=23928, stack(0x00000093bfa00000,0x00000093bfb00000) (1024K)]
  0x0000028bc12013d0 JavaThread "Unconstrained build operations Thread 51"        [_thread_blocked, id=9492, stack(0x00000093bfb00000,0x00000093bfc00000) (1024K)]
  0x0000028bc11fe5e0 JavaThread "Unconstrained build operations Thread 52"        [_thread_blocked, id=13640, stack(0x00000093bfc00000,0x00000093bfd00000) (1024K)]
  0x0000028bc12006b0 JavaThread "Unconstrained build operations Thread 53"        [_thread_blocked, id=25944, stack(0x00000093bfd00000,0x00000093bfe00000) (1024K)]
  0x0000028bc11fec70 JavaThread "Unconstrained build operations Thread 54"        [_thread_blocked, id=20708, stack(0x00000093bfe00000,0x00000093bff00000) (1024K)]
  0x0000028bc11ff300 JavaThread "Unconstrained build operations Thread 55"        [_thread_blocked, id=16836, stack(0x00000093bff00000,0x00000093c0000000) (1024K)]
  0x0000028bc11ff990 JavaThread "Unconstrained build operations Thread 56"        [_thread_blocked, id=4996, stack(0x00000093c0000000,0x00000093c0100000) (1024K)]
  0x0000028bcafc2170 JavaThread "Unconstrained build operations Thread 57"        [_thread_blocked, id=22760, stack(0x00000093c0100000,0x00000093c0200000) (1024K)]
  0x0000028bcafc0dc0 JavaThread "Unconstrained build operations Thread 58"        [_thread_blocked, id=6016, stack(0x00000093c0200000,0x00000093c0300000) (1024K)]
  0x0000028bcafc0730 JavaThread "Unconstrained build operations Thread 59"        [_thread_blocked, id=19796, stack(0x00000093c0300000,0x00000093c0400000) (1024K)]
  0x0000028bcafc3520 JavaThread "Unconstrained build operations Thread 60"        [_thread_blocked, id=24004, stack(0x00000093c0400000,0x00000093c0500000) (1024K)]
  0x0000028bcafc2800 JavaThread "Unconstrained build operations Thread 61"        [_thread_blocked, id=2420, stack(0x00000093c0500000,0x00000093c0600000) (1024K)]
  0x0000028bcafc2e90 JavaThread "Unconstrained build operations Thread 62"        [_thread_blocked, id=16752, stack(0x00000093c0600000,0x00000093c0700000) (1024K)]
  0x0000028bcafc00a0 JavaThread "Unconstrained build operations Thread 63"        [_thread_blocked, id=17348, stack(0x00000093c0700000,0x00000093c0800000) (1024K)]
  0x0000028bcafc3bb0 JavaThread "Unconstrained build operations Thread 64"        [_thread_blocked, id=17836, stack(0x00000093c0800000,0x00000093c0900000) (1024K)]
  0x0000028bcafc4240 JavaThread "Unconstrained build operations Thread 65"        [_thread_blocked, id=26244, stack(0x00000093c0900000,0x00000093c0a00000) (1024K)]
  0x0000028bcafc48d0 JavaThread "Unconstrained build operations Thread 66"        [_thread_blocked, id=7220, stack(0x00000093c0a00000,0x00000093c0b00000) (1024K)]
  0x0000028bcafc1450 JavaThread "Unconstrained build operations Thread 67"        [_thread_blocked, id=26484, stack(0x00000093c0b00000,0x00000093c0c00000) (1024K)]
  0x0000028bcafc4f60 JavaThread "Unconstrained build operations Thread 68"        [_thread_blocked, id=7372, stack(0x00000093c0c00000,0x00000093c0d00000) (1024K)]
  0x0000028bcafc6310 JavaThread "Unconstrained build operations Thread 69"        [_thread_blocked, id=26056, stack(0x00000093c0d00000,0x00000093c0e00000) (1024K)]
  0x0000028bcafc55f0 JavaThread "Unconstrained build operations Thread 70"        [_thread_blocked, id=13960, stack(0x00000093c0e00000,0x00000093c0f00000) (1024K)]
  0x0000028bcafc5c80 JavaThread "Unconstrained build operations Thread 71"        [_thread_blocked, id=24804, stack(0x00000093c1000000,0x00000093c1100000) (1024K)]
  0x0000028bcafc69a0 JavaThread "Unconstrained build operations Thread 72"        [_thread_blocked, id=10108, stack(0x00000093c1100000,0x00000093c1200000) (1024K)]
  0x0000028bcafc76c0 JavaThread "Unconstrained build operations Thread 73"        [_thread_blocked, id=18688, stack(0x00000093c1200000,0x00000093c1300000) (1024K)]
  0x0000028bcafc7030 JavaThread "Unconstrained build operations Thread 74"        [_thread_blocked, id=5176, stack(0x00000093c1300000,0x00000093c1400000) (1024K)]
  0x0000028bc4e25a90 JavaThread "Unconstrained build operations Thread 75"        [_thread_blocked, id=17356, stack(0x00000093c1400000,0x00000093c1500000) (1024K)]
  0x0000028bc4e28880 JavaThread "Unconstrained build operations Thread 76"        [_thread_blocked, id=10708, stack(0x00000093c1500000,0x00000093c1600000) (1024K)]
  0x0000028bc4e25400 JavaThread "Unconstrained build operations Thread 77"        [_thread_blocked, id=15284, stack(0x00000093c1600000,0x00000093c1700000) (1024K)]
  0x0000028bc4e295a0 JavaThread "Unconstrained build operations Thread 78"        [_thread_blocked, id=11256, stack(0x00000093c1700000,0x00000093c1800000) (1024K)]
  0x0000028bc4e2c390 JavaThread "Unconstrained build operations Thread 79"        [_thread_blocked, id=768, stack(0x00000093c1800000,0x00000093c1900000) (1024K)]
  0x0000028bc4e2afe0 JavaThread "Unconstrained build operations Thread 80"        [_thread_blocked, id=10484, stack(0x00000093c1900000,0x00000093c1a00000) (1024K)]
  0x0000028bc4e29c30 JavaThread "Unconstrained build operations Thread 81"        [_thread_blocked, id=15732, stack(0x00000093c1a00000,0x00000093c1b00000) (1024K)]
  0x0000028bc4e2bd00 JavaThread "Unconstrained build operations Thread 82"        [_thread_blocked, id=14416, stack(0x00000093c1b00000,0x00000093c1c00000) (1024K)]
  0x0000028bc4e2a2c0 JavaThread "Unconstrained build operations Thread 83"        [_thread_blocked, id=17452, stack(0x00000093c1c00000,0x00000093c1d00000) (1024K)]
  0x0000028bca7646e0 JavaThread "Unconstrained build operations Thread 84"        [_thread_blocked, id=26588, stack(0x00000093c1d00000,0x00000093c1e00000) (1024K)]
  0x0000028bca761260 JavaThread "Unconstrained build operations Thread 85"        [_thread_blocked, id=3432, stack(0x00000093c1e00000,0x00000093c1f00000) (1024K)]
  0x0000028bca764050 JavaThread "Unconstrained build operations Thread 86"        [_thread_blocked, id=22948, stack(0x00000093c1f00000,0x00000093c2000000) (1024K)]
  0x0000028bca764d70 JavaThread "Unconstrained build operations Thread 87"        [_thread_blocked, id=9932, stack(0x00000093c2000000,0x00000093c2100000) (1024K)]
  0x0000028bca7618f0 JavaThread "Unconstrained build operations Thread 88"        [_thread_blocked, id=23148, stack(0x00000093c2100000,0x00000093c2200000) (1024K)]
  0x0000028bca765400 JavaThread "Unconstrained build operations Thread 89"        [_thread_blocked, id=16048, stack(0x00000093c2200000,0x00000093c2300000) (1024K)]
  0x0000028bca761f80 JavaThread "Unconstrained build operations Thread 90"        [_thread_blocked, id=2804, stack(0x00000093c2300000,0x00000093c2400000) (1024K)]
  0x0000028bca4e89f0 JavaThread "Unconstrained build operations Thread 91"        [_thread_blocked, id=3456, stack(0x00000093c2400000,0x00000093c2500000) (1024K)]
  0x0000028bca4e8360 JavaThread "Unconstrained build operations Thread 92"        [_thread_blocked, id=14184, stack(0x00000093c2500000,0x00000093c2600000) (1024K)]
  0x0000028bca4e9080 JavaThread "Unconstrained build operations Thread 93"        [_thread_blocked, id=3716, stack(0x00000093c2600000,0x00000093c2700000) (1024K)]
  0x0000028bca4e6fb0 JavaThread "Unconstrained build operations Thread 94"        [_thread_blocked, id=24444, stack(0x00000093c2700000,0x00000093c2800000) (1024K)]
  0x0000028bca4e5c00 JavaThread "Unconstrained build operations Thread 95"        [_thread_blocked, id=25980, stack(0x00000093c2800000,0x00000093c2900000) (1024K)]
  0x0000028bca4e9710 JavaThread "Unconstrained build operations Thread 96"        [_thread_blocked, id=15724, stack(0x00000093c2900000,0x00000093c2a00000) (1024K)]
  0x0000028bca4e6920 JavaThread "Unconstrained build operations Thread 97"        [_thread_blocked, id=19072, stack(0x00000093c2a00000,0x00000093c2b00000) (1024K)]
  0x0000028bca4e6290 JavaThread "Unconstrained build operations Thread 98"        [_thread_blocked, id=8716, stack(0x00000093c2b00000,0x00000093c2c00000) (1024K)]
  0x0000028bca4e9da0 JavaThread "Unconstrained build operations Thread 99"        [_thread_blocked, id=18708, stack(0x00000093c2c00000,0x00000093c2d00000) (1024K)]
  0x0000028bca4ed8b0 JavaThread "Unconstrained build operations Thread 100"        [_thread_blocked, id=18440, stack(0x00000093c2d00000,0x00000093c2e00000) (1024K)]
  0x0000028bca4ea430 JavaThread "Unconstrained build operations Thread 101"        [_thread_blocked, id=2816, stack(0x00000093c2e00000,0x00000093c2f00000) (1024K)]
  0x0000028bca4ed220 JavaThread "Unconstrained build operations Thread 102"        [_thread_blocked, id=23324, stack(0x00000093c2f00000,0x00000093c3000000) (1024K)]
  0x0000028bca4ecb90 JavaThread "Unconstrained build operations Thread 103"        [_thread_blocked, id=13412, stack(0x00000093c3000000,0x00000093c3100000) (1024K)]
  0x0000028bca4eaac0 JavaThread "Unconstrained build operations Thread 104"        [_thread_blocked, id=21620, stack(0x00000093c3100000,0x00000093c3200000) (1024K)]
  0x0000028bca4ec500 JavaThread "Unconstrained build operations Thread 105"        [_thread_blocked, id=26236, stack(0x00000093c3200000,0x00000093c3300000) (1024K)]
  0x0000028bca4edf40 JavaThread "Unconstrained build operations Thread 106"        [_thread_blocked, id=1644, stack(0x00000093c3300000,0x00000093c3400000) (1024K)]
  0x0000028bca4ee5d0 JavaThread "Unconstrained build operations Thread 107"        [_thread_blocked, id=13784, stack(0x00000093c3400000,0x00000093c3500000) (1024K)]
  0x0000028bca4eb150 JavaThread "Unconstrained build operations Thread 108"        [_thread_blocked, id=10944, stack(0x00000093c3500000,0x00000093c3600000) (1024K)]
  0x0000028bca4eec60 JavaThread "Unconstrained build operations Thread 109"        [_thread_blocked, id=6952, stack(0x00000093c3600000,0x00000093c3700000) (1024K)]
  0x0000028bca4eb7e0 JavaThread "Unconstrained build operations Thread 110"        [_thread_blocked, id=19168, stack(0x00000093c3700000,0x00000093c3800000) (1024K)]
  0x0000028bca4ef2f0 JavaThread "Unconstrained build operations Thread 111"        [_thread_blocked, id=21456, stack(0x00000093c3800000,0x00000093c3900000) (1024K)]
  0x0000028bca4ebe70 JavaThread "Unconstrained build operations Thread 112"        [_thread_blocked, id=22988, stack(0x00000093c3900000,0x00000093c3a00000) (1024K)]
  0x0000028bca4ef980 JavaThread "Unconstrained build operations Thread 113"        [_thread_blocked, id=21600, stack(0x00000093c3a00000,0x00000093c3b00000) (1024K)]
  0x0000028bca4f0d30 JavaThread "Unconstrained build operations Thread 114"        [_thread_blocked, id=21208, stack(0x00000093c3b00000,0x00000093c3c00000) (1024K)]
  0x0000028bca4f13c0 JavaThread "Unconstrained build operations Thread 115"        [_thread_blocked, id=4976, stack(0x00000093c3c00000,0x00000093c3d00000) (1024K)]
  0x0000028bca4f2e00 JavaThread "Unconstrained build operations Thread 116"        [_thread_blocked, id=6820, stack(0x00000093c3d00000,0x00000093c3e00000) (1024K)]
  0x0000028bca4f06a0 JavaThread "Unconstrained build operations Thread 117"        [_thread_blocked, id=6300, stack(0x00000093c3e00000,0x00000093c3f00000) (1024K)]
  0x0000028bca4f3490 JavaThread "Unconstrained build operations Thread 118"        [_thread_blocked, id=9472, stack(0x00000093c3f00000,0x00000093c4000000) (1024K)]
  0x0000028bca4f0010 JavaThread "Unconstrained build operations Thread 119"        [_thread_blocked, id=10740, stack(0x00000093c4000000,0x00000093c4100000) (1024K)]
  0x0000028bca4f20e0 JavaThread "Unconstrained build operations Thread 120"        [_thread_blocked, id=26496, stack(0x00000093c4100000,0x00000093c4200000) (1024K)]
  0x0000028bca4f4ed0 JavaThread "Unconstrained build operations Thread 121"        [_thread_blocked, id=16672, stack(0x00000093c4200000,0x00000093c4300000) (1024K)]
  0x0000028bca4f1a50 JavaThread "Unconstrained build operations Thread 122"        [_thread_blocked, id=20788, stack(0x00000093c4300000,0x00000093c4400000) (1024K)]
  0x0000028bca4f2770 JavaThread "Unconstrained build operations Thread 123"        [_thread_blocked, id=24744, stack(0x00000093c4400000,0x00000093c4500000) (1024K)]
  0x0000028bca4f4840 JavaThread "Unconstrained build operations Thread 124"        [_thread_blocked, id=23048, stack(0x00000093c4500000,0x00000093c4600000) (1024K)]
  0x0000028bca4f3b20 JavaThread "Unconstrained build operations Thread 125"        [_thread_blocked, id=1212, stack(0x00000093c4600000,0x00000093c4700000) (1024K)]
  0x0000028bca4f41b0 JavaThread "Unconstrained build operations Thread 126"        [_thread_blocked, id=21284, stack(0x00000093c4700000,0x00000093c4800000) (1024K)]
  0x0000028bca454720 JavaThread "Unconstrained build operations Thread 127"        [_thread_blocked, id=19792, stack(0x00000093c4800000,0x00000093c4900000) (1024K)]
  0x0000028bca452ce0 JavaThread "Unconstrained build operations Thread 128"        [_thread_blocked, id=10788, stack(0x00000093c4900000,0x00000093c4a00000) (1024K)]
  0x0000028bca454db0 JavaThread "Unconstrained build operations Thread 129"        [_thread_blocked, id=18500, stack(0x00000093c4a00000,0x00000093c4b00000) (1024K)]
  0x0000028bca455440 JavaThread "Unconstrained build operations Thread 130"        [_thread_blocked, id=20364, stack(0x00000093c4b00000,0x00000093c4c00000) (1024K)]
  0x0000028bca4567f0 JavaThread "Unconstrained build operations Thread 131"        [_thread_blocked, id=4124, stack(0x00000093c4c00000,0x00000093c4d00000) (1024K)]
  0x0000028bca455ad0 JavaThread "Unconstrained build operations Thread 132"        [_thread_blocked, id=11428, stack(0x00000093c4d00000,0x00000093c4e00000) (1024K)]
  0x0000028bca456160 JavaThread "Unconstrained build operations Thread 133"        [_thread_blocked, id=21336, stack(0x00000093c4e00000,0x00000093c4f00000) (1024K)]
  0x0000028bca453370 JavaThread "Unconstrained build operations Thread 134"        [_thread_blocked, id=19444, stack(0x00000093c4f00000,0x00000093c5000000) (1024K)]
  0x0000028bca456e80 JavaThread "Unconstrained build operations Thread 135"        [_thread_blocked, id=21136, stack(0x00000093c5000000,0x00000093c5100000) (1024K)]
  0x0000028bca457510 JavaThread "Unconstrained build operations Thread 136"        [_thread_blocked, id=16704, stack(0x00000093c5100000,0x00000093c5200000) (1024K)]
  0x0000028bca453a00 JavaThread "Unconstrained build operations Thread 137"        [_thread_blocked, id=23596, stack(0x00000093c5200000,0x00000093c5300000) (1024K)]
  0x0000028bca454090 JavaThread "Unconstrained build operations Thread 138"        [_thread_blocked, id=3676, stack(0x00000093c5300000,0x00000093c5400000) (1024K)]
  0x0000028bca459c70 JavaThread "Unconstrained build operations Thread 139"        [_thread_blocked, id=8308, stack(0x00000093c5400000,0x00000093c5500000) (1024K)]
  0x0000028bca458f50 JavaThread "Unconstrained build operations Thread 140"        [_thread_blocked, id=26344, stack(0x00000093c5500000,0x00000093c5600000) (1024K)]
  0x0000028bca45a300 JavaThread "Unconstrained build operations Thread 141"        [_thread_blocked, id=23040, stack(0x00000093c5600000,0x00000093c5700000) (1024K)]
  0x0000028bca45b020 JavaThread "Unconstrained build operations Thread 142"        [_thread_blocked, id=24400, stack(0x00000093c5700000,0x00000093c5800000) (1024K)]
  0x0000028bca4588c0 JavaThread "Unconstrained build operations Thread 143"        [_thread_blocked, id=22116, stack(0x00000093c5800000,0x00000093c5900000) (1024K)]
  0x0000028bca45a990 JavaThread "Unconstrained build operations Thread 144"        [_thread_blocked, id=5596, stack(0x00000093c5900000,0x00000093c5a00000) (1024K)]
  0x0000028bca458230 JavaThread "Unconstrained build operations Thread 145"        [_thread_blocked, id=16520, stack(0x00000093c5a00000,0x00000093c5b00000) (1024K)]
  0x0000028bca457ba0 JavaThread "Unconstrained build operations Thread 146"        [_thread_blocked, id=7116, stack(0x00000093c5b00000,0x00000093c5c00000) (1024K)]
  0x0000028bca4595e0 JavaThread "Unconstrained build operations Thread 147"        [_thread_blocked, id=25972, stack(0x00000093c5c00000,0x00000093c5d00000) (1024K)]
  0x0000028bca45d0f0 JavaThread "Unconstrained build operations Thread 148"        [_thread_blocked, id=25340, stack(0x00000093c5d00000,0x00000093c5e00000) (1024K)]
  0x0000028bca45d780 JavaThread "Unconstrained build operations Thread 149"        [_thread_blocked, id=24456, stack(0x00000093c5e00000,0x00000093c5f00000) (1024K)]
  0x0000028bca45ca60 JavaThread "Unconstrained build operations Thread 150"        [_thread_blocked, id=9816, stack(0x00000093c5f00000,0x00000093c6000000) (1024K)]
  0x0000028bca45de10 JavaThread "Unconstrained build operations Thread 151"        [_thread_blocked, id=21468, stack(0x00000093c6000000,0x00000093c6100000) (1024K)]
  0x0000028bca45c3d0 JavaThread "Unconstrained build operations Thread 152"        [_thread_blocked, id=20976, stack(0x00000093c6100000,0x00000093c6200000) (1024K)]
  0x0000028bca45b6b0 JavaThread "Unconstrained build operations Thread 153"        [_thread_blocked, id=19672, stack(0x00000093c6200000,0x00000093c6300000) (1024K)]
  0x0000028bca45eb30 JavaThread "Unconstrained build operations Thread 154"        [_thread_blocked, id=7412, stack(0x00000093c6300000,0x00000093c6400000) (1024K)]
  0x0000028bca45f1c0 JavaThread "Unconstrained build operations Thread 155"        [_thread_blocked, id=20648, stack(0x00000093c6400000,0x00000093c6500000) (1024K)]
  0x0000028bca45bd40 JavaThread "Unconstrained build operations Thread 156"        [_thread_blocked, id=20256, stack(0x00000093c6500000,0x00000093c6600000) (1024K)]
  0x0000028bca461fb0 JavaThread "Unconstrained build operations Thread 157"        [_thread_blocked, id=17740, stack(0x00000093c6600000,0x00000093c6700000) (1024K)]
  0x0000028bca460570 JavaThread "Unconstrained build operations Thread 158"        [_thread_blocked, id=23736, stack(0x00000093c6700000,0x00000093c6800000) (1024K)]
  0x0000028bca460c00 JavaThread "Unconstrained build operations Thread 159"        [_thread_blocked, id=23136, stack(0x00000093c6800000,0x00000093c6900000) (1024K)]
  0x0000028bca45f850 JavaThread "Unconstrained build operations Thread 160"        [_thread_blocked, id=19076, stack(0x00000093c6900000,0x00000093c6a00000) (1024K)]
  0x0000028bca762ca0 JavaThread "WorkerExecutor Queue"              [_thread_blocked, id=25444, stack(0x00000093b8800000,0x00000093b8900000) (1024K)]
  0x0000028bc13115b0 JavaThread "C2 CompilerThread1"         daemon [_thread_blocked, id=6968, stack(0x00000093bf400000,0x00000093bf500000) (1024K)]
  0x0000028bc130df30 JavaThread "C2 CompilerThread2"         daemon [_thread_blocked, id=5624, stack(0x00000093bf500000,0x00000093bf600000) (1024K)]
  0x0000028bc130e600 JavaThread "C2 CompilerThread3"         daemon [_thread_blocked, id=10228, stack(0x00000093c0f00000,0x00000093c1000000) (1024K)]
  0x0000028bc1311c80 JavaThread "C2 CompilerThread4"         daemon [_thread_blocked, id=23000, stack(0x00000093c6a00000,0x00000093c6b00000) (1024K)]
=>0x0000028bc1312a20 JavaThread "C2 CompilerThread5"         daemon [_thread_in_native, id=16860, stack(0x00000093c6b00000,0x00000093c6c00000) (1024K)]
  0x0000028bc1314c30 JavaThread "C2 CompilerThread6"         daemon [_thread_blocked, id=6464, stack(0x00000093c6c00000,0x00000093c6d00000) (1024K)]
  0x0000028bc13130f0 JavaThread "C2 CompilerThread7"         daemon [_thread_in_native, id=22836, stack(0x00000093c6d00000,0x00000093c6e00000) (1024K)]
Total: 230

Other Threads:
  0x0000028bb8bed720 VMThread "VM Thread"                           [id=22376, stack(0x00000093b7a00000,0x00000093b7b00000) (1024K)]
  0x0000028bb8ad4810 WatcherThread "VM Periodic Task Thread"        [id=24292, stack(0x00000093b7900000,0x00000093b7a00000) (1024K)]
  0x0000028ba0915250 WorkerThread "GC Thread#0"                     [id=2308, stack(0x00000093b7400000,0x00000093b7500000) (1024K)]
  0x0000028bb982e6c0 WorkerThread "GC Thread#1"                     [id=1880, stack(0x00000093b8c00000,0x00000093b8d00000) (1024K)]
  0x0000028bb982ea60 WorkerThread "GC Thread#2"                     [id=21712, stack(0x00000093b8d00000,0x00000093b8e00000) (1024K)]
  0x0000028bb9610090 WorkerThread "GC Thread#3"                     [id=21956, stack(0x00000093b8e00000,0x00000093b8f00000) (1024K)]
  0x0000028bb9610430 WorkerThread "GC Thread#4"                     [id=3500, stack(0x00000093b8f00000,0x00000093b9000000) (1024K)]
  0x0000028bb93ea870 WorkerThread "GC Thread#5"                     [id=13616, stack(0x00000093b9000000,0x00000093b9100000) (1024K)]
  0x0000028bbf42d8f0 WorkerThread "GC Thread#6"                     [id=5356, stack(0x00000093b8b00000,0x00000093b8c00000) (1024K)]
  0x0000028bbf42eca0 WorkerThread "GC Thread#7"                     [id=15492, stack(0x00000093b9100000,0x00000093b9200000) (1024K)]
  0x0000028bbf469e20 WorkerThread "GC Thread#8"                     [id=24196, stack(0x00000093b9c00000,0x00000093b9d00000) (1024K)]
  0x0000028bbf46a1c0 WorkerThread "GC Thread#9"                     [id=2212, stack(0x00000093b9d00000,0x00000093b9e00000) (1024K)]
  0x0000028bbf46a560 WorkerThread "GC Thread#10"                    [id=16536, stack(0x00000093b9e00000,0x00000093b9f00000) (1024K)]
  0x0000028bbf468fa0 WorkerThread "GC Thread#11"                    [id=25824, stack(0x00000093b9f00000,0x00000093ba000000) (1024K)]
  0x0000028bbf469a80 WorkerThread "GC Thread#12"                    [id=4708, stack(0x00000093ba000000,0x00000093ba100000) (1024K)]
  0x0000028ba0926140 ConcurrentGCThread "G1 Main Marker"            [id=15408, stack(0x00000093b7500000,0x00000093b7600000) (1024K)]
  0x0000028ba0927990 WorkerThread "G1 Conc#0"                       [id=24860, stack(0x00000093b7600000,0x00000093b7700000) (1024K)]
  0x0000028bbf469340 WorkerThread "G1 Conc#1"                       [id=23748, stack(0x00000093ba100000,0x00000093ba200000) (1024K)]
  0x0000028bbf4696e0 WorkerThread "G1 Conc#2"                       [id=18088, stack(0x00000093ba200000,0x00000093ba300000) (1024K)]
  0x0000028bb8a26640 ConcurrentGCThread "G1 Refine#0"               [id=22940, stack(0x00000093b7700000,0x00000093b7800000) (1024K)]
  0x0000028bb8a26e60 ConcurrentGCThread "G1 Service"                [id=4744, stack(0x00000093b7800000,0x00000093b7900000) (1024K)]
Total: 21

Threads with active compile tasks:
C2 CompilerThread0  30469 25119       4       com.android.tools.r8.internal.dt0::a (60 bytes)
C2 CompilerThread1  30470 25107       4       com.android.tools.r8.internal.oS::a (2019 bytes)
C2 CompilerThread2  30470 25123       4       com.android.tools.r8.internal.ro::a (1062 bytes)
C2 CompilerThread3  30470 25191 %     4       com.android.tools.r8.internal.cB::a @ 988 (3868 bytes)
C2 CompilerThread4  30470 24935       4       com.android.tools.r8.graph.i4::a (50 bytes)
C2 CompilerThread5  30470 25061 %     4       com.android.tools.r8.internal.L3::b @ 18 (1565 bytes)
C2 CompilerThread6  30470 25071   !   4       com.android.tools.r8.internal.mB::a (4064 bytes)
C2 CompilerThread7  30470 25114 %     4       com.android.tools.r8.ir.optimize.z::a @ 28 (1439 bytes)
Total: 8

VM state: at safepoint (normal execution)

VM Mutex/Monitor currently owned by a thread:  ([mutex/lock_event])
[0x00007ff93690e3a0] Threads_lock - owner thread: 0x0000028bb8bed720
[0x00007ff93690e4a0] Heap_lock - owner thread: 0x0000028bcafc4240

Heap address: 0x0000000080000000, size: 2048 MB, Compressed Oops mode: 32-bit

CDS archive(s) not mapped
Compressed class space mapped at: 0x0000000100000000-0x0000000140000000, reserved size: 1073741824
Narrow klass base: 0x0000000000000000, Narrow klass shift: 3, Narrow klass range: 0x140000000

GC Precious Log:
 CardTable entry size: 512
 Card Set container configuration: InlinePtr #cards 5 size 8 Array Of Cards #cards 12 size 40 Howl #buckets 4 coarsen threshold 1843 Howl Bitmap #cards 512 size 80 coarsen threshold 460 Card regions per heap region 1 cards per card region 2048
 CPUs: 16 total, 16 available
 Memory: 16163M
 Large Page Support: Disabled
 NUMA Support: Disabled
 Compressed Oops: Enabled (32-bit)
 Heap Region Size: 1M
 Heap Min Capacity: 8M
 Heap Initial Capacity: 254M
 Heap Max Capacity: 2G
 Pre-touch: Disabled
 Parallel Workers: 13
 Concurrent Workers: 3
 Concurrent Refinement Workers: 13
 Periodic GC: Disabled

Heap:
 garbage-first heap   total 968704K, used 289076K [0x0000000080000000, 0x0000000100000000)
  region size 1024K, 4 young (4096K), 3 survivors (3072K)
 Metaspace       used 135695K, committed 137920K, reserved 1179648K
  class space    used 18522K, committed 19648K, reserved 1048576K

Heap Regions: E=young(eden), S=young(survivor), O=old, HS=humongous(starts), HC=humongous(continues), CS=collection set, F=free, TAMS=top-at-mark-start, PB=parsable bottom
|   0|0x0000000080000000, 0x0000000080100000, 0x0000000080100000|100%|HS|  |TAMS 0x0000000080000000| PB 0x0000000080000000| Complete 
|   1|0x0000000080100000, 0x0000000080200000, 0x0000000080200000|100%|HC|  |TAMS 0x0000000080100000| PB 0x0000000080100000| Complete 
|   2|0x0000000080200000, 0x0000000080300000, 0x0000000080300000|100%|HC|  |TAMS 0x0000000080200000| PB 0x0000000080200000| Complete 
|   3|0x0000000080300000, 0x0000000080400000, 0x0000000080400000|100%| O|  |TAMS 0x0000000080300000| PB 0x0000000080300000| Untracked 
|   4|0x0000000080400000, 0x0000000080500000, 0x0000000080500000|100%| O|  |TAMS 0x0000000080400000| PB 0x0000000080400000| Untracked 
|   5|0x0000000080500000, 0x0000000080600000, 0x0000000080600000|100%| O|  |TAMS 0x0000000080500000| PB 0x0000000080500000| Untracked 
|   6|0x0000000080600000, 0x0000000080700000, 0x0000000080700000|100%|HS|  |TAMS 0x0000000080600000| PB 0x0000000080600000| Complete 
|   7|0x0000000080700000, 0x0000000080800000, 0x0000000080800000|100%| O|  |TAMS 0x0000000080700000| PB 0x0000000080700000| Untracked 
|   8|0x0000000080800000, 0x0000000080900000, 0x0000000080900000|100%| O|  |TAMS 0x0000000080800000| PB 0x0000000080800000| Untracked 
|   9|0x0000000080900000, 0x0000000080a00000, 0x0000000080a00000|100%| O|  |TAMS 0x0000000080900000| PB 0x0000000080900000| Untracked 
|  10|0x0000000080a00000, 0x0000000080b00000, 0x0000000080b00000|100%| O|  |TAMS 0x0000000080a00000| PB 0x0000000080a00000| Untracked 
|  11|0x0000000080b00000, 0x0000000080c00000, 0x0000000080c00000|100%| O|  |TAMS 0x0000000080b00000| PB 0x0000000080b00000| Untracked 
|  12|0x0000000080c00000, 0x0000000080d00000, 0x0000000080d00000|100%| O|  |TAMS 0x0000000080c00000| PB 0x0000000080c00000| Untracked 
|  13|0x0000000080d00000, 0x0000000080e00000, 0x0000000080e00000|100%| O|  |TAMS 0x0000000080d00000| PB 0x0000000080d00000| Untracked 
|  14|0x0000000080e00000, 0x0000000080f00000, 0x0000000080f00000|100%| O|  |TAMS 0x0000000080e00000| PB 0x0000000080e00000| Untracked 
|  15|0x0000000080f00000, 0x0000000081000000, 0x0000000081000000|100%| O|  |TAMS 0x0000000080f00000| PB 0x0000000080f00000| Untracked 
|  16|0x0000000081000000, 0x0000000081100000, 0x0000000081100000|100%| O|  |TAMS 0x0000000081000000| PB 0x0000000081000000| Untracked 
|  17|0x0000000081100000, 0x0000000081200000, 0x0000000081200000|100%| O|  |TAMS 0x0000000081100000| PB 0x0000000081100000| Untracked 
|  18|0x0000000081200000, 0x0000000081300000, 0x0000000081300000|100%| O|  |TAMS 0x0000000081200000| PB 0x0000000081200000| Untracked 
|  19|0x0000000081300000, 0x0000000081400000, 0x0000000081400000|100%| O|  |TAMS 0x0000000081300000| PB 0x0000000081300000| Untracked 
|  20|0x0000000081400000, 0x0000000081500000, 0x0000000081500000|100%| O|  |TAMS 0x0000000081400000| PB 0x0000000081400000| Untracked 
|  21|0x0000000081500000, 0x0000000081600000, 0x0000000081600000|100%| O|  |TAMS 0x0000000081500000| PB 0x0000000081500000| Untracked 
|  22|0x0000000081600000, 0x0000000081700000, 0x0000000081700000|100%| O|  |TAMS 0x0000000081600000| PB 0x0000000081600000| Untracked 
|  23|0x0000000081700000, 0x0000000081800000, 0x0000000081800000|100%| O|  |TAMS 0x0000000081700000| PB 0x0000000081700000| Untracked 
|  24|0x0000000081800000, 0x0000000081900000, 0x0000000081900000|100%| O|  |TAMS 0x0000000081800000| PB 0x0000000081800000| Untracked 
|  25|0x0000000081900000, 0x0000000081a00000, 0x0000000081a00000|100%| O|  |TAMS 0x0000000081900000| PB 0x0000000081900000| Untracked 
|  26|0x0000000081a00000, 0x0000000081b00000, 0x0000000081b00000|100%| O|  |TAMS 0x0000000081a00000| PB 0x0000000081a00000| Untracked 
|  27|0x0000000081b00000, 0x0000000081c00000, 0x0000000081c00000|100%| O|  |TAMS 0x0000000081b00000| PB 0x0000000081b00000| Untracked 
|  28|0x0000000081c00000, 0x0000000081d00000, 0x0000000081d00000|100%| O|  |TAMS 0x0000000081c00000| PB 0x0000000081c00000| Untracked 
|  29|0x0000000081d00000, 0x0000000081e00000, 0x0000000081e00000|100%| O|  |TAMS 0x0000000081d00000| PB 0x0000000081d00000| Untracked 
|  30|0x0000000081e00000, 0x0000000081f00000, 0x0000000081f00000|100%| O|  |TAMS 0x0000000081e00000| PB 0x0000000081e00000| Untracked 
|  31|0x0000000081f00000, 0x0000000082000000, 0x0000000082000000|100%| O|  |TAMS 0x0000000081f00000| PB 0x0000000081f00000| Untracked 
|  32|0x0000000082000000, 0x0000000082100000, 0x0000000082100000|100%| O|  |TAMS 0x0000000082000000| PB 0x0000000082000000| Untracked 
|  33|0x0000000082100000, 0x0000000082200000, 0x0000000082200000|100%| O|  |TAMS 0x0000000082100000| PB 0x0000000082100000| Untracked 
|  34|0x0000000082200000, 0x0000000082300000, 0x0000000082300000|100%| O|  |TAMS 0x0000000082200000| PB 0x0000000082200000| Untracked 
|  35|0x0000000082300000, 0x0000000082400000, 0x0000000082400000|100%| O|  |TAMS 0x0000000082300000| PB 0x0000000082300000| Untracked 
|  36|0x0000000082400000, 0x0000000082500000, 0x0000000082500000|100%| O|  |TAMS 0x0000000082400000| PB 0x0000000082400000| Untracked 
|  37|0x0000000082500000, 0x0000000082600000, 0x0000000082600000|100%| O|  |TAMS 0x0000000082500000| PB 0x0000000082500000| Untracked 
|  38|0x0000000082600000, 0x0000000082700000, 0x0000000082700000|100%| O|  |TAMS 0x0000000082600000| PB 0x0000000082600000| Untracked 
|  39|0x0000000082700000, 0x0000000082800000, 0x0000000082800000|100%| O|  |TAMS 0x0000000082700000| PB 0x0000000082700000| Untracked 
|  40|0x0000000082800000, 0x0000000082900000, 0x0000000082900000|100%| O|  |TAMS 0x0000000082800000| PB 0x0000000082800000| Untracked 
|  41|0x0000000082900000, 0x0000000082a00000, 0x0000000082a00000|100%|HS|  |TAMS 0x0000000082900000| PB 0x0000000082900000| Complete 
|  42|0x0000000082a00000, 0x0000000082b00000, 0x0000000082b00000|100%|HS|  |TAMS 0x0000000082a00000| PB 0x0000000082a00000| Complete 
|  43|0x0000000082b00000, 0x0000000082c00000, 0x0000000082c00000|100%|HS|  |TAMS 0x0000000082b00000| PB 0x0000000082b00000| Complete 
|  44|0x0000000082c00000, 0x0000000082d00000, 0x0000000082d00000|100%|HS|  |TAMS 0x0000000082c00000| PB 0x0000000082c00000| Complete 
|  45|0x0000000082d00000, 0x0000000082e00000, 0x0000000082e00000|100%| O|  |TAMS 0x0000000082d00000| PB 0x0000000082d00000| Untracked 
|  46|0x0000000082e00000, 0x0000000082f00000, 0x0000000082f00000|100%|HS|  |TAMS 0x0000000082e00000| PB 0x0000000082e00000| Complete 
|  47|0x0000000082f00000, 0x0000000083000000, 0x0000000083000000|100%| O|  |TAMS 0x0000000082f00000| PB 0x0000000082f00000| Untracked 
|  48|0x0000000083000000, 0x0000000083100000, 0x0000000083100000|100%| O|  |TAMS 0x0000000083000000| PB 0x0000000083000000| Untracked 
|  49|0x0000000083100000, 0x0000000083200000, 0x0000000083200000|100%| O|  |TAMS 0x0000000083100000| PB 0x0000000083100000| Untracked 
|  50|0x0000000083200000, 0x0000000083300000, 0x0000000083300000|100%|HS|  |TAMS 0x0000000083200000| PB 0x0000000083200000| Complete 
|  51|0x0000000083300000, 0x0000000083400000, 0x0000000083400000|100%| O|  |TAMS 0x0000000083300000| PB 0x0000000083300000| Untracked 
|  52|0x0000000083400000, 0x0000000083500000, 0x0000000083500000|100%| O|  |TAMS 0x0000000083400000| PB 0x0000000083400000| Untracked 
|  53|0x0000000083500000, 0x0000000083600000, 0x0000000083600000|100%|HS|  |TAMS 0x0000000083500000| PB 0x0000000083500000| Complete 
|  54|0x0000000083600000, 0x0000000083700000, 0x0000000083700000|100%| O|  |TAMS 0x0000000083600000| PB 0x0000000083600000| Untracked 
|  55|0x0000000083700000, 0x0000000083800000, 0x0000000083800000|100%| O|  |TAMS 0x0000000083700000| PB 0x0000000083700000| Untracked 
|  56|0x0000000083800000, 0x0000000083900000, 0x0000000083900000|100%| O|  |TAMS 0x0000000083800000| PB 0x0000000083800000| Untracked 
|  57|0x0000000083900000, 0x0000000083a00000, 0x0000000083a00000|100%| O|  |TAMS 0x0000000083900000| PB 0x0000000083900000| Untracked 
|  58|0x0000000083a00000, 0x0000000083b00000, 0x0000000083b00000|100%| O|  |TAMS 0x0000000083a00000| PB 0x0000000083a00000| Untracked 
|  59|0x0000000083b00000, 0x0000000083c00000, 0x0000000083c00000|100%| O|  |TAMS 0x0000000083b00000| PB 0x0000000083b00000| Untracked 
|  60|0x0000000083c00000, 0x0000000083d00000, 0x0000000083d00000|100%| O|  |TAMS 0x0000000083c00000| PB 0x0000000083c00000| Untracked 
|  61|0x0000000083d00000, 0x0000000083e00000, 0x0000000083e00000|100%| O|  |TAMS 0x0000000083d00000| PB 0x0000000083d00000| Untracked 
|  62|0x0000000083e00000, 0x0000000083f00000, 0x0000000083f00000|100%| O|  |TAMS 0x0000000083e00000| PB 0x0000000083e00000| Untracked 
|  63|0x0000000083f00000, 0x0000000084000000, 0x0000000084000000|100%| O|  |TAMS 0x0000000083f00000| PB 0x0000000083f00000| Untracked 
|  64|0x0000000084000000, 0x0000000084100000, 0x0000000084100000|100%| O|  |TAMS 0x0000000084000000| PB 0x0000000084000000| Untracked 
|  65|0x0000000084100000, 0x0000000084200000, 0x0000000084200000|100%| O|  |TAMS 0x0000000084100000| PB 0x0000000084100000| Untracked 
|  66|0x0000000084200000, 0x0000000084300000, 0x0000000084300000|100%| O|  |TAMS 0x0000000084200000| PB 0x0000000084200000| Untracked 
|  67|0x0000000084300000, 0x0000000084400000, 0x0000000084400000|100%| O|  |TAMS 0x0000000084300000| PB 0x0000000084300000| Untracked 
|  68|0x0000000084400000, 0x0000000084500000, 0x0000000084500000|100%| O|  |TAMS 0x0000000084400000| PB 0x0000000084400000| Untracked 
|  69|0x0000000084500000, 0x0000000084600000, 0x0000000084600000|100%| O|  |TAMS 0x0000000084500000| PB 0x0000000084500000| Untracked 
|  70|0x0000000084600000, 0x0000000084700000, 0x0000000084700000|100%| O|  |TAMS 0x0000000084600000| PB 0x0000000084600000| Untracked 
|  71|0x0000000084700000, 0x0000000084800000, 0x0000000084800000|100%| O|  |TAMS 0x0000000084700000| PB 0x0000000084700000| Untracked 
|  72|0x0000000084800000, 0x0000000084900000, 0x0000000084900000|100%| O|  |TAMS 0x0000000084800000| PB 0x0000000084800000| Untracked 
|  73|0x0000000084900000, 0x0000000084a00000, 0x0000000084a00000|100%| O|  |TAMS 0x0000000084900000| PB 0x0000000084900000| Untracked 
|  74|0x0000000084a00000, 0x0000000084b00000, 0x0000000084b00000|100%| O|  |TAMS 0x0000000084a00000| PB 0x0000000084a00000| Untracked 
|  75|0x0000000084b00000, 0x0000000084c00000, 0x0000000084c00000|100%| O|  |TAMS 0x0000000084b00000| PB 0x0000000084b00000| Untracked 
|  76|0x0000000084c00000, 0x0000000084d00000, 0x0000000084d00000|100%| O|  |TAMS 0x0000000084c00000| PB 0x0000000084c00000| Untracked 
|  77|0x0000000084d00000, 0x0000000084e00000, 0x0000000084e00000|100%| O|  |TAMS 0x0000000084d00000| PB 0x0000000084d00000| Untracked 
|  78|0x0000000084e00000, 0x0000000084f00000, 0x0000000084f00000|100%| O|  |TAMS 0x0000000084e00000| PB 0x0000000084e00000| Untracked 
|  79|0x0000000084f00000, 0x0000000085000000, 0x0000000085000000|100%| O|  |TAMS 0x0000000084f00000| PB 0x0000000084f00000| Untracked 
|  80|0x0000000085000000, 0x0000000085100000, 0x0000000085100000|100%| O|  |TAMS 0x0000000085000000| PB 0x0000000085000000| Untracked 
|  81|0x0000000085100000, 0x0000000085200000, 0x0000000085200000|100%| O|  |TAMS 0x0000000085100000| PB 0x0000000085100000| Untracked 
|  82|0x0000000085200000, 0x0000000085300000, 0x0000000085300000|100%| O|  |TAMS 0x0000000085200000| PB 0x0000000085200000| Untracked 
|  83|0x0000000085300000, 0x0000000085400000, 0x0000000085400000|100%| O|  |TAMS 0x0000000085300000| PB 0x0000000085300000| Untracked 
|  84|0x0000000085400000, 0x0000000085500000, 0x0000000085500000|100%|HS|  |TAMS 0x0000000085400000| PB 0x0000000085400000| Complete 
|  85|0x0000000085500000, 0x0000000085600000, 0x0000000085600000|100%| O|  |TAMS 0x0000000085500000| PB 0x0000000085500000| Untracked 
|  86|0x0000000085600000, 0x0000000085700000, 0x0000000085700000|100%| O|  |TAMS 0x0000000085600000| PB 0x0000000085600000| Untracked 
|  87|0x0000000085700000, 0x0000000085800000, 0x0000000085800000|100%| O|  |TAMS 0x0000000085700000| PB 0x0000000085700000| Untracked 
|  88|0x0000000085800000, 0x0000000085900000, 0x0000000085900000|100%| O|  |TAMS 0x0000000085800000| PB 0x0000000085800000| Untracked 
|  89|0x0000000085900000, 0x0000000085a00000, 0x0000000085a00000|100%| O|  |TAMS 0x0000000085900000| PB 0x0000000085900000| Untracked 
|  90|0x0000000085a00000, 0x0000000085b00000, 0x0000000085b00000|100%| O|  |TAMS 0x0000000085a00000| PB 0x0000000085a00000| Untracked 
|  91|0x0000000085b00000, 0x0000000085c00000, 0x0000000085c00000|100%| O|  |TAMS 0x0000000085b00000| PB 0x0000000085b00000| Untracked 
|  92|0x0000000085c00000, 0x0000000085d00000, 0x0000000085d00000|100%| O|  |TAMS 0x0000000085c00000| PB 0x0000000085c00000| Untracked 
|  93|0x0000000085d00000, 0x0000000085e00000, 0x0000000085e00000|100%| O|  |TAMS 0x0000000085d00000| PB 0x0000000085d00000| Untracked 
|  94|0x0000000085e00000, 0x0000000085f00000, 0x0000000085f00000|100%| O|  |TAMS 0x0000000085e00000| PB 0x0000000085e00000| Untracked 
|  95|0x0000000085f00000, 0x0000000086000000, 0x0000000086000000|100%| O|  |TAMS 0x0000000085f00000| PB 0x0000000085f00000| Untracked 
|  96|0x0000000086000000, 0x0000000086100000, 0x0000000086100000|100%| O|  |TAMS 0x0000000086000000| PB 0x0000000086000000| Untracked 
|  97|0x0000000086100000, 0x0000000086200000, 0x0000000086200000|100%| O|  |TAMS 0x0000000086100000| PB 0x0000000086100000| Untracked 
|  98|0x0000000086200000, 0x0000000086300000, 0x0000000086300000|100%| O|  |TAMS 0x0000000086200000| PB 0x0000000086200000| Untracked 
|  99|0x0000000086300000, 0x0000000086400000, 0x0000000086400000|100%| O|  |TAMS 0x0000000086300000| PB 0x0000000086300000| Untracked 
| 100|0x0000000086400000, 0x0000000086500000, 0x0000000086500000|100%| O|  |TAMS 0x0000000086400000| PB 0x0000000086400000| Untracked 
| 101|0x0000000086500000, 0x0000000086600000, 0x0000000086600000|100%| O|  |TAMS 0x0000000086500000| PB 0x0000000086500000| Untracked 
| 102|0x0000000086600000, 0x0000000086700000, 0x0000000086700000|100%| O|  |TAMS 0x0000000086600000| PB 0x0000000086600000| Untracked 
| 103|0x0000000086700000, 0x0000000086800000, 0x0000000086800000|100%| O|  |TAMS 0x0000000086700000| PB 0x0000000086700000| Untracked 
| 104|0x0000000086800000, 0x0000000086900000, 0x0000000086900000|100%| O|  |TAMS 0x0000000086800000| PB 0x0000000086800000| Untracked 
| 105|0x0000000086900000, 0x0000000086a00000, 0x0000000086a00000|100%| O|  |TAMS 0x0000000086900000| PB 0x0000000086900000| Untracked 
| 106|0x0000000086a00000, 0x0000000086b00000, 0x0000000086b00000|100%| O|  |TAMS 0x0000000086a00000| PB 0x0000000086a00000| Untracked 
| 107|0x0000000086b00000, 0x0000000086c00000, 0x0000000086c00000|100%| O|  |TAMS 0x0000000086b00000| PB 0x0000000086b00000| Untracked 
| 108|0x0000000086c00000, 0x0000000086d00000, 0x0000000086d00000|100%| O|  |TAMS 0x0000000086c00000| PB 0x0000000086c00000| Untracked 
| 109|0x0000000086d00000, 0x0000000086e00000, 0x0000000086e00000|100%| O|  |TAMS 0x0000000086d00000| PB 0x0000000086d00000| Untracked 
| 110|0x0000000086e00000, 0x0000000086f00000, 0x0000000086f00000|100%| O|  |TAMS 0x0000000086e00000| PB 0x0000000086e00000| Untracked 
| 111|0x0000000086f00000, 0x0000000087000000, 0x0000000087000000|100%| O|  |TAMS 0x0000000086f00000| PB 0x0000000086f00000| Untracked 
| 112|0x0000000087000000, 0x0000000087100000, 0x0000000087100000|100%| O|  |TAMS 0x0000000087000000| PB 0x0000000087000000| Untracked 
| 113|0x0000000087100000, 0x0000000087200000, 0x0000000087200000|100%| O|  |TAMS 0x0000000087100000| PB 0x0000000087100000| Untracked 
| 114|0x0000000087200000, 0x0000000087300000, 0x0000000087300000|100%| O|  |TAMS 0x0000000087200000| PB 0x0000000087200000| Untracked 
| 115|0x0000000087300000, 0x0000000087400000, 0x0000000087400000|100%| O|  |TAMS 0x0000000087300000| PB 0x0000000087300000| Untracked 
| 116|0x0000000087400000, 0x0000000087500000, 0x0000000087500000|100%| O|  |TAMS 0x0000000087400000| PB 0x0000000087400000| Untracked 
| 117|0x0000000087500000, 0x0000000087600000, 0x0000000087600000|100%| O|  |TAMS 0x0000000087500000| PB 0x0000000087500000| Untracked 
| 118|0x0000000087600000, 0x0000000087700000, 0x0000000087700000|100%| O|  |TAMS 0x0000000087600000| PB 0x0000000087600000| Untracked 
| 119|0x0000000087700000, 0x0000000087800000, 0x0000000087800000|100%| O|  |TAMS 0x0000000087700000| PB 0x0000000087700000| Untracked 
| 120|0x0000000087800000, 0x0000000087900000, 0x0000000087900000|100%| O|  |TAMS 0x0000000087800000| PB 0x0000000087800000| Untracked 
| 121|0x0000000087900000, 0x0000000087a00000, 0x0000000087a00000|100%| O|  |TAMS 0x0000000087900000| PB 0x0000000087900000| Untracked 
| 122|0x0000000087a00000, 0x0000000087b00000, 0x0000000087b00000|100%| O|  |TAMS 0x0000000087a00000| PB 0x0000000087a00000| Untracked 
| 123|0x0000000087b00000, 0x0000000087c00000, 0x0000000087c00000|100%| O|  |TAMS 0x0000000087b00000| PB 0x0000000087b00000| Untracked 
| 124|0x0000000087c00000, 0x0000000087d00000, 0x0000000087d00000|100%| O|  |TAMS 0x0000000087c00000| PB 0x0000000087c00000| Untracked 
| 125|0x0000000087d00000, 0x0000000087e00000, 0x0000000087e00000|100%| O|  |TAMS 0x0000000087d00000| PB 0x0000000087d00000| Untracked 
| 126|0x0000000087e00000, 0x0000000087f00000, 0x0000000087f00000|100%| O|  |TAMS 0x0000000087e00000| PB 0x0000000087e00000| Untracked 
| 127|0x0000000087f00000, 0x0000000088000000, 0x0000000088000000|100%| O|  |TAMS 0x0000000087f00000| PB 0x0000000087f00000| Untracked 
| 128|0x0000000088000000, 0x0000000088100000, 0x0000000088100000|100%| O|  |TAMS 0x0000000088000000| PB 0x0000000088000000| Untracked 
| 129|0x0000000088100000, 0x0000000088200000, 0x0000000088200000|100%| O|  |TAMS 0x0000000088100000| PB 0x0000000088100000| Untracked 
| 130|0x0000000088200000, 0x0000000088300000, 0x0000000088300000|100%| O|  |TAMS 0x0000000088200000| PB 0x0000000088200000| Untracked 
| 131|0x0000000088300000, 0x0000000088400000, 0x0000000088400000|100%| O|  |TAMS 0x0000000088300000| PB 0x0000000088300000| Untracked 
| 132|0x0000000088400000, 0x0000000088500000, 0x0000000088500000|100%| O|  |TAMS 0x0000000088400000| PB 0x0000000088400000| Untracked 
| 133|0x0000000088500000, 0x0000000088600000, 0x0000000088600000|100%| O|  |TAMS 0x0000000088500000| PB 0x0000000088500000| Untracked 
| 134|0x0000000088600000, 0x0000000088700000, 0x0000000088700000|100%| O|  |TAMS 0x0000000088600000| PB 0x0000000088600000| Untracked 
| 135|0x0000000088700000, 0x0000000088800000, 0x0000000088800000|100%| O|  |TAMS 0x0000000088700000| PB 0x0000000088700000| Untracked 
| 136|0x0000000088800000, 0x0000000088900000, 0x0000000088900000|100%| O|  |TAMS 0x0000000088800000| PB 0x0000000088800000| Untracked 
| 137|0x0000000088900000, 0x0000000088a00000, 0x0000000088a00000|100%| O|  |TAMS 0x0000000088900000| PB 0x0000000088900000| Untracked 
| 138|0x0000000088a00000, 0x0000000088b00000, 0x0000000088b00000|100%| O|  |TAMS 0x0000000088a00000| PB 0x0000000088a00000| Untracked 
| 139|0x0000000088b00000, 0x0000000088c00000, 0x0000000088c00000|100%| O|  |TAMS 0x0000000088b00000| PB 0x0000000088b00000| Untracked 
| 140|0x0000000088c00000, 0x0000000088d00000, 0x0000000088d00000|100%| O|  |TAMS 0x0000000088c00000| PB 0x0000000088c00000| Untracked 
| 141|0x0000000088d00000, 0x0000000088e00000, 0x0000000088e00000|100%| O|  |TAMS 0x0000000088d00000| PB 0x0000000088d00000| Untracked 
| 142|0x0000000088e00000, 0x0000000088f00000, 0x0000000088f00000|100%| O|  |TAMS 0x0000000088e00000| PB 0x0000000088e00000| Untracked 
| 143|0x0000000088f00000, 0x0000000089000000, 0x0000000089000000|100%| O|  |TAMS 0x0000000088f00000| PB 0x0000000088f00000| Untracked 
| 144|0x0000000089000000, 0x0000000089100000, 0x0000000089100000|100%| O|  |TAMS 0x0000000089000000| PB 0x0000000089000000| Untracked 
| 145|0x0000000089100000, 0x0000000089200000, 0x0000000089200000|100%| O|  |TAMS 0x0000000089100000| PB 0x0000000089100000| Untracked 
| 146|0x0000000089200000, 0x0000000089300000, 0x0000000089300000|100%| O|  |TAMS 0x0000000089200000| PB 0x0000000089200000| Untracked 
| 147|0x0000000089300000, 0x0000000089400000, 0x0000000089400000|100%| O|  |TAMS 0x0000000089300000| PB 0x0000000089300000| Untracked 
| 148|0x0000000089400000, 0x0000000089500000, 0x0000000089500000|100%| O|  |TAMS 0x0000000089400000| PB 0x0000000089400000| Untracked 
| 149|0x0000000089500000, 0x0000000089600000, 0x0000000089600000|100%| O|  |TAMS 0x0000000089500000| PB 0x0000000089500000| Untracked 
| 150|0x0000000089600000, 0x0000000089700000, 0x0000000089700000|100%| O|  |TAMS 0x0000000089600000| PB 0x0000000089600000| Untracked 
| 151|0x0000000089700000, 0x0000000089800000, 0x0000000089800000|100%| O|  |TAMS 0x0000000089700000| PB 0x0000000089700000| Untracked 
| 152|0x0000000089800000, 0x0000000089900000, 0x0000000089900000|100%| O|  |TAMS 0x0000000089800000| PB 0x0000000089800000| Untracked 
| 153|0x0000000089900000, 0x0000000089a00000, 0x0000000089a00000|100%| O|  |TAMS 0x0000000089900000| PB 0x0000000089900000| Untracked 
| 154|0x0000000089a00000, 0x0000000089b00000, 0x0000000089b00000|100%| O|  |TAMS 0x0000000089a00000| PB 0x0000000089a00000| Untracked 
| 155|0x0000000089b00000, 0x0000000089c00000, 0x0000000089c00000|100%| O|  |TAMS 0x0000000089b00000| PB 0x0000000089b00000| Untracked 
| 156|0x0000000089c00000, 0x0000000089d00000, 0x0000000089d00000|100%| O|  |TAMS 0x0000000089c00000| PB 0x0000000089c00000| Untracked 
| 157|0x0000000089d00000, 0x0000000089e00000, 0x0000000089e00000|100%| O|  |TAMS 0x0000000089d00000| PB 0x0000000089d00000| Untracked 
| 158|0x0000000089e00000, 0x0000000089f00000, 0x0000000089f00000|100%| O|  |TAMS 0x0000000089e00000| PB 0x0000000089e00000| Untracked 
| 159|0x0000000089f00000, 0x000000008a000000, 0x000000008a000000|100%| O|  |TAMS 0x0000000089f00000| PB 0x0000000089f00000| Untracked 
| 160|0x000000008a000000, 0x000000008a100000, 0x000000008a100000|100%| O|  |TAMS 0x000000008a000000| PB 0x000000008a000000| Untracked 
| 161|0x000000008a100000, 0x000000008a200000, 0x000000008a200000|100%| O|  |TAMS 0x000000008a100000| PB 0x000000008a100000| Untracked 
| 162|0x000000008a200000, 0x000000008a300000, 0x000000008a300000|100%| O|  |TAMS 0x000000008a200000| PB 0x000000008a200000| Untracked 
| 163|0x000000008a300000, 0x000000008a400000, 0x000000008a400000|100%| O|  |TAMS 0x000000008a300000| PB 0x000000008a300000| Untracked 
| 164|0x000000008a400000, 0x000000008a500000, 0x000000008a500000|100%| O|  |TAMS 0x000000008a400000| PB 0x000000008a400000| Untracked 
| 165|0x000000008a500000, 0x000000008a600000, 0x000000008a600000|100%| O|  |TAMS 0x000000008a500000| PB 0x000000008a500000| Untracked 
| 166|0x000000008a600000, 0x000000008a700000, 0x000000008a700000|100%| O|  |TAMS 0x000000008a600000| PB 0x000000008a600000| Untracked 
| 167|0x000000008a700000, 0x000000008a800000, 0x000000008a800000|100%| O|  |TAMS 0x000000008a700000| PB 0x000000008a700000| Untracked 
| 168|0x000000008a800000, 0x000000008a900000, 0x000000008a900000|100%| O|  |TAMS 0x000000008a800000| PB 0x000000008a800000| Untracked 
| 169|0x000000008a900000, 0x000000008aa00000, 0x000000008aa00000|100%| O|  |TAMS 0x000000008a900000| PB 0x000000008a900000| Untracked 
| 170|0x000000008aa00000, 0x000000008ab00000, 0x000000008ab00000|100%| O|  |TAMS 0x000000008aa00000| PB 0x000000008aa00000| Untracked 
| 171|0x000000008ab00000, 0x000000008ac00000, 0x000000008ac00000|100%| O|  |TAMS 0x000000008ab00000| PB 0x000000008ab00000| Untracked 
| 172|0x000000008ac00000, 0x000000008ad00000, 0x000000008ad00000|100%| O|  |TAMS 0x000000008ac00000| PB 0x000000008ac00000| Untracked 
| 173|0x000000008ad00000, 0x000000008ae00000, 0x000000008ae00000|100%| O|  |TAMS 0x000000008ad00000| PB 0x000000008ad00000| Untracked 
| 174|0x000000008ae00000, 0x000000008af00000, 0x000000008af00000|100%| O|  |TAMS 0x000000008ae00000| PB 0x000000008ae00000| Untracked 
| 175|0x000000008af00000, 0x000000008b000000, 0x000000008b000000|100%| O|  |TAMS 0x000000008af00000| PB 0x000000008af00000| Untracked 
| 176|0x000000008b000000, 0x000000008b100000, 0x000000008b100000|100%| O|  |TAMS 0x000000008b000000| PB 0x000000008b000000| Untracked 
| 177|0x000000008b100000, 0x000000008b200000, 0x000000008b200000|100%| O|  |TAMS 0x000000008b100000| PB 0x000000008b100000| Untracked 
| 178|0x000000008b200000, 0x000000008b300000, 0x000000008b300000|100%| O|  |TAMS 0x000000008b200000| PB 0x000000008b200000| Untracked 
| 179|0x000000008b300000, 0x000000008b400000, 0x000000008b400000|100%| O|  |TAMS 0x000000008b300000| PB 0x000000008b300000| Untracked 
| 180|0x000000008b400000, 0x000000008b500000, 0x000000008b500000|100%| O|  |TAMS 0x000000008b400000| PB 0x000000008b400000| Untracked 
| 181|0x000000008b500000, 0x000000008b600000, 0x000000008b600000|100%| O|  |TAMS 0x000000008b500000| PB 0x000000008b500000| Untracked 
| 182|0x000000008b600000, 0x000000008b700000, 0x000000008b700000|100%| O|  |TAMS 0x000000008b600000| PB 0x000000008b600000| Untracked 
| 183|0x000000008b700000, 0x000000008b800000, 0x000000008b800000|100%| O|  |TAMS 0x000000008b700000| PB 0x000000008b700000| Untracked 
| 184|0x000000008b800000, 0x000000008b900000, 0x000000008b900000|100%| O|  |TAMS 0x000000008b800000| PB 0x000000008b800000| Untracked 
| 185|0x000000008b900000, 0x000000008ba00000, 0x000000008ba00000|100%| O|  |TAMS 0x000000008b900000| PB 0x000000008b900000| Untracked 
| 186|0x000000008ba00000, 0x000000008bb00000, 0x000000008bb00000|100%| O|  |TAMS 0x000000008ba00000| PB 0x000000008ba00000| Untracked 
| 187|0x000000008bb00000, 0x000000008bc00000, 0x000000008bc00000|100%| O|  |TAMS 0x000000008bb00000| PB 0x000000008bb00000| Untracked 
| 188|0x000000008bc00000, 0x000000008bd00000, 0x000000008bd00000|100%| O|  |TAMS 0x000000008bc00000| PB 0x000000008bc00000| Untracked 
| 189|0x000000008bd00000, 0x000000008be00000, 0x000000008be00000|100%| O|  |TAMS 0x000000008bd00000| PB 0x000000008bd00000| Untracked 
| 190|0x000000008be00000, 0x000000008bf00000, 0x000000008bf00000|100%| O|  |TAMS 0x000000008be00000| PB 0x000000008be00000| Untracked 
| 191|0x000000008bf00000, 0x000000008c000000, 0x000000008c000000|100%| O|  |TAMS 0x000000008bf00000| PB 0x000000008bf00000| Untracked 
| 192|0x000000008c000000, 0x000000008c100000, 0x000000008c100000|100%| O|  |TAMS 0x000000008c000000| PB 0x000000008c000000| Untracked 
| 193|0x000000008c100000, 0x000000008c200000, 0x000000008c200000|100%| O|  |TAMS 0x000000008c100000| PB 0x000000008c100000| Untracked 
| 194|0x000000008c200000, 0x000000008c300000, 0x000000008c300000|100%| O|  |TAMS 0x000000008c200000| PB 0x000000008c200000| Untracked 
| 195|0x000000008c300000, 0x000000008c400000, 0x000000008c400000|100%| O|  |TAMS 0x000000008c300000| PB 0x000000008c300000| Untracked 
| 196|0x000000008c400000, 0x000000008c500000, 0x000000008c500000|100%| O|  |TAMS 0x000000008c400000| PB 0x000000008c400000| Untracked 
| 197|0x000000008c500000, 0x000000008c600000, 0x000000008c600000|100%| O|  |TAMS 0x000000008c500000| PB 0x000000008c500000| Untracked 
| 198|0x000000008c600000, 0x000000008c700000, 0x000000008c700000|100%| O|  |TAMS 0x000000008c600000| PB 0x000000008c600000| Untracked 
| 199|0x000000008c700000, 0x000000008c800000, 0x000000008c800000|100%| O|  |TAMS 0x000000008c700000| PB 0x000000008c700000| Untracked 
| 200|0x000000008c800000, 0x000000008c900000, 0x000000008c900000|100%| O|  |TAMS 0x000000008c800000| PB 0x000000008c800000| Untracked 
| 201|0x000000008c900000, 0x000000008ca00000, 0x000000008ca00000|100%| O|  |TAMS 0x000000008c900000| PB 0x000000008c900000| Untracked 
| 202|0x000000008ca00000, 0x000000008cb00000, 0x000000008cb00000|100%| O|  |TAMS 0x000000008ca00000| PB 0x000000008ca00000| Untracked 
| 203|0x000000008cb00000, 0x000000008cc00000, 0x000000008cc00000|100%| O|  |TAMS 0x000000008cb00000| PB 0x000000008cb00000| Untracked 
| 204|0x000000008cc00000, 0x000000008cd00000, 0x000000008cd00000|100%| O|  |TAMS 0x000000008cc00000| PB 0x000000008cc00000| Untracked 
| 205|0x000000008cd00000, 0x000000008ce00000, 0x000000008ce00000|100%| O|  |TAMS 0x000000008cd00000| PB 0x000000008cd00000| Untracked 
| 206|0x000000008ce00000, 0x000000008cf00000, 0x000000008cf00000|100%| O|  |TAMS 0x000000008ce00000| PB 0x000000008ce00000| Untracked 
| 207|0x000000008cf00000, 0x000000008d000000, 0x000000008d000000|100%| O|  |TAMS 0x000000008cf00000| PB 0x000000008cf00000| Untracked 
| 208|0x000000008d000000, 0x000000008d100000, 0x000000008d100000|100%| O|  |TAMS 0x000000008d000000| PB 0x000000008d000000| Untracked 
| 209|0x000000008d100000, 0x000000008d200000, 0x000000008d200000|100%| O|  |TAMS 0x000000008d100000| PB 0x000000008d100000| Untracked 
| 210|0x000000008d200000, 0x000000008d300000, 0x000000008d300000|100%| O|  |TAMS 0x000000008d200000| PB 0x000000008d200000| Untracked 
| 211|0x000000008d300000, 0x000000008d400000, 0x000000008d400000|100%| O|  |TAMS 0x000000008d300000| PB 0x000000008d300000| Untracked 
| 212|0x000000008d400000, 0x000000008d500000, 0x000000008d500000|100%| O|  |TAMS 0x000000008d400000| PB 0x000000008d400000| Untracked 
| 213|0x000000008d500000, 0x000000008d600000, 0x000000008d600000|100%| O|  |TAMS 0x000000008d500000| PB 0x000000008d500000| Untracked 
| 214|0x000000008d600000, 0x000000008d700000, 0x000000008d700000|100%| O|  |TAMS 0x000000008d600000| PB 0x000000008d600000| Untracked 
| 215|0x000000008d700000, 0x000000008d800000, 0x000000008d800000|100%| O|  |TAMS 0x000000008d700000| PB 0x000000008d700000| Untracked 
| 216|0x000000008d800000, 0x000000008d900000, 0x000000008d900000|100%| O|  |TAMS 0x000000008d800000| PB 0x000000008d800000| Untracked 
| 217|0x000000008d900000, 0x000000008da00000, 0x000000008da00000|100%| O|  |TAMS 0x000000008d900000| PB 0x000000008d900000| Untracked 
| 218|0x000000008da00000, 0x000000008db00000, 0x000000008db00000|100%| O|  |TAMS 0x000000008da00000| PB 0x000000008da00000| Untracked 
| 219|0x000000008db00000, 0x000000008dc00000, 0x000000008dc00000|100%| O|  |TAMS 0x000000008db00000| PB 0x000000008db00000| Untracked 
| 220|0x000000008dc00000, 0x000000008dd00000, 0x000000008dd00000|100%| O|  |TAMS 0x000000008dc00000| PB 0x000000008dc00000| Untracked 
| 221|0x000000008dd00000, 0x000000008de00000, 0x000000008de00000|100%| O|  |TAMS 0x000000008dd00000| PB 0x000000008dd00000| Untracked 
| 222|0x000000008de00000, 0x000000008df00000, 0x000000008df00000|100%| O|  |TAMS 0x000000008de00000| PB 0x000000008de00000| Untracked 
| 223|0x000000008df00000, 0x000000008e000000, 0x000000008e000000|100%| O|  |TAMS 0x000000008df00000| PB 0x000000008df00000| Untracked 
| 224|0x000000008e000000, 0x000000008e100000, 0x000000008e100000|100%| O|  |TAMS 0x000000008e000000| PB 0x000000008e000000| Untracked 
| 225|0x000000008e100000, 0x000000008e200000, 0x000000008e200000|100%| O|  |TAMS 0x000000008e100000| PB 0x000000008e100000| Untracked 
| 226|0x000000008e200000, 0x000000008e300000, 0x000000008e300000|100%| O|  |TAMS 0x000000008e200000| PB 0x000000008e200000| Untracked 
| 227|0x000000008e300000, 0x000000008e400000, 0x000000008e400000|100%| O|  |TAMS 0x000000008e300000| PB 0x000000008e300000| Untracked 
| 228|0x000000008e400000, 0x000000008e500000, 0x000000008e500000|100%| O|  |TAMS 0x000000008e400000| PB 0x000000008e400000| Untracked 
| 229|0x000000008e500000, 0x000000008e600000, 0x000000008e600000|100%| O|  |TAMS 0x000000008e500000| PB 0x000000008e500000| Untracked 
| 230|0x000000008e600000, 0x000000008e700000, 0x000000008e700000|100%| O|  |TAMS 0x000000008e600000| PB 0x000000008e600000| Untracked 
| 231|0x000000008e700000, 0x000000008e800000, 0x000000008e800000|100%| O|  |TAMS 0x000000008e700000| PB 0x000000008e700000| Untracked 
| 232|0x000000008e800000, 0x000000008e900000, 0x000000008e900000|100%| O|  |TAMS 0x000000008e800000| PB 0x000000008e800000| Untracked 
| 233|0x000000008e900000, 0x000000008ea00000, 0x000000008ea00000|100%| O|  |TAMS 0x000000008e900000| PB 0x000000008e900000| Untracked 
| 234|0x000000008ea00000, 0x000000008eb00000, 0x000000008eb00000|100%| O|  |TAMS 0x000000008ea00000| PB 0x000000008ea00000| Untracked 
| 235|0x000000008eb00000, 0x000000008ec00000, 0x000000008ec00000|100%| O|  |TAMS 0x000000008eb00000| PB 0x000000008eb00000| Untracked 
| 236|0x000000008ec00000, 0x000000008ed00000, 0x000000008ed00000|100%| O|  |TAMS 0x000000008ec00000| PB 0x000000008ec00000| Untracked 
| 237|0x000000008ed00000, 0x000000008ee00000, 0x000000008ee00000|100%| O|  |TAMS 0x000000008ed00000| PB 0x000000008ed00000| Untracked 
| 238|0x000000008ee00000, 0x000000008ef00000, 0x000000008ef00000|100%| O|  |TAMS 0x000000008ee00000| PB 0x000000008ee00000| Untracked 
| 239|0x000000008ef00000, 0x000000008f000000, 0x000000008f000000|100%| O|  |TAMS 0x000000008ef00000| PB 0x000000008ef00000| Untracked 
| 240|0x000000008f000000, 0x000000008f100000, 0x000000008f100000|100%| O|  |TAMS 0x000000008f000000| PB 0x000000008f000000| Untracked 
| 241|0x000000008f100000, 0x000000008f200000, 0x000000008f200000|100%| O|  |TAMS 0x000000008f100000| PB 0x000000008f100000| Untracked 
| 242|0x000000008f200000, 0x000000008f300000, 0x000000008f300000|100%| O|  |TAMS 0x000000008f200000| PB 0x000000008f200000| Untracked 
| 243|0x000000008f300000, 0x000000008f400000, 0x000000008f400000|100%| O|  |TAMS 0x000000008f300000| PB 0x000000008f300000| Untracked 
| 244|0x000000008f400000, 0x000000008f500000, 0x000000008f500000|100%| O|  |TAMS 0x000000008f400000| PB 0x000000008f400000| Untracked 
| 245|0x000000008f500000, 0x000000008f600000, 0x000000008f600000|100%| O|  |TAMS 0x000000008f500000| PB 0x000000008f500000| Untracked 
| 246|0x000000008f600000, 0x000000008f700000, 0x000000008f700000|100%| O|  |TAMS 0x000000008f600000| PB 0x000000008f600000| Untracked 
| 247|0x000000008f700000, 0x000000008f800000, 0x000000008f800000|100%| O|  |TAMS 0x000000008f700000| PB 0x000000008f700000| Untracked 
| 248|0x000000008f800000, 0x000000008f900000, 0x000000008f900000|100%| O|  |TAMS 0x000000008f800000| PB 0x000000008f800000| Untracked 
| 249|0x000000008f900000, 0x000000008fa00000, 0x000000008fa00000|100%| O|  |TAMS 0x000000008f900000| PB 0x000000008f900000| Untracked 
| 250|0x000000008fa00000, 0x000000008fb00000, 0x000000008fb00000|100%| O|  |TAMS 0x000000008fa00000| PB 0x000000008fa00000| Untracked 
| 251|0x000000008fb00000, 0x000000008fc00000, 0x000000008fc00000|100%| O|  |TAMS 0x000000008fb00000| PB 0x000000008fb00000| Untracked 
| 252|0x000000008fc00000, 0x000000008fd00000, 0x000000008fd00000|100%| O|  |TAMS 0x000000008fc00000| PB 0x000000008fc00000| Untracked 
| 253|0x000000008fd00000, 0x000000008fe00000, 0x000000008fe00000|100%| O|  |TAMS 0x000000008fd00000| PB 0x000000008fd00000| Untracked 
| 254|0x000000008fe00000, 0x000000008ff00000, 0x000000008ff00000|100%| O|  |TAMS 0x000000008fe00000| PB 0x000000008fe00000| Untracked 
| 255|0x000000008ff00000, 0x0000000090000000, 0x0000000090000000|100%| O|  |TAMS 0x000000008ff00000| PB 0x000000008ff00000| Untracked 
| 256|0x0000000090000000, 0x0000000090100000, 0x0000000090100000|100%| O|  |TAMS 0x0000000090000000| PB 0x0000000090000000| Untracked 
| 257|0x0000000090100000, 0x0000000090200000, 0x0000000090200000|100%| O|  |TAMS 0x0000000090100000| PB 0x0000000090100000| Untracked 
| 258|0x0000000090200000, 0x0000000090300000, 0x0000000090300000|100%| O|  |TAMS 0x0000000090200000| PB 0x0000000090200000| Untracked 
| 259|0x0000000090300000, 0x0000000090400000, 0x0000000090400000|100%| O|  |TAMS 0x0000000090300000| PB 0x0000000090300000| Untracked 
| 260|0x0000000090400000, 0x0000000090500000, 0x0000000090500000|100%| O|  |TAMS 0x0000000090400000| PB 0x0000000090400000| Untracked 
| 261|0x0000000090500000, 0x0000000090600000, 0x0000000090600000|100%| O|  |TAMS 0x0000000090500000| PB 0x0000000090500000| Untracked 
| 262|0x0000000090600000, 0x0000000090700000, 0x0000000090700000|100%| O|  |TAMS 0x0000000090600000| PB 0x0000000090600000| Untracked 
| 263|0x0000000090700000, 0x0000000090800000, 0x0000000090800000|100%| O|  |TAMS 0x0000000090700000| PB 0x0000000090700000| Untracked 
| 264|0x0000000090800000, 0x0000000090900000, 0x0000000090900000|100%| O|  |TAMS 0x0000000090800000| PB 0x0000000090800000| Untracked 
| 265|0x0000000090900000, 0x0000000090a00000, 0x0000000090a00000|100%| O|  |TAMS 0x0000000090900000| PB 0x0000000090900000| Untracked 
| 266|0x0000000090a00000, 0x0000000090b00000, 0x0000000090b00000|100%| O|  |TAMS 0x0000000090a00000| PB 0x0000000090a00000| Untracked 
| 267|0x0000000090b00000, 0x0000000090c00000, 0x0000000090c00000|100%| O|  |TAMS 0x0000000090b00000| PB 0x0000000090b00000| Untracked 
| 268|0x0000000090c00000, 0x0000000090d00000, 0x0000000090d00000|100%| O|  |TAMS 0x0000000090c00000| PB 0x0000000090c00000| Untracked 
| 269|0x0000000090d00000, 0x0000000090e00000, 0x0000000090e00000|100%| O|  |TAMS 0x0000000090d00000| PB 0x0000000090d00000| Untracked 
| 270|0x0000000090e00000, 0x0000000090f00000, 0x0000000090f00000|100%| O|  |TAMS 0x0000000090e00000| PB 0x0000000090e00000| Untracked 
| 271|0x0000000090f00000, 0x0000000091000000, 0x0000000091000000|100%| O|  |TAMS 0x0000000090f00000| PB 0x0000000090f00000| Untracked 
| 272|0x0000000091000000, 0x0000000091100000, 0x0000000091100000|100%| O|  |TAMS 0x0000000091000000| PB 0x0000000091000000| Untracked 
| 273|0x0000000091100000, 0x0000000091200000, 0x0000000091200000|100%| O|  |TAMS 0x0000000091100000| PB 0x0000000091100000| Untracked 
| 274|0x0000000091200000, 0x0000000091300000, 0x0000000091300000|100%| O|  |TAMS 0x0000000091200000| PB 0x0000000091200000| Untracked 
| 275|0x0000000091300000, 0x0000000091400000, 0x0000000091400000|100%| O|  |TAMS 0x0000000091300000| PB 0x0000000091300000| Untracked 
| 276|0x0000000091400000, 0x0000000091500000, 0x0000000091500000|100%| O|  |TAMS 0x0000000091400000| PB 0x0000000091400000| Untracked 
| 277|0x0000000091500000, 0x0000000091600000, 0x0000000091600000|100%| O|  |TAMS 0x0000000091500000| PB 0x0000000091500000| Untracked 
| 278|0x0000000091600000, 0x0000000091700000, 0x0000000091700000|100%| O|  |TAMS 0x0000000091600000| PB 0x0000000091600000| Untracked 
| 279|0x0000000091700000, 0x0000000091700000, 0x0000000091800000|  0%| F|  |TAMS 0x0000000091700000| PB 0x0000000091700000| Untracked 
| 280|0x0000000091800000, 0x0000000091800000, 0x0000000091900000|  0%| F|  |TAMS 0x0000000091800000| PB 0x0000000091800000| Untracked 
| 281|0x0000000091900000, 0x0000000091900000, 0x0000000091a00000|  0%| F|  |TAMS 0x0000000091900000| PB 0x0000000091900000| Untracked 
| 282|0x0000000091a00000, 0x0000000091a00000, 0x0000000091b00000|  0%| F|  |TAMS 0x0000000091a00000| PB 0x0000000091a00000| Untracked 
| 283|0x0000000091b00000, 0x0000000091b00000, 0x0000000091c00000|  0%| F|  |TAMS 0x0000000091b00000| PB 0x0000000091b00000| Untracked 
| 284|0x0000000091c00000, 0x0000000091c00000, 0x0000000091d00000|  0%| F|  |TAMS 0x0000000091c00000| PB 0x0000000091c00000| Untracked 
| 285|0x0000000091d00000, 0x0000000091d00000, 0x0000000091e00000|  0%| F|  |TAMS 0x0000000091d00000| PB 0x0000000091d00000| Untracked 
| 286|0x0000000091e00000, 0x0000000091e00000, 0x0000000091f00000|  0%| F|  |TAMS 0x0000000091e00000| PB 0x0000000091e00000| Untracked 
| 287|0x0000000091f00000, 0x0000000091f00000, 0x0000000092000000|  0%| F|  |TAMS 0x0000000091f00000| PB 0x0000000091f00000| Untracked 
| 288|0x0000000092000000, 0x0000000092000000, 0x0000000092100000|  0%| F|  |TAMS 0x0000000092000000| PB 0x0000000092000000| Untracked 
| 289|0x0000000092100000, 0x0000000092100000, 0x0000000092200000|  0%| F|  |TAMS 0x0000000092100000| PB 0x0000000092100000| Untracked 
| 290|0x0000000092200000, 0x0000000092200000, 0x0000000092300000|  0%| F|  |TAMS 0x0000000092200000| PB 0x0000000092200000| Untracked 
| 291|0x0000000092300000, 0x0000000092300000, 0x0000000092400000|  0%| F|  |TAMS 0x0000000092300000| PB 0x0000000092300000| Untracked 
| 292|0x0000000092400000, 0x0000000092400000, 0x0000000092500000|  0%| F|  |TAMS 0x0000000092400000| PB 0x0000000092400000| Untracked 
| 293|0x0000000092500000, 0x0000000092500000, 0x0000000092600000|  0%| F|  |TAMS 0x0000000092500000| PB 0x0000000092500000| Untracked 
| 294|0x0000000092600000, 0x0000000092600000, 0x0000000092700000|  0%| F|  |TAMS 0x0000000092600000| PB 0x0000000092600000| Untracked 
| 295|0x0000000092700000, 0x0000000092700000, 0x0000000092800000|  0%| F|  |TAMS 0x0000000092700000| PB 0x0000000092700000| Untracked 
| 296|0x0000000092800000, 0x0000000092800000, 0x0000000092900000|  0%| F|  |TAMS 0x0000000092800000| PB 0x0000000092800000| Untracked 
| 297|0x0000000092900000, 0x0000000092900000, 0x0000000092a00000|  0%| F|  |TAMS 0x0000000092900000| PB 0x0000000092900000| Untracked 
| 298|0x0000000092a00000, 0x0000000092a00000, 0x0000000092b00000|  0%| F|  |TAMS 0x0000000092a00000| PB 0x0000000092a00000| Untracked 
| 299|0x0000000092b00000, 0x0000000092b00000, 0x0000000092c00000|  0%| F|  |TAMS 0x0000000092b00000| PB 0x0000000092b00000| Untracked 
| 300|0x0000000092c00000, 0x0000000092c00000, 0x0000000092d00000|  0%| F|  |TAMS 0x0000000092c00000| PB 0x0000000092c00000| Untracked 
| 301|0x0000000092d00000, 0x0000000092d00000, 0x0000000092e00000|  0%| F|  |TAMS 0x0000000092d00000| PB 0x0000000092d00000| Untracked 
| 302|0x0000000092e00000, 0x0000000092e00000, 0x0000000092f00000|  0%| F|  |TAMS 0x0000000092e00000| PB 0x0000000092e00000| Untracked 
| 303|0x0000000092f00000, 0x0000000092f00000, 0x0000000093000000|  0%| F|  |TAMS 0x0000000092f00000| PB 0x0000000092f00000| Untracked 
| 304|0x0000000093000000, 0x0000000093000000, 0x0000000093100000|  0%| F|  |TAMS 0x0000000093000000| PB 0x0000000093000000| Untracked 
| 305|0x0000000093100000, 0x0000000093100000, 0x0000000093200000|  0%| F|  |TAMS 0x0000000093100000| PB 0x0000000093100000| Untracked 
| 306|0x0000000093200000, 0x0000000093200000, 0x0000000093300000|  0%| F|  |TAMS 0x0000000093200000| PB 0x0000000093200000| Untracked 
| 307|0x0000000093300000, 0x0000000093300000, 0x0000000093400000|  0%| F|  |TAMS 0x0000000093300000| PB 0x0000000093300000| Untracked 
| 308|0x0000000093400000, 0x0000000093400000, 0x0000000093500000|  0%| F|  |TAMS 0x0000000093400000| PB 0x0000000093400000| Untracked 
| 309|0x0000000093500000, 0x0000000093500000, 0x0000000093600000|  0%| F|  |TAMS 0x0000000093500000| PB 0x0000000093500000| Untracked 
| 310|0x0000000093600000, 0x0000000093600000, 0x0000000093700000|  0%| F|  |TAMS 0x0000000093600000| PB 0x0000000093600000| Untracked 
| 311|0x0000000093700000, 0x0000000093700000, 0x0000000093800000|  0%| F|  |TAMS 0x0000000093700000| PB 0x0000000093700000| Untracked 
| 312|0x0000000093800000, 0x0000000093800000, 0x0000000093900000|  0%| F|  |TAMS 0x0000000093800000| PB 0x0000000093800000| Untracked 
| 313|0x0000000093900000, 0x0000000093900000, 0x0000000093a00000|  0%| F|  |TAMS 0x0000000093900000| PB 0x0000000093900000| Untracked 
| 314|0x0000000093a00000, 0x0000000093a00000, 0x0000000093b00000|  0%| F|  |TAMS 0x0000000093a00000| PB 0x0000000093a00000| Untracked 
| 315|0x0000000093b00000, 0x0000000093b00000, 0x0000000093c00000|  0%| F|  |TAMS 0x0000000093b00000| PB 0x0000000093b00000| Untracked 
| 316|0x0000000093c00000, 0x0000000093c00000, 0x0000000093d00000|  0%| F|  |TAMS 0x0000000093c00000| PB 0x0000000093c00000| Untracked 
| 317|0x0000000093d00000, 0x0000000093d00000, 0x0000000093e00000|  0%| F|  |TAMS 0x0000000093d00000| PB 0x0000000093d00000| Untracked 
| 318|0x0000000093e00000, 0x0000000093e00000, 0x0000000093f00000|  0%| F|  |TAMS 0x0000000093e00000| PB 0x0000000093e00000| Untracked 
| 319|0x0000000093f00000, 0x0000000093f00000, 0x0000000094000000|  0%| F|  |TAMS 0x0000000093f00000| PB 0x0000000093f00000| Untracked 
| 320|0x0000000094000000, 0x0000000094000000, 0x0000000094100000|  0%| F|  |TAMS 0x0000000094000000| PB 0x0000000094000000| Untracked 
| 321|0x0000000094100000, 0x0000000094100000, 0x0000000094200000|  0%| F|  |TAMS 0x0000000094100000| PB 0x0000000094100000| Untracked 
| 322|0x0000000094200000, 0x0000000094200000, 0x0000000094300000|  0%| F|  |TAMS 0x0000000094200000| PB 0x0000000094200000| Untracked 
| 323|0x0000000094300000, 0x0000000094300000, 0x0000000094400000|  0%| F|  |TAMS 0x0000000094300000| PB 0x0000000094300000| Untracked 
| 324|0x0000000094400000, 0x0000000094400000, 0x0000000094500000|  0%| F|  |TAMS 0x0000000094400000| PB 0x0000000094400000| Untracked 
| 325|0x0000000094500000, 0x0000000094500000, 0x0000000094600000|  0%| F|  |TAMS 0x0000000094500000| PB 0x0000000094500000| Untracked 
| 326|0x0000000094600000, 0x0000000094600000, 0x0000000094700000|  0%| F|  |TAMS 0x0000000094600000| PB 0x0000000094600000| Untracked 
| 327|0x0000000094700000, 0x0000000094700000, 0x0000000094800000|  0%| F|  |TAMS 0x0000000094700000| PB 0x0000000094700000| Untracked 
| 328|0x0000000094800000, 0x0000000094800000, 0x0000000094900000|  0%| F|  |TAMS 0x0000000094800000| PB 0x0000000094800000| Untracked 
| 329|0x0000000094900000, 0x0000000094900000, 0x0000000094a00000|  0%| F|  |TAMS 0x0000000094900000| PB 0x0000000094900000| Untracked 
| 330|0x0000000094a00000, 0x0000000094a00000, 0x0000000094b00000|  0%| F|  |TAMS 0x0000000094a00000| PB 0x0000000094a00000| Untracked 
| 331|0x0000000094b00000, 0x0000000094b00000, 0x0000000094c00000|  0%| F|  |TAMS 0x0000000094b00000| PB 0x0000000094b00000| Untracked 
| 332|0x0000000094c00000, 0x0000000094c00000, 0x0000000094d00000|  0%| F|  |TAMS 0x0000000094c00000| PB 0x0000000094c00000| Untracked 
| 333|0x0000000094d00000, 0x0000000094d00000, 0x0000000094e00000|  0%| F|  |TAMS 0x0000000094d00000| PB 0x0000000094d00000| Untracked 
| 334|0x0000000094e00000, 0x0000000094e00000, 0x0000000094f00000|  0%| F|  |TAMS 0x0000000094e00000| PB 0x0000000094e00000| Untracked 
| 335|0x0000000094f00000, 0x0000000094f00000, 0x0000000095000000|  0%| F|  |TAMS 0x0000000094f00000| PB 0x0000000094f00000| Untracked 
| 336|0x0000000095000000, 0x0000000095000000, 0x0000000095100000|  0%| F|  |TAMS 0x0000000095000000| PB 0x0000000095000000| Untracked 
| 337|0x0000000095100000, 0x0000000095100000, 0x0000000095200000|  0%| F|  |TAMS 0x0000000095100000| PB 0x0000000095100000| Untracked 
| 338|0x0000000095200000, 0x0000000095200000, 0x0000000095300000|  0%| F|  |TAMS 0x0000000095200000| PB 0x0000000095200000| Untracked 
| 339|0x0000000095300000, 0x0000000095300000, 0x0000000095400000|  0%| F|  |TAMS 0x0000000095300000| PB 0x0000000095300000| Untracked 
| 340|0x0000000095400000, 0x0000000095400000, 0x0000000095500000|  0%| F|  |TAMS 0x0000000095400000| PB 0x0000000095400000| Untracked 
| 341|0x0000000095500000, 0x0000000095500000, 0x0000000095600000|  0%| F|  |TAMS 0x0000000095500000| PB 0x0000000095500000| Untracked 
| 342|0x0000000095600000, 0x0000000095600000, 0x0000000095700000|  0%| F|  |TAMS 0x0000000095600000| PB 0x0000000095600000| Untracked 
| 343|0x0000000095700000, 0x0000000095700000, 0x0000000095800000|  0%| F|  |TAMS 0x0000000095700000| PB 0x0000000095700000| Untracked 
| 344|0x0000000095800000, 0x0000000095800000, 0x0000000095900000|  0%| F|  |TAMS 0x0000000095800000| PB 0x0000000095800000| Untracked 
| 345|0x0000000095900000, 0x0000000095900000, 0x0000000095a00000|  0%| F|  |TAMS 0x0000000095900000| PB 0x0000000095900000| Untracked 
| 346|0x0000000095a00000, 0x0000000095a00000, 0x0000000095b00000|  0%| F|  |TAMS 0x0000000095a00000| PB 0x0000000095a00000| Untracked 
| 347|0x0000000095b00000, 0x0000000095b00000, 0x0000000095c00000|  0%| F|  |TAMS 0x0000000095b00000| PB 0x0000000095b00000| Untracked 
| 348|0x0000000095c00000, 0x0000000095c00000, 0x0000000095d00000|  0%| F|  |TAMS 0x0000000095c00000| PB 0x0000000095c00000| Untracked 
| 349|0x0000000095d00000, 0x0000000095d00000, 0x0000000095e00000|  0%| F|  |TAMS 0x0000000095d00000| PB 0x0000000095d00000| Untracked 
| 350|0x0000000095e00000, 0x0000000095e00000, 0x0000000095f00000|  0%| F|  |TAMS 0x0000000095e00000| PB 0x0000000095e00000| Untracked 
| 351|0x0000000095f00000, 0x0000000095f00000, 0x0000000096000000|  0%| F|  |TAMS 0x0000000095f00000| PB 0x0000000095f00000| Untracked 
| 352|0x0000000096000000, 0x0000000096000000, 0x0000000096100000|  0%| F|  |TAMS 0x0000000096000000| PB 0x0000000096000000| Untracked 
| 353|0x0000000096100000, 0x0000000096100000, 0x0000000096200000|  0%| F|  |TAMS 0x0000000096100000| PB 0x0000000096100000| Untracked 
| 354|0x0000000096200000, 0x0000000096200000, 0x0000000096300000|  0%| F|  |TAMS 0x0000000096200000| PB 0x0000000096200000| Untracked 
| 355|0x0000000096300000, 0x0000000096300000, 0x0000000096400000|  0%| F|  |TAMS 0x0000000096300000| PB 0x0000000096300000| Untracked 
| 356|0x0000000096400000, 0x0000000096400000, 0x0000000096500000|  0%| F|  |TAMS 0x0000000096400000| PB 0x0000000096400000| Untracked 
| 357|0x0000000096500000, 0x0000000096500000, 0x0000000096600000|  0%| F|  |TAMS 0x0000000096500000| PB 0x0000000096500000| Untracked 
| 358|0x0000000096600000, 0x0000000096600000, 0x0000000096700000|  0%| F|  |TAMS 0x0000000096600000| PB 0x0000000096600000| Untracked 
| 359|0x0000000096700000, 0x0000000096700000, 0x0000000096800000|  0%| F|  |TAMS 0x0000000096700000| PB 0x0000000096700000| Untracked 
| 360|0x0000000096800000, 0x0000000096800000, 0x0000000096900000|  0%| F|  |TAMS 0x0000000096800000| PB 0x0000000096800000| Untracked 
| 361|0x0000000096900000, 0x0000000096900000, 0x0000000096a00000|  0%| F|  |TAMS 0x0000000096900000| PB 0x0000000096900000| Untracked 
| 362|0x0000000096a00000, 0x0000000096a00000, 0x0000000096b00000|  0%| F|  |TAMS 0x0000000096a00000| PB 0x0000000096a00000| Untracked 
| 363|0x0000000096b00000, 0x0000000096b00000, 0x0000000096c00000|  0%| F|  |TAMS 0x0000000096b00000| PB 0x0000000096b00000| Untracked 
| 364|0x0000000096c00000, 0x0000000096c00000, 0x0000000096d00000|  0%| F|  |TAMS 0x0000000096c00000| PB 0x0000000096c00000| Untracked 
| 365|0x0000000096d00000, 0x0000000096d00000, 0x0000000096e00000|  0%| F|  |TAMS 0x0000000096d00000| PB 0x0000000096d00000| Untracked 
| 366|0x0000000096e00000, 0x0000000096e00000, 0x0000000096f00000|  0%| F|  |TAMS 0x0000000096e00000| PB 0x0000000096e00000| Untracked 
| 367|0x0000000096f00000, 0x0000000096f00000, 0x0000000097000000|  0%| F|  |TAMS 0x0000000096f00000| PB 0x0000000096f00000| Untracked 
| 368|0x0000000097000000, 0x0000000097000000, 0x0000000097100000|  0%| F|  |TAMS 0x0000000097000000| PB 0x0000000097000000| Untracked 
| 369|0x0000000097100000, 0x0000000097100000, 0x0000000097200000|  0%| F|  |TAMS 0x0000000097100000| PB 0x0000000097100000| Untracked 
| 370|0x0000000097200000, 0x0000000097200000, 0x0000000097300000|  0%| F|  |TAMS 0x0000000097200000| PB 0x0000000097200000| Untracked 
| 371|0x0000000097300000, 0x0000000097300000, 0x0000000097400000|  0%| F|  |TAMS 0x0000000097300000| PB 0x0000000097300000| Untracked 
| 372|0x0000000097400000, 0x0000000097400000, 0x0000000097500000|  0%| F|  |TAMS 0x0000000097400000| PB 0x0000000097400000| Untracked 
| 373|0x0000000097500000, 0x0000000097500000, 0x0000000097600000|  0%| F|  |TAMS 0x0000000097500000| PB 0x0000000097500000| Untracked 
| 374|0x0000000097600000, 0x0000000097600000, 0x0000000097700000|  0%| F|  |TAMS 0x0000000097600000| PB 0x0000000097600000| Untracked 
| 375|0x0000000097700000, 0x0000000097700000, 0x0000000097800000|  0%| F|  |TAMS 0x0000000097700000| PB 0x0000000097700000| Untracked 
| 376|0x0000000097800000, 0x0000000097800000, 0x0000000097900000|  0%| F|  |TAMS 0x0000000097800000| PB 0x0000000097800000| Untracked 
| 377|0x0000000097900000, 0x0000000097900000, 0x0000000097a00000|  0%| F|  |TAMS 0x0000000097900000| PB 0x0000000097900000| Untracked 
| 378|0x0000000097a00000, 0x0000000097a00000, 0x0000000097b00000|  0%| F|  |TAMS 0x0000000097a00000| PB 0x0000000097a00000| Untracked 
| 379|0x0000000097b00000, 0x0000000097b00000, 0x0000000097c00000|  0%| F|  |TAMS 0x0000000097b00000| PB 0x0000000097b00000| Untracked 
| 380|0x0000000097c00000, 0x0000000097c00000, 0x0000000097d00000|  0%| F|  |TAMS 0x0000000097c00000| PB 0x0000000097c00000| Untracked 
| 381|0x0000000097d00000, 0x0000000097d00000, 0x0000000097e00000|  0%| F|  |TAMS 0x0000000097d00000| PB 0x0000000097d00000| Untracked 
| 382|0x0000000097e00000, 0x0000000097e00000, 0x0000000097f00000|  0%| F|  |TAMS 0x0000000097e00000| PB 0x0000000097e00000| Untracked 
| 383|0x0000000097f00000, 0x0000000097f00000, 0x0000000098000000|  0%| F|  |TAMS 0x0000000097f00000| PB 0x0000000097f00000| Untracked 
| 384|0x0000000098000000, 0x0000000098000000, 0x0000000098100000|  0%| F|  |TAMS 0x0000000098000000| PB 0x0000000098000000| Untracked 
| 385|0x0000000098100000, 0x0000000098100000, 0x0000000098200000|  0%| F|  |TAMS 0x0000000098100000| PB 0x0000000098100000| Untracked 
| 386|0x0000000098200000, 0x0000000098200000, 0x0000000098300000|  0%| F|  |TAMS 0x0000000098200000| PB 0x0000000098200000| Untracked 
| 387|0x0000000098300000, 0x0000000098300000, 0x0000000098400000|  0%| F|  |TAMS 0x0000000098300000| PB 0x0000000098300000| Untracked 
| 388|0x0000000098400000, 0x0000000098400000, 0x0000000098500000|  0%| F|  |TAMS 0x0000000098400000| PB 0x0000000098400000| Untracked 
| 389|0x0000000098500000, 0x0000000098500000, 0x0000000098600000|  0%| F|  |TAMS 0x0000000098500000| PB 0x0000000098500000| Untracked 
| 390|0x0000000098600000, 0x0000000098600000, 0x0000000098700000|  0%| F|  |TAMS 0x0000000098600000| PB 0x0000000098600000| Untracked 
| 391|0x0000000098700000, 0x0000000098700000, 0x0000000098800000|  0%| F|  |TAMS 0x0000000098700000| PB 0x0000000098700000| Untracked 
| 392|0x0000000098800000, 0x0000000098800000, 0x0000000098900000|  0%| F|  |TAMS 0x0000000098800000| PB 0x0000000098800000| Untracked 
| 393|0x0000000098900000, 0x0000000098900000, 0x0000000098a00000|  0%| F|  |TAMS 0x0000000098900000| PB 0x0000000098900000| Untracked 
| 394|0x0000000098a00000, 0x0000000098a00000, 0x0000000098b00000|  0%| F|  |TAMS 0x0000000098a00000| PB 0x0000000098a00000| Untracked 
| 395|0x0000000098b00000, 0x0000000098b00000, 0x0000000098c00000|  0%| F|  |TAMS 0x0000000098b00000| PB 0x0000000098b00000| Untracked 
| 396|0x0000000098c00000, 0x0000000098c00000, 0x0000000098d00000|  0%| F|  |TAMS 0x0000000098c00000| PB 0x0000000098c00000| Untracked 
| 397|0x0000000098d00000, 0x0000000098d00000, 0x0000000098e00000|  0%| F|  |TAMS 0x0000000098d00000| PB 0x0000000098d00000| Untracked 
| 398|0x0000000098e00000, 0x0000000098e00000, 0x0000000098f00000|  0%| F|  |TAMS 0x0000000098e00000| PB 0x0000000098e00000| Untracked 
| 399|0x0000000098f00000, 0x0000000098f00000, 0x0000000099000000|  0%| F|  |TAMS 0x0000000098f00000| PB 0x0000000098f00000| Untracked 
| 400|0x0000000099000000, 0x0000000099000000, 0x0000000099100000|  0%| F|  |TAMS 0x0000000099000000| PB 0x0000000099000000| Untracked 
| 401|0x0000000099100000, 0x0000000099100000, 0x0000000099200000|  0%| F|  |TAMS 0x0000000099100000| PB 0x0000000099100000| Untracked 
| 402|0x0000000099200000, 0x0000000099200000, 0x0000000099300000|  0%| F|  |TAMS 0x0000000099200000| PB 0x0000000099200000| Untracked 
| 403|0x0000000099300000, 0x0000000099300000, 0x0000000099400000|  0%| F|  |TAMS 0x0000000099300000| PB 0x0000000099300000| Untracked 
| 404|0x0000000099400000, 0x0000000099400000, 0x0000000099500000|  0%| F|  |TAMS 0x0000000099400000| PB 0x0000000099400000| Untracked 
| 405|0x0000000099500000, 0x0000000099500000, 0x0000000099600000|  0%| F|  |TAMS 0x0000000099500000| PB 0x0000000099500000| Untracked 
| 406|0x0000000099600000, 0x0000000099600000, 0x0000000099700000|  0%| F|  |TAMS 0x0000000099600000| PB 0x0000000099600000| Untracked 
| 407|0x0000000099700000, 0x0000000099700000, 0x0000000099800000|  0%| F|  |TAMS 0x0000000099700000| PB 0x0000000099700000| Untracked 
| 408|0x0000000099800000, 0x0000000099800000, 0x0000000099900000|  0%| F|  |TAMS 0x0000000099800000| PB 0x0000000099800000| Untracked 
| 409|0x0000000099900000, 0x0000000099900000, 0x0000000099a00000|  0%| F|  |TAMS 0x0000000099900000| PB 0x0000000099900000| Untracked 
| 410|0x0000000099a00000, 0x0000000099a00000, 0x0000000099b00000|  0%| F|  |TAMS 0x0000000099a00000| PB 0x0000000099a00000| Untracked 
| 411|0x0000000099b00000, 0x0000000099b00000, 0x0000000099c00000|  0%| F|  |TAMS 0x0000000099b00000| PB 0x0000000099b00000| Untracked 
| 412|0x0000000099c00000, 0x0000000099c00000, 0x0000000099d00000|  0%| F|  |TAMS 0x0000000099c00000| PB 0x0000000099c00000| Untracked 
| 413|0x0000000099d00000, 0x0000000099d00000, 0x0000000099e00000|  0%| F|  |TAMS 0x0000000099d00000| PB 0x0000000099d00000| Untracked 
| 414|0x0000000099e00000, 0x0000000099e00000, 0x0000000099f00000|  0%| F|  |TAMS 0x0000000099e00000| PB 0x0000000099e00000| Untracked 
| 415|0x0000000099f00000, 0x0000000099f00000, 0x000000009a000000|  0%| F|  |TAMS 0x0000000099f00000| PB 0x0000000099f00000| Untracked 
| 416|0x000000009a000000, 0x000000009a000000, 0x000000009a100000|  0%| F|  |TAMS 0x000000009a000000| PB 0x000000009a000000| Untracked 
| 417|0x000000009a100000, 0x000000009a100000, 0x000000009a200000|  0%| F|  |TAMS 0x000000009a100000| PB 0x000000009a100000| Untracked 
| 418|0x000000009a200000, 0x000000009a200000, 0x000000009a300000|  0%| F|  |TAMS 0x000000009a200000| PB 0x000000009a200000| Untracked 
| 419|0x000000009a300000, 0x000000009a300000, 0x000000009a400000|  0%| F|  |TAMS 0x000000009a300000| PB 0x000000009a300000| Untracked 
| 420|0x000000009a400000, 0x000000009a400000, 0x000000009a500000|  0%| F|  |TAMS 0x000000009a400000| PB 0x000000009a400000| Untracked 
| 421|0x000000009a500000, 0x000000009a500000, 0x000000009a600000|  0%| F|  |TAMS 0x000000009a500000| PB 0x000000009a500000| Untracked 
| 422|0x000000009a600000, 0x000000009a600000, 0x000000009a700000|  0%| F|  |TAMS 0x000000009a600000| PB 0x000000009a600000| Untracked 
| 423|0x000000009a700000, 0x000000009a700000, 0x000000009a800000|  0%| F|  |TAMS 0x000000009a700000| PB 0x000000009a700000| Untracked 
| 424|0x000000009a800000, 0x000000009a800000, 0x000000009a900000|  0%| F|  |TAMS 0x000000009a800000| PB 0x000000009a800000| Untracked 
| 425|0x000000009a900000, 0x000000009a900000, 0x000000009aa00000|  0%| F|  |TAMS 0x000000009a900000| PB 0x000000009a900000| Untracked 
| 426|0x000000009aa00000, 0x000000009aa00000, 0x000000009ab00000|  0%| F|  |TAMS 0x000000009aa00000| PB 0x000000009aa00000| Untracked 
| 427|0x000000009ab00000, 0x000000009ab00000, 0x000000009ac00000|  0%| F|  |TAMS 0x000000009ab00000| PB 0x000000009ab00000| Untracked 
| 428|0x000000009ac00000, 0x000000009ac00000, 0x000000009ad00000|  0%| F|  |TAMS 0x000000009ac00000| PB 0x000000009ac00000| Untracked 
| 429|0x000000009ad00000, 0x000000009ad00000, 0x000000009ae00000|  0%| F|  |TAMS 0x000000009ad00000| PB 0x000000009ad00000| Untracked 
| 430|0x000000009ae00000, 0x000000009ae00000, 0x000000009af00000|  0%| F|  |TAMS 0x000000009ae00000| PB 0x000000009ae00000| Untracked 
| 431|0x000000009af00000, 0x000000009af00000, 0x000000009b000000|  0%| F|  |TAMS 0x000000009af00000| PB 0x000000009af00000| Untracked 
| 432|0x000000009b000000, 0x000000009b000000, 0x000000009b100000|  0%| F|  |TAMS 0x000000009b000000| PB 0x000000009b000000| Untracked 
| 433|0x000000009b100000, 0x000000009b100000, 0x000000009b200000|  0%| F|  |TAMS 0x000000009b100000| PB 0x000000009b100000| Untracked 
| 434|0x000000009b200000, 0x000000009b200000, 0x000000009b300000|  0%| F|  |TAMS 0x000000009b200000| PB 0x000000009b200000| Untracked 
| 435|0x000000009b300000, 0x000000009b300000, 0x000000009b400000|  0%| F|  |TAMS 0x000000009b300000| PB 0x000000009b300000| Untracked 
| 436|0x000000009b400000, 0x000000009b400000, 0x000000009b500000|  0%| F|  |TAMS 0x000000009b400000| PB 0x000000009b400000| Untracked 
| 437|0x000000009b500000, 0x000000009b500000, 0x000000009b600000|  0%| F|  |TAMS 0x000000009b500000| PB 0x000000009b500000| Untracked 
| 438|0x000000009b600000, 0x000000009b600000, 0x000000009b700000|  0%| F|  |TAMS 0x000000009b600000| PB 0x000000009b600000| Untracked 
| 439|0x000000009b700000, 0x000000009b700000, 0x000000009b800000|  0%| F|  |TAMS 0x000000009b700000| PB 0x000000009b700000| Untracked 
| 440|0x000000009b800000, 0x000000009b800000, 0x000000009b900000|  0%| F|  |TAMS 0x000000009b800000| PB 0x000000009b800000| Untracked 
| 441|0x000000009b900000, 0x000000009b900000, 0x000000009ba00000|  0%| F|  |TAMS 0x000000009b900000| PB 0x000000009b900000| Untracked 
| 442|0x000000009ba00000, 0x000000009ba00000, 0x000000009bb00000|  0%| F|  |TAMS 0x000000009ba00000| PB 0x000000009ba00000| Untracked 
| 443|0x000000009bb00000, 0x000000009bb00000, 0x000000009bc00000|  0%| F|  |TAMS 0x000000009bb00000| PB 0x000000009bb00000| Untracked 
| 444|0x000000009bc00000, 0x000000009bc00000, 0x000000009bd00000|  0%| F|  |TAMS 0x000000009bc00000| PB 0x000000009bc00000| Untracked 
| 445|0x000000009bd00000, 0x000000009bd00000, 0x000000009be00000|  0%| F|  |TAMS 0x000000009bd00000| PB 0x000000009bd00000| Untracked 
| 446|0x000000009be00000, 0x000000009be00000, 0x000000009bf00000|  0%| F|  |TAMS 0x000000009be00000| PB 0x000000009be00000| Untracked 
| 447|0x000000009bf00000, 0x000000009bf00000, 0x000000009c000000|  0%| F|  |TAMS 0x000000009bf00000| PB 0x000000009bf00000| Untracked 
| 448|0x000000009c000000, 0x000000009c000000, 0x000000009c100000|  0%| F|  |TAMS 0x000000009c000000| PB 0x000000009c000000| Untracked 
| 449|0x000000009c100000, 0x000000009c100000, 0x000000009c200000|  0%| F|  |TAMS 0x000000009c100000| PB 0x000000009c100000| Untracked 
| 450|0x000000009c200000, 0x000000009c200000, 0x000000009c300000|  0%| F|  |TAMS 0x000000009c200000| PB 0x000000009c200000| Untracked 
| 451|0x000000009c300000, 0x000000009c300000, 0x000000009c400000|  0%| F|  |TAMS 0x000000009c300000| PB 0x000000009c300000| Untracked 
| 452|0x000000009c400000, 0x000000009c400000, 0x000000009c500000|  0%| F|  |TAMS 0x000000009c400000| PB 0x000000009c400000| Untracked 
| 453|0x000000009c500000, 0x000000009c500000, 0x000000009c600000|  0%| F|  |TAMS 0x000000009c500000| PB 0x000000009c500000| Untracked 
| 454|0x000000009c600000, 0x000000009c600000, 0x000000009c700000|  0%| F|  |TAMS 0x000000009c600000| PB 0x000000009c600000| Untracked 
| 455|0x000000009c700000, 0x000000009c700000, 0x000000009c800000|  0%| F|  |TAMS 0x000000009c700000| PB 0x000000009c700000| Untracked 
| 456|0x000000009c800000, 0x000000009c800000, 0x000000009c900000|  0%| F|  |TAMS 0x000000009c800000| PB 0x000000009c800000| Untracked 
| 457|0x000000009c900000, 0x000000009c900000, 0x000000009ca00000|  0%| F|  |TAMS 0x000000009c900000| PB 0x000000009c900000| Untracked 
| 458|0x000000009ca00000, 0x000000009ca00000, 0x000000009cb00000|  0%| F|  |TAMS 0x000000009ca00000| PB 0x000000009ca00000| Untracked 
| 459|0x000000009cb00000, 0x000000009cb00000, 0x000000009cc00000|  0%| F|  |TAMS 0x000000009cb00000| PB 0x000000009cb00000| Untracked 
| 460|0x000000009cc00000, 0x000000009cc00000, 0x000000009cd00000|  0%| F|  |TAMS 0x000000009cc00000| PB 0x000000009cc00000| Untracked 
| 461|0x000000009cd00000, 0x000000009cd00000, 0x000000009ce00000|  0%| F|  |TAMS 0x000000009cd00000| PB 0x000000009cd00000| Untracked 
| 462|0x000000009ce00000, 0x000000009ce00000, 0x000000009cf00000|  0%| F|  |TAMS 0x000000009ce00000| PB 0x000000009ce00000| Untracked 
| 463|0x000000009cf00000, 0x000000009cf00000, 0x000000009d000000|  0%| F|  |TAMS 0x000000009cf00000| PB 0x000000009cf00000| Untracked 
| 464|0x000000009d000000, 0x000000009d000000, 0x000000009d100000|  0%| F|  |TAMS 0x000000009d000000| PB 0x000000009d000000| Untracked 
| 465|0x000000009d100000, 0x000000009d100000, 0x000000009d200000|  0%| F|  |TAMS 0x000000009d100000| PB 0x000000009d100000| Untracked 
| 466|0x000000009d200000, 0x000000009d200000, 0x000000009d300000|  0%| F|  |TAMS 0x000000009d200000| PB 0x000000009d200000| Untracked 
| 467|0x000000009d300000, 0x000000009d300000, 0x000000009d400000|  0%| F|  |TAMS 0x000000009d300000| PB 0x000000009d300000| Untracked 
| 468|0x000000009d400000, 0x000000009d400000, 0x000000009d500000|  0%| F|  |TAMS 0x000000009d400000| PB 0x000000009d400000| Untracked 
| 469|0x000000009d500000, 0x000000009d500000, 0x000000009d600000|  0%| F|  |TAMS 0x000000009d500000| PB 0x000000009d500000| Untracked 
| 470|0x000000009d600000, 0x000000009d600000, 0x000000009d700000|  0%| F|  |TAMS 0x000000009d600000| PB 0x000000009d600000| Untracked 
| 471|0x000000009d700000, 0x000000009d700000, 0x000000009d800000|  0%| F|  |TAMS 0x000000009d700000| PB 0x000000009d700000| Untracked 
| 472|0x000000009d800000, 0x000000009d800000, 0x000000009d900000|  0%| F|  |TAMS 0x000000009d800000| PB 0x000000009d800000| Untracked 
| 473|0x000000009d900000, 0x000000009d900000, 0x000000009da00000|  0%| F|  |TAMS 0x000000009d900000| PB 0x000000009d900000| Untracked 
| 474|0x000000009da00000, 0x000000009da00000, 0x000000009db00000|  0%| F|  |TAMS 0x000000009da00000| PB 0x000000009da00000| Untracked 
| 475|0x000000009db00000, 0x000000009db00000, 0x000000009dc00000|  0%| F|  |TAMS 0x000000009db00000| PB 0x000000009db00000| Untracked 
| 476|0x000000009dc00000, 0x000000009dc00000, 0x000000009dd00000|  0%| F|  |TAMS 0x000000009dc00000| PB 0x000000009dc00000| Untracked 
| 477|0x000000009dd00000, 0x000000009dd00000, 0x000000009de00000|  0%| F|  |TAMS 0x000000009dd00000| PB 0x000000009dd00000| Untracked 
| 478|0x000000009de00000, 0x000000009de00000, 0x000000009df00000|  0%| F|  |TAMS 0x000000009de00000| PB 0x000000009de00000| Untracked 
| 479|0x000000009df00000, 0x000000009df00000, 0x000000009e000000|  0%| F|  |TAMS 0x000000009df00000| PB 0x000000009df00000| Untracked 
| 480|0x000000009e000000, 0x000000009e000000, 0x000000009e100000|  0%| F|  |TAMS 0x000000009e000000| PB 0x000000009e000000| Untracked 
| 481|0x000000009e100000, 0x000000009e100000, 0x000000009e200000|  0%| F|  |TAMS 0x000000009e100000| PB 0x000000009e100000| Untracked 
| 482|0x000000009e200000, 0x000000009e200000, 0x000000009e300000|  0%| F|  |TAMS 0x000000009e200000| PB 0x000000009e200000| Untracked 
| 483|0x000000009e300000, 0x000000009e300000, 0x000000009e400000|  0%| F|  |TAMS 0x000000009e300000| PB 0x000000009e300000| Untracked 
| 484|0x000000009e400000, 0x000000009e400000, 0x000000009e500000|  0%| F|  |TAMS 0x000000009e400000| PB 0x000000009e400000| Untracked 
| 485|0x000000009e500000, 0x000000009e500000, 0x000000009e600000|  0%| F|  |TAMS 0x000000009e500000| PB 0x000000009e500000| Untracked 
| 486|0x000000009e600000, 0x000000009e600000, 0x000000009e700000|  0%| F|  |TAMS 0x000000009e600000| PB 0x000000009e600000| Untracked 
| 487|0x000000009e700000, 0x000000009e700000, 0x000000009e800000|  0%| F|  |TAMS 0x000000009e700000| PB 0x000000009e700000| Untracked 
| 488|0x000000009e800000, 0x000000009e800000, 0x000000009e900000|  0%| F|  |TAMS 0x000000009e800000| PB 0x000000009e800000| Untracked 
| 489|0x000000009e900000, 0x000000009e900000, 0x000000009ea00000|  0%| F|  |TAMS 0x000000009e900000| PB 0x000000009e900000| Untracked 
| 490|0x000000009ea00000, 0x000000009ea00000, 0x000000009eb00000|  0%| F|  |TAMS 0x000000009ea00000| PB 0x000000009ea00000| Untracked 
| 491|0x000000009eb00000, 0x000000009eb00000, 0x000000009ec00000|  0%| F|  |TAMS 0x000000009eb00000| PB 0x000000009eb00000| Untracked 
| 492|0x000000009ec00000, 0x000000009ec00000, 0x000000009ed00000|  0%| F|  |TAMS 0x000000009ec00000| PB 0x000000009ec00000| Untracked 
| 493|0x000000009ed00000, 0x000000009ed00000, 0x000000009ee00000|  0%| F|  |TAMS 0x000000009ed00000| PB 0x000000009ed00000| Untracked 
| 494|0x000000009ee00000, 0x000000009ee00000, 0x000000009ef00000|  0%| F|  |TAMS 0x000000009ee00000| PB 0x000000009ee00000| Untracked 
| 495|0x000000009ef00000, 0x000000009ef00000, 0x000000009f000000|  0%| F|  |TAMS 0x000000009ef00000| PB 0x000000009ef00000| Untracked 
| 496|0x000000009f000000, 0x000000009f000000, 0x000000009f100000|  0%| F|  |TAMS 0x000000009f000000| PB 0x000000009f000000| Untracked 
| 497|0x000000009f100000, 0x000000009f100000, 0x000000009f200000|  0%| F|  |TAMS 0x000000009f100000| PB 0x000000009f100000| Untracked 
| 498|0x000000009f200000, 0x000000009f200000, 0x000000009f300000|  0%| F|  |TAMS 0x000000009f200000| PB 0x000000009f200000| Untracked 
| 499|0x000000009f300000, 0x000000009f300000, 0x000000009f400000|  0%| F|  |TAMS 0x000000009f300000| PB 0x000000009f300000| Untracked 
| 500|0x000000009f400000, 0x000000009f400000, 0x000000009f500000|  0%| F|  |TAMS 0x000000009f400000| PB 0x000000009f400000| Untracked 
| 501|0x000000009f500000, 0x000000009f500000, 0x000000009f600000|  0%| F|  |TAMS 0x000000009f500000| PB 0x000000009f500000| Untracked 
| 502|0x000000009f600000, 0x000000009f600000, 0x000000009f700000|  0%| F|  |TAMS 0x000000009f600000| PB 0x000000009f600000| Untracked 
| 503|0x000000009f700000, 0x000000009f700000, 0x000000009f800000|  0%| F|  |TAMS 0x000000009f700000| PB 0x000000009f700000| Untracked 
| 504|0x000000009f800000, 0x000000009f800000, 0x000000009f900000|  0%| F|  |TAMS 0x000000009f800000| PB 0x000000009f800000| Untracked 
| 505|0x000000009f900000, 0x000000009f900000, 0x000000009fa00000|  0%| F|  |TAMS 0x000000009f900000| PB 0x000000009f900000| Untracked 
| 506|0x000000009fa00000, 0x000000009fa00000, 0x000000009fb00000|  0%| F|  |TAMS 0x000000009fa00000| PB 0x000000009fa00000| Untracked 
| 507|0x000000009fb00000, 0x000000009fb00000, 0x000000009fc00000|  0%| F|  |TAMS 0x000000009fb00000| PB 0x000000009fb00000| Untracked 
| 508|0x000000009fc00000, 0x000000009fc00000, 0x000000009fd00000|  0%| F|  |TAMS 0x000000009fc00000| PB 0x000000009fc00000| Untracked 
| 509|0x000000009fd00000, 0x000000009fd00000, 0x000000009fe00000|  0%| F|  |TAMS 0x000000009fd00000| PB 0x000000009fd00000| Untracked 
| 510|0x000000009fe00000, 0x000000009fe00000, 0x000000009ff00000|  0%| F|  |TAMS 0x000000009fe00000| PB 0x000000009fe00000| Untracked 
| 511|0x000000009ff00000, 0x000000009ff00000, 0x00000000a0000000|  0%| F|  |TAMS 0x000000009ff00000| PB 0x000000009ff00000| Untracked 
| 512|0x00000000a0000000, 0x00000000a0000000, 0x00000000a0100000|  0%| F|  |TAMS 0x00000000a0000000| PB 0x00000000a0000000| Untracked 
| 513|0x00000000a0100000, 0x00000000a0100000, 0x00000000a0200000|  0%| F|  |TAMS 0x00000000a0100000| PB 0x00000000a0100000| Untracked 
| 514|0x00000000a0200000, 0x00000000a0200000, 0x00000000a0300000|  0%| F|  |TAMS 0x00000000a0200000| PB 0x00000000a0200000| Untracked 
| 515|0x00000000a0300000, 0x00000000a0300000, 0x00000000a0400000|  0%| F|  |TAMS 0x00000000a0300000| PB 0x00000000a0300000| Untracked 
| 516|0x00000000a0400000, 0x00000000a0400000, 0x00000000a0500000|  0%| F|  |TAMS 0x00000000a0400000| PB 0x00000000a0400000| Untracked 
| 517|0x00000000a0500000, 0x00000000a0500000, 0x00000000a0600000|  0%| F|  |TAMS 0x00000000a0500000| PB 0x00000000a0500000| Untracked 
| 518|0x00000000a0600000, 0x00000000a0600000, 0x00000000a0700000|  0%| F|  |TAMS 0x00000000a0600000| PB 0x00000000a0600000| Untracked 
| 519|0x00000000a0700000, 0x00000000a0700000, 0x00000000a0800000|  0%| F|  |TAMS 0x00000000a0700000| PB 0x00000000a0700000| Untracked 
| 520|0x00000000a0800000, 0x00000000a0800000, 0x00000000a0900000|  0%| F|  |TAMS 0x00000000a0800000| PB 0x00000000a0800000| Untracked 
| 521|0x00000000a0900000, 0x00000000a0900000, 0x00000000a0a00000|  0%| F|  |TAMS 0x00000000a0900000| PB 0x00000000a0900000| Untracked 
| 522|0x00000000a0a00000, 0x00000000a0a00000, 0x00000000a0b00000|  0%| F|  |TAMS 0x00000000a0a00000| PB 0x00000000a0a00000| Untracked 
| 523|0x00000000a0b00000, 0x00000000a0b00000, 0x00000000a0c00000|  0%| F|  |TAMS 0x00000000a0b00000| PB 0x00000000a0b00000| Untracked 
| 524|0x00000000a0c00000, 0x00000000a0c00000, 0x00000000a0d00000|  0%| F|  |TAMS 0x00000000a0c00000| PB 0x00000000a0c00000| Untracked 
| 525|0x00000000a0d00000, 0x00000000a0d00000, 0x00000000a0e00000|  0%| F|  |TAMS 0x00000000a0d00000| PB 0x00000000a0d00000| Untracked 
| 526|0x00000000a0e00000, 0x00000000a0e00000, 0x00000000a0f00000|  0%| F|  |TAMS 0x00000000a0e00000| PB 0x00000000a0e00000| Untracked 
| 527|0x00000000a0f00000, 0x00000000a0f00000, 0x00000000a1000000|  0%| F|  |TAMS 0x00000000a0f00000| PB 0x00000000a0f00000| Untracked 
| 528|0x00000000a1000000, 0x00000000a1000000, 0x00000000a1100000|  0%| F|  |TAMS 0x00000000a1000000| PB 0x00000000a1000000| Untracked 
| 529|0x00000000a1100000, 0x00000000a1100000, 0x00000000a1200000|  0%| F|  |TAMS 0x00000000a1100000| PB 0x00000000a1100000| Untracked 
| 530|0x00000000a1200000, 0x00000000a1200000, 0x00000000a1300000|  0%| F|  |TAMS 0x00000000a1200000| PB 0x00000000a1200000| Untracked 
| 531|0x00000000a1300000, 0x00000000a1300000, 0x00000000a1400000|  0%| F|  |TAMS 0x00000000a1300000| PB 0x00000000a1300000| Untracked 
| 532|0x00000000a1400000, 0x00000000a1400000, 0x00000000a1500000|  0%| F|  |TAMS 0x00000000a1400000| PB 0x00000000a1400000| Untracked 
| 533|0x00000000a1500000, 0x00000000a1500000, 0x00000000a1600000|  0%| F|  |TAMS 0x00000000a1500000| PB 0x00000000a1500000| Untracked 
| 534|0x00000000a1600000, 0x00000000a1600000, 0x00000000a1700000|  0%| F|  |TAMS 0x00000000a1600000| PB 0x00000000a1600000| Untracked 
| 535|0x00000000a1700000, 0x00000000a1700000, 0x00000000a1800000|  0%| F|  |TAMS 0x00000000a1700000| PB 0x00000000a1700000| Untracked 
| 536|0x00000000a1800000, 0x00000000a1800000, 0x00000000a1900000|  0%| F|  |TAMS 0x00000000a1800000| PB 0x00000000a1800000| Untracked 
| 537|0x00000000a1900000, 0x00000000a1900000, 0x00000000a1a00000|  0%| F|  |TAMS 0x00000000a1900000| PB 0x00000000a1900000| Untracked 
| 538|0x00000000a1a00000, 0x00000000a1a00000, 0x00000000a1b00000|  0%| F|  |TAMS 0x00000000a1a00000| PB 0x00000000a1a00000| Untracked 
| 539|0x00000000a1b00000, 0x00000000a1b00000, 0x00000000a1c00000|  0%| F|  |TAMS 0x00000000a1b00000| PB 0x00000000a1b00000| Untracked 
| 540|0x00000000a1c00000, 0x00000000a1c00000, 0x00000000a1d00000|  0%| F|  |TAMS 0x00000000a1c00000| PB 0x00000000a1c00000| Untracked 
| 541|0x00000000a1d00000, 0x00000000a1d00000, 0x00000000a1e00000|  0%| F|  |TAMS 0x00000000a1d00000| PB 0x00000000a1d00000| Untracked 
| 542|0x00000000a1e00000, 0x00000000a1e00000, 0x00000000a1f00000|  0%| F|  |TAMS 0x00000000a1e00000| PB 0x00000000a1e00000| Untracked 
| 543|0x00000000a1f00000, 0x00000000a1f00000, 0x00000000a2000000|  0%| F|  |TAMS 0x00000000a1f00000| PB 0x00000000a1f00000| Untracked 
| 544|0x00000000a2000000, 0x00000000a2000000, 0x00000000a2100000|  0%| F|  |TAMS 0x00000000a2000000| PB 0x00000000a2000000| Untracked 
| 545|0x00000000a2100000, 0x00000000a2100000, 0x00000000a2200000|  0%| F|  |TAMS 0x00000000a2100000| PB 0x00000000a2100000| Untracked 
| 546|0x00000000a2200000, 0x00000000a2200000, 0x00000000a2300000|  0%| F|  |TAMS 0x00000000a2200000| PB 0x00000000a2200000| Untracked 
| 547|0x00000000a2300000, 0x00000000a2300000, 0x00000000a2400000|  0%| F|  |TAMS 0x00000000a2300000| PB 0x00000000a2300000| Untracked 
| 548|0x00000000a2400000, 0x00000000a2400000, 0x00000000a2500000|  0%| F|  |TAMS 0x00000000a2400000| PB 0x00000000a2400000| Untracked 
| 549|0x00000000a2500000, 0x00000000a2500000, 0x00000000a2600000|  0%| F|  |TAMS 0x00000000a2500000| PB 0x00000000a2500000| Untracked 
| 550|0x00000000a2600000, 0x00000000a2600000, 0x00000000a2700000|  0%| F|  |TAMS 0x00000000a2600000| PB 0x00000000a2600000| Untracked 
| 551|0x00000000a2700000, 0x00000000a2700000, 0x00000000a2800000|  0%| F|  |TAMS 0x00000000a2700000| PB 0x00000000a2700000| Untracked 
| 552|0x00000000a2800000, 0x00000000a2800000, 0x00000000a2900000|  0%| F|  |TAMS 0x00000000a2800000| PB 0x00000000a2800000| Untracked 
| 553|0x00000000a2900000, 0x00000000a2900000, 0x00000000a2a00000|  0%| F|  |TAMS 0x00000000a2900000| PB 0x00000000a2900000| Untracked 
| 554|0x00000000a2a00000, 0x00000000a2a00000, 0x00000000a2b00000|  0%| F|  |TAMS 0x00000000a2a00000| PB 0x00000000a2a00000| Untracked 
| 555|0x00000000a2b00000, 0x00000000a2b00000, 0x00000000a2c00000|  0%| F|  |TAMS 0x00000000a2b00000| PB 0x00000000a2b00000| Untracked 
| 556|0x00000000a2c00000, 0x00000000a2c00000, 0x00000000a2d00000|  0%| F|  |TAMS 0x00000000a2c00000| PB 0x00000000a2c00000| Untracked 
| 557|0x00000000a2d00000, 0x00000000a2d00000, 0x00000000a2e00000|  0%| F|  |TAMS 0x00000000a2d00000| PB 0x00000000a2d00000| Untracked 
| 558|0x00000000a2e00000, 0x00000000a2e00000, 0x00000000a2f00000|  0%| F|  |TAMS 0x00000000a2e00000| PB 0x00000000a2e00000| Untracked 
| 559|0x00000000a2f00000, 0x00000000a2f00000, 0x00000000a3000000|  0%| F|  |TAMS 0x00000000a2f00000| PB 0x00000000a2f00000| Untracked 
| 560|0x00000000a3000000, 0x00000000a3000000, 0x00000000a3100000|  0%| F|  |TAMS 0x00000000a3000000| PB 0x00000000a3000000| Untracked 
| 561|0x00000000a3100000, 0x00000000a3100000, 0x00000000a3200000|  0%| F|  |TAMS 0x00000000a3100000| PB 0x00000000a3100000| Untracked 
| 562|0x00000000a3200000, 0x00000000a3200000, 0x00000000a3300000|  0%| F|  |TAMS 0x00000000a3200000| PB 0x00000000a3200000| Untracked 
| 563|0x00000000a3300000, 0x00000000a3300000, 0x00000000a3400000|  0%| F|  |TAMS 0x00000000a3300000| PB 0x00000000a3300000| Untracked 
| 564|0x00000000a3400000, 0x00000000a3400000, 0x00000000a3500000|  0%| F|  |TAMS 0x00000000a3400000| PB 0x00000000a3400000| Untracked 
| 565|0x00000000a3500000, 0x00000000a3500000, 0x00000000a3600000|  0%| F|  |TAMS 0x00000000a3500000| PB 0x00000000a3500000| Untracked 
| 566|0x00000000a3600000, 0x00000000a3600000, 0x00000000a3700000|  0%| F|  |TAMS 0x00000000a3600000| PB 0x00000000a3600000| Untracked 
| 567|0x00000000a3700000, 0x00000000a3700000, 0x00000000a3800000|  0%| F|  |TAMS 0x00000000a3700000| PB 0x00000000a3700000| Untracked 
| 568|0x00000000a3800000, 0x00000000a3800000, 0x00000000a3900000|  0%| F|  |TAMS 0x00000000a3800000| PB 0x00000000a3800000| Untracked 
| 569|0x00000000a3900000, 0x00000000a3900000, 0x00000000a3a00000|  0%| F|  |TAMS 0x00000000a3900000| PB 0x00000000a3900000| Untracked 
| 570|0x00000000a3a00000, 0x00000000a3a00000, 0x00000000a3b00000|  0%| F|  |TAMS 0x00000000a3a00000| PB 0x00000000a3a00000| Untracked 
| 571|0x00000000a3b00000, 0x00000000a3b00000, 0x00000000a3c00000|  0%| F|  |TAMS 0x00000000a3b00000| PB 0x00000000a3b00000| Untracked 
| 572|0x00000000a3c00000, 0x00000000a3c00000, 0x00000000a3d00000|  0%| F|  |TAMS 0x00000000a3c00000| PB 0x00000000a3c00000| Untracked 
| 573|0x00000000a3d00000, 0x00000000a3d00000, 0x00000000a3e00000|  0%| F|  |TAMS 0x00000000a3d00000| PB 0x00000000a3d00000| Untracked 
| 574|0x00000000a3e00000, 0x00000000a3e00000, 0x00000000a3f00000|  0%| F|  |TAMS 0x00000000a3e00000| PB 0x00000000a3e00000| Untracked 
| 575|0x00000000a3f00000, 0x00000000a3f00000, 0x00000000a4000000|  0%| F|  |TAMS 0x00000000a3f00000| PB 0x00000000a3f00000| Untracked 
| 576|0x00000000a4000000, 0x00000000a4000000, 0x00000000a4100000|  0%| F|  |TAMS 0x00000000a4000000| PB 0x00000000a4000000| Untracked 
| 577|0x00000000a4100000, 0x00000000a4100000, 0x00000000a4200000|  0%| F|  |TAMS 0x00000000a4100000| PB 0x00000000a4100000| Untracked 
| 578|0x00000000a4200000, 0x00000000a4200000, 0x00000000a4300000|  0%| F|  |TAMS 0x00000000a4200000| PB 0x00000000a4200000| Untracked 
| 579|0x00000000a4300000, 0x00000000a4300000, 0x00000000a4400000|  0%| F|  |TAMS 0x00000000a4300000| PB 0x00000000a4300000| Untracked 
| 580|0x00000000a4400000, 0x00000000a4400000, 0x00000000a4500000|  0%| F|  |TAMS 0x00000000a4400000| PB 0x00000000a4400000| Untracked 
| 581|0x00000000a4500000, 0x00000000a4500000, 0x00000000a4600000|  0%| F|  |TAMS 0x00000000a4500000| PB 0x00000000a4500000| Untracked 
| 582|0x00000000a4600000, 0x00000000a4600000, 0x00000000a4700000|  0%| F|  |TAMS 0x00000000a4600000| PB 0x00000000a4600000| Untracked 
| 583|0x00000000a4700000, 0x00000000a4700000, 0x00000000a4800000|  0%| F|  |TAMS 0x00000000a4700000| PB 0x00000000a4700000| Untracked 
| 584|0x00000000a4800000, 0x00000000a4800000, 0x00000000a4900000|  0%| F|  |TAMS 0x00000000a4800000| PB 0x00000000a4800000| Untracked 
| 585|0x00000000a4900000, 0x00000000a4900000, 0x00000000a4a00000|  0%| F|  |TAMS 0x00000000a4900000| PB 0x00000000a4900000| Untracked 
| 586|0x00000000a4a00000, 0x00000000a4a00000, 0x00000000a4b00000|  0%| F|  |TAMS 0x00000000a4a00000| PB 0x00000000a4a00000| Untracked 
| 587|0x00000000a4b00000, 0x00000000a4b00000, 0x00000000a4c00000|  0%| F|  |TAMS 0x00000000a4b00000| PB 0x00000000a4b00000| Untracked 
| 588|0x00000000a4c00000, 0x00000000a4c00000, 0x00000000a4d00000|  0%| F|  |TAMS 0x00000000a4c00000| PB 0x00000000a4c00000| Untracked 
| 589|0x00000000a4d00000, 0x00000000a4d00000, 0x00000000a4e00000|  0%| F|  |TAMS 0x00000000a4d00000| PB 0x00000000a4d00000| Untracked 
| 590|0x00000000a4e00000, 0x00000000a4e00000, 0x00000000a4f00000|  0%| F|  |TAMS 0x00000000a4e00000| PB 0x00000000a4e00000| Untracked 
| 591|0x00000000a4f00000, 0x00000000a4f00000, 0x00000000a5000000|  0%| F|  |TAMS 0x00000000a4f00000| PB 0x00000000a4f00000| Untracked 
| 592|0x00000000a5000000, 0x00000000a5000000, 0x00000000a5100000|  0%| F|  |TAMS 0x00000000a5000000| PB 0x00000000a5000000| Untracked 
| 593|0x00000000a5100000, 0x00000000a5100000, 0x00000000a5200000|  0%| F|  |TAMS 0x00000000a5100000| PB 0x00000000a5100000| Untracked 
| 594|0x00000000a5200000, 0x00000000a5200000, 0x00000000a5300000|  0%| F|  |TAMS 0x00000000a5200000| PB 0x00000000a5200000| Untracked 
| 595|0x00000000a5300000, 0x00000000a5300000, 0x00000000a5400000|  0%| F|  |TAMS 0x00000000a5300000| PB 0x00000000a5300000| Untracked 
| 596|0x00000000a5400000, 0x00000000a5400000, 0x00000000a5500000|  0%| F|  |TAMS 0x00000000a5400000| PB 0x00000000a5400000| Untracked 
| 597|0x00000000a5500000, 0x00000000a5500000, 0x00000000a5600000|  0%| F|  |TAMS 0x00000000a5500000| PB 0x00000000a5500000| Untracked 
| 598|0x00000000a5600000, 0x00000000a5600000, 0x00000000a5700000|  0%| F|  |TAMS 0x00000000a5600000| PB 0x00000000a5600000| Untracked 
| 599|0x00000000a5700000, 0x00000000a5700000, 0x00000000a5800000|  0%| F|  |TAMS 0x00000000a5700000| PB 0x00000000a5700000| Untracked 
| 600|0x00000000a5800000, 0x00000000a5800000, 0x00000000a5900000|  0%| F|  |TAMS 0x00000000a5800000| PB 0x00000000a5800000| Untracked 
| 601|0x00000000a5900000, 0x00000000a5900000, 0x00000000a5a00000|  0%| F|  |TAMS 0x00000000a5900000| PB 0x00000000a5900000| Untracked 
| 602|0x00000000a5a00000, 0x00000000a5a00000, 0x00000000a5b00000|  0%| F|  |TAMS 0x00000000a5a00000| PB 0x00000000a5a00000| Untracked 
| 603|0x00000000a5b00000, 0x00000000a5b00000, 0x00000000a5c00000|  0%| F|  |TAMS 0x00000000a5b00000| PB 0x00000000a5b00000| Untracked 
| 604|0x00000000a5c00000, 0x00000000a5c00000, 0x00000000a5d00000|  0%| F|  |TAMS 0x00000000a5c00000| PB 0x00000000a5c00000| Untracked 
| 605|0x00000000a5d00000, 0x00000000a5d00000, 0x00000000a5e00000|  0%| F|  |TAMS 0x00000000a5d00000| PB 0x00000000a5d00000| Untracked 
| 606|0x00000000a5e00000, 0x00000000a5e00000, 0x00000000a5f00000|  0%| F|  |TAMS 0x00000000a5e00000| PB 0x00000000a5e00000| Untracked 
| 607|0x00000000a5f00000, 0x00000000a5f00000, 0x00000000a6000000|  0%| F|  |TAMS 0x00000000a5f00000| PB 0x00000000a5f00000| Untracked 
| 608|0x00000000a6000000, 0x00000000a6000000, 0x00000000a6100000|  0%| F|  |TAMS 0x00000000a6000000| PB 0x00000000a6000000| Untracked 
| 609|0x00000000a6100000, 0x00000000a6100000, 0x00000000a6200000|  0%| F|  |TAMS 0x00000000a6100000| PB 0x00000000a6100000| Untracked 
| 610|0x00000000a6200000, 0x00000000a6200000, 0x00000000a6300000|  0%| F|  |TAMS 0x00000000a6200000| PB 0x00000000a6200000| Untracked 
| 611|0x00000000a6300000, 0x00000000a6300000, 0x00000000a6400000|  0%| F|  |TAMS 0x00000000a6300000| PB 0x00000000a6300000| Untracked 
| 612|0x00000000a6400000, 0x00000000a6400000, 0x00000000a6500000|  0%| F|  |TAMS 0x00000000a6400000| PB 0x00000000a6400000| Untracked 
| 613|0x00000000a6500000, 0x00000000a6500000, 0x00000000a6600000|  0%| F|  |TAMS 0x00000000a6500000| PB 0x00000000a6500000| Untracked 
| 614|0x00000000a6600000, 0x00000000a6600000, 0x00000000a6700000|  0%| F|  |TAMS 0x00000000a6600000| PB 0x00000000a6600000| Untracked 
| 615|0x00000000a6700000, 0x00000000a6700000, 0x00000000a6800000|  0%| F|  |TAMS 0x00000000a6700000| PB 0x00000000a6700000| Untracked 
| 616|0x00000000a6800000, 0x00000000a6800000, 0x00000000a6900000|  0%| F|  |TAMS 0x00000000a6800000| PB 0x00000000a6800000| Untracked 
| 617|0x00000000a6900000, 0x00000000a6900000, 0x00000000a6a00000|  0%| F|  |TAMS 0x00000000a6900000| PB 0x00000000a6900000| Untracked 
| 618|0x00000000a6a00000, 0x00000000a6a00000, 0x00000000a6b00000|  0%| F|  |TAMS 0x00000000a6a00000| PB 0x00000000a6a00000| Untracked 
| 619|0x00000000a6b00000, 0x00000000a6b00000, 0x00000000a6c00000|  0%| F|  |TAMS 0x00000000a6b00000| PB 0x00000000a6b00000| Untracked 
| 620|0x00000000a6c00000, 0x00000000a6c00000, 0x00000000a6d00000|  0%| F|  |TAMS 0x00000000a6c00000| PB 0x00000000a6c00000| Untracked 
| 621|0x00000000a6d00000, 0x00000000a6d00000, 0x00000000a6e00000|  0%| F|  |TAMS 0x00000000a6d00000| PB 0x00000000a6d00000| Untracked 
| 622|0x00000000a6e00000, 0x00000000a6e00000, 0x00000000a6f00000|  0%| F|  |TAMS 0x00000000a6e00000| PB 0x00000000a6e00000| Untracked 
| 623|0x00000000a6f00000, 0x00000000a6f00000, 0x00000000a7000000|  0%| F|  |TAMS 0x00000000a6f00000| PB 0x00000000a6f00000| Untracked 
| 624|0x00000000a7000000, 0x00000000a7000000, 0x00000000a7100000|  0%| F|  |TAMS 0x00000000a7000000| PB 0x00000000a7000000| Untracked 
| 625|0x00000000a7100000, 0x00000000a7100000, 0x00000000a7200000|  0%| F|  |TAMS 0x00000000a7100000| PB 0x00000000a7100000| Untracked 
| 626|0x00000000a7200000, 0x00000000a7200000, 0x00000000a7300000|  0%| F|  |TAMS 0x00000000a7200000| PB 0x00000000a7200000| Untracked 
| 627|0x00000000a7300000, 0x00000000a7300000, 0x00000000a7400000|  0%| F|  |TAMS 0x00000000a7300000| PB 0x00000000a7300000| Untracked 
| 628|0x00000000a7400000, 0x00000000a7400000, 0x00000000a7500000|  0%| F|  |TAMS 0x00000000a7400000| PB 0x00000000a7400000| Untracked 
| 629|0x00000000a7500000, 0x00000000a7500000, 0x00000000a7600000|  0%| F|  |TAMS 0x00000000a7500000| PB 0x00000000a7500000| Untracked 
| 630|0x00000000a7600000, 0x00000000a7600000, 0x00000000a7700000|  0%| F|  |TAMS 0x00000000a7600000| PB 0x00000000a7600000| Untracked 
| 631|0x00000000a7700000, 0x00000000a7700000, 0x00000000a7800000|  0%| F|  |TAMS 0x00000000a7700000| PB 0x00000000a7700000| Untracked 
| 632|0x00000000a7800000, 0x00000000a7800000, 0x00000000a7900000|  0%| F|  |TAMS 0x00000000a7800000| PB 0x00000000a7800000| Untracked 
| 633|0x00000000a7900000, 0x00000000a7900000, 0x00000000a7a00000|  0%| F|  |TAMS 0x00000000a7900000| PB 0x00000000a7900000| Untracked 
| 634|0x00000000a7a00000, 0x00000000a7a00000, 0x00000000a7b00000|  0%| F|  |TAMS 0x00000000a7a00000| PB 0x00000000a7a00000| Untracked 
| 635|0x00000000a7b00000, 0x00000000a7b00000, 0x00000000a7c00000|  0%| F|  |TAMS 0x00000000a7b00000| PB 0x00000000a7b00000| Untracked 
| 636|0x00000000a7c00000, 0x00000000a7c00000, 0x00000000a7d00000|  0%| F|  |TAMS 0x00000000a7c00000| PB 0x00000000a7c00000| Untracked 
| 637|0x00000000a7d00000, 0x00000000a7d00000, 0x00000000a7e00000|  0%| F|  |TAMS 0x00000000a7d00000| PB 0x00000000a7d00000| Untracked 
| 638|0x00000000a7e00000, 0x00000000a7e00000, 0x00000000a7f00000|  0%| F|  |TAMS 0x00000000a7e00000| PB 0x00000000a7e00000| Untracked 
| 639|0x00000000a7f00000, 0x00000000a7f00000, 0x00000000a8000000|  0%| F|  |TAMS 0x00000000a7f00000| PB 0x00000000a7f00000| Untracked 
| 640|0x00000000a8000000, 0x00000000a8000000, 0x00000000a8100000|  0%| F|  |TAMS 0x00000000a8000000| PB 0x00000000a8000000| Untracked 
| 641|0x00000000a8100000, 0x00000000a8100000, 0x00000000a8200000|  0%| F|  |TAMS 0x00000000a8100000| PB 0x00000000a8100000| Untracked 
| 642|0x00000000a8200000, 0x00000000a8200000, 0x00000000a8300000|  0%| F|  |TAMS 0x00000000a8200000| PB 0x00000000a8200000| Untracked 
| 643|0x00000000a8300000, 0x00000000a8300000, 0x00000000a8400000|  0%| F|  |TAMS 0x00000000a8300000| PB 0x00000000a8300000| Untracked 
| 644|0x00000000a8400000, 0x00000000a8400000, 0x00000000a8500000|  0%| F|  |TAMS 0x00000000a8400000| PB 0x00000000a8400000| Untracked 
| 645|0x00000000a8500000, 0x00000000a8500000, 0x00000000a8600000|  0%| F|  |TAMS 0x00000000a8500000| PB 0x00000000a8500000| Untracked 
| 646|0x00000000a8600000, 0x00000000a8600000, 0x00000000a8700000|  0%| F|  |TAMS 0x00000000a8600000| PB 0x00000000a8600000| Untracked 
| 647|0x00000000a8700000, 0x00000000a8700000, 0x00000000a8800000|  0%| F|  |TAMS 0x00000000a8700000| PB 0x00000000a8700000| Untracked 
| 648|0x00000000a8800000, 0x00000000a8800000, 0x00000000a8900000|  0%| F|  |TAMS 0x00000000a8800000| PB 0x00000000a8800000| Untracked 
| 649|0x00000000a8900000, 0x00000000a8900000, 0x00000000a8a00000|  0%| F|  |TAMS 0x00000000a8900000| PB 0x00000000a8900000| Untracked 
| 650|0x00000000a8a00000, 0x00000000a8a00000, 0x00000000a8b00000|  0%| F|  |TAMS 0x00000000a8a00000| PB 0x00000000a8a00000| Untracked 
| 651|0x00000000a8b00000, 0x00000000a8b00000, 0x00000000a8c00000|  0%| F|  |TAMS 0x00000000a8b00000| PB 0x00000000a8b00000| Untracked 
| 652|0x00000000a8c00000, 0x00000000a8c00000, 0x00000000a8d00000|  0%| F|  |TAMS 0x00000000a8c00000| PB 0x00000000a8c00000| Untracked 
| 653|0x00000000a8d00000, 0x00000000a8d00000, 0x00000000a8e00000|  0%| F|  |TAMS 0x00000000a8d00000| PB 0x00000000a8d00000| Untracked 
| 654|0x00000000a8e00000, 0x00000000a8e00000, 0x00000000a8f00000|  0%| F|  |TAMS 0x00000000a8e00000| PB 0x00000000a8e00000| Untracked 
| 655|0x00000000a8f00000, 0x00000000a8f00000, 0x00000000a9000000|  0%| F|  |TAMS 0x00000000a8f00000| PB 0x00000000a8f00000| Untracked 
| 656|0x00000000a9000000, 0x00000000a9000000, 0x00000000a9100000|  0%| F|  |TAMS 0x00000000a9000000| PB 0x00000000a9000000| Untracked 
| 657|0x00000000a9100000, 0x00000000a9100000, 0x00000000a9200000|  0%| F|  |TAMS 0x00000000a9100000| PB 0x00000000a9100000| Untracked 
| 658|0x00000000a9200000, 0x00000000a9200000, 0x00000000a9300000|  0%| F|  |TAMS 0x00000000a9200000| PB 0x00000000a9200000| Untracked 
| 659|0x00000000a9300000, 0x00000000a9300000, 0x00000000a9400000|  0%| F|  |TAMS 0x00000000a9300000| PB 0x00000000a9300000| Untracked 
| 660|0x00000000a9400000, 0x00000000a9400000, 0x00000000a9500000|  0%| F|  |TAMS 0x00000000a9400000| PB 0x00000000a9400000| Untracked 
| 661|0x00000000a9500000, 0x00000000a9500000, 0x00000000a9600000|  0%| F|  |TAMS 0x00000000a9500000| PB 0x00000000a9500000| Untracked 
| 662|0x00000000a9600000, 0x00000000a9600000, 0x00000000a9700000|  0%| F|  |TAMS 0x00000000a9600000| PB 0x00000000a9600000| Untracked 
| 663|0x00000000a9700000, 0x00000000a9700000, 0x00000000a9800000|  0%| F|  |TAMS 0x00000000a9700000| PB 0x00000000a9700000| Untracked 
| 664|0x00000000a9800000, 0x00000000a9800000, 0x00000000a9900000|  0%| F|  |TAMS 0x00000000a9800000| PB 0x00000000a9800000| Untracked 
| 665|0x00000000a9900000, 0x00000000a9900000, 0x00000000a9a00000|  0%| F|  |TAMS 0x00000000a9900000| PB 0x00000000a9900000| Untracked 
| 666|0x00000000a9a00000, 0x00000000a9a00000, 0x00000000a9b00000|  0%| F|  |TAMS 0x00000000a9a00000| PB 0x00000000a9a00000| Untracked 
| 667|0x00000000a9b00000, 0x00000000a9b00000, 0x00000000a9c00000|  0%| F|  |TAMS 0x00000000a9b00000| PB 0x00000000a9b00000| Untracked 
| 668|0x00000000a9c00000, 0x00000000a9c00000, 0x00000000a9d00000|  0%| F|  |TAMS 0x00000000a9c00000| PB 0x00000000a9c00000| Untracked 
| 669|0x00000000a9d00000, 0x00000000a9d00000, 0x00000000a9e00000|  0%| F|  |TAMS 0x00000000a9d00000| PB 0x00000000a9d00000| Untracked 
| 670|0x00000000a9e00000, 0x00000000a9e00000, 0x00000000a9f00000|  0%| F|  |TAMS 0x00000000a9e00000| PB 0x00000000a9e00000| Untracked 
| 671|0x00000000a9f00000, 0x00000000a9f00000, 0x00000000aa000000|  0%| F|  |TAMS 0x00000000a9f00000| PB 0x00000000a9f00000| Untracked 
| 672|0x00000000aa000000, 0x00000000aa000000, 0x00000000aa100000|  0%| F|  |TAMS 0x00000000aa000000| PB 0x00000000aa000000| Untracked 
| 673|0x00000000aa100000, 0x00000000aa100000, 0x00000000aa200000|  0%| F|  |TAMS 0x00000000aa100000| PB 0x00000000aa100000| Untracked 
| 674|0x00000000aa200000, 0x00000000aa200000, 0x00000000aa300000|  0%| F|  |TAMS 0x00000000aa200000| PB 0x00000000aa200000| Untracked 
| 675|0x00000000aa300000, 0x00000000aa300000, 0x00000000aa400000|  0%| F|  |TAMS 0x00000000aa300000| PB 0x00000000aa300000| Untracked 
| 676|0x00000000aa400000, 0x00000000aa400000, 0x00000000aa500000|  0%| F|  |TAMS 0x00000000aa400000| PB 0x00000000aa400000| Untracked 
| 677|0x00000000aa500000, 0x00000000aa500000, 0x00000000aa600000|  0%| F|  |TAMS 0x00000000aa500000| PB 0x00000000aa500000| Untracked 
| 678|0x00000000aa600000, 0x00000000aa600000, 0x00000000aa700000|  0%| F|  |TAMS 0x00000000aa600000| PB 0x00000000aa600000| Untracked 
| 679|0x00000000aa700000, 0x00000000aa700000, 0x00000000aa800000|  0%| F|  |TAMS 0x00000000aa700000| PB 0x00000000aa700000| Untracked 
| 680|0x00000000aa800000, 0x00000000aa800000, 0x00000000aa900000|  0%| F|  |TAMS 0x00000000aa800000| PB 0x00000000aa800000| Untracked 
| 681|0x00000000aa900000, 0x00000000aa900000, 0x00000000aaa00000|  0%| F|  |TAMS 0x00000000aa900000| PB 0x00000000aa900000| Untracked 
| 682|0x00000000aaa00000, 0x00000000aaa00000, 0x00000000aab00000|  0%| F|  |TAMS 0x00000000aaa00000| PB 0x00000000aaa00000| Untracked 
| 683|0x00000000aab00000, 0x00000000aab00000, 0x00000000aac00000|  0%| F|  |TAMS 0x00000000aab00000| PB 0x00000000aab00000| Untracked 
| 684|0x00000000aac00000, 0x00000000aac00000, 0x00000000aad00000|  0%| F|  |TAMS 0x00000000aac00000| PB 0x00000000aac00000| Untracked 
| 685|0x00000000aad00000, 0x00000000aad00000, 0x00000000aae00000|  0%| F|  |TAMS 0x00000000aad00000| PB 0x00000000aad00000| Untracked 
| 686|0x00000000aae00000, 0x00000000aae00000, 0x00000000aaf00000|  0%| F|  |TAMS 0x00000000aae00000| PB 0x00000000aae00000| Untracked 
| 687|0x00000000aaf00000, 0x00000000aaf00000, 0x00000000ab000000|  0%| F|  |TAMS 0x00000000aaf00000| PB 0x00000000aaf00000| Untracked 
| 688|0x00000000ab000000, 0x00000000ab000000, 0x00000000ab100000|  0%| F|  |TAMS 0x00000000ab000000| PB 0x00000000ab000000| Untracked 
| 689|0x00000000ab100000, 0x00000000ab100000, 0x00000000ab200000|  0%| F|  |TAMS 0x00000000ab100000| PB 0x00000000ab100000| Untracked 
| 690|0x00000000ab200000, 0x00000000ab200000, 0x00000000ab300000|  0%| F|  |TAMS 0x00000000ab200000| PB 0x00000000ab200000| Untracked 
| 691|0x00000000ab300000, 0x00000000ab300000, 0x00000000ab400000|  0%| F|  |TAMS 0x00000000ab300000| PB 0x00000000ab300000| Untracked 
| 692|0x00000000ab400000, 0x00000000ab400000, 0x00000000ab500000|  0%| F|  |TAMS 0x00000000ab400000| PB 0x00000000ab400000| Untracked 
| 693|0x00000000ab500000, 0x00000000ab500000, 0x00000000ab600000|  0%| F|  |TAMS 0x00000000ab500000| PB 0x00000000ab500000| Untracked 
| 694|0x00000000ab600000, 0x00000000ab600000, 0x00000000ab700000|  0%| F|  |TAMS 0x00000000ab600000| PB 0x00000000ab600000| Untracked 
| 695|0x00000000ab700000, 0x00000000ab700000, 0x00000000ab800000|  0%| F|  |TAMS 0x00000000ab700000| PB 0x00000000ab700000| Untracked 
| 696|0x00000000ab800000, 0x00000000ab800000, 0x00000000ab900000|  0%| F|  |TAMS 0x00000000ab800000| PB 0x00000000ab800000| Untracked 
| 697|0x00000000ab900000, 0x00000000ab900000, 0x00000000aba00000|  0%| F|  |TAMS 0x00000000ab900000| PB 0x00000000ab900000| Untracked 
| 698|0x00000000aba00000, 0x00000000aba00000, 0x00000000abb00000|  0%| F|  |TAMS 0x00000000aba00000| PB 0x00000000aba00000| Untracked 
| 699|0x00000000abb00000, 0x00000000abb00000, 0x00000000abc00000|  0%| F|  |TAMS 0x00000000abb00000| PB 0x00000000abb00000| Untracked 
| 700|0x00000000abc00000, 0x00000000abc00000, 0x00000000abd00000|  0%| F|  |TAMS 0x00000000abc00000| PB 0x00000000abc00000| Untracked 
| 701|0x00000000abd00000, 0x00000000abd00000, 0x00000000abe00000|  0%| F|  |TAMS 0x00000000abd00000| PB 0x00000000abd00000| Untracked 
| 702|0x00000000abe00000, 0x00000000abe00000, 0x00000000abf00000|  0%| F|  |TAMS 0x00000000abe00000| PB 0x00000000abe00000| Untracked 
| 703|0x00000000abf00000, 0x00000000abf00000, 0x00000000ac000000|  0%| F|  |TAMS 0x00000000abf00000| PB 0x00000000abf00000| Untracked 
| 704|0x00000000ac000000, 0x00000000ac000000, 0x00000000ac100000|  0%| F|  |TAMS 0x00000000ac000000| PB 0x00000000ac000000| Untracked 
| 705|0x00000000ac100000, 0x00000000ac100000, 0x00000000ac200000|  0%| F|  |TAMS 0x00000000ac100000| PB 0x00000000ac100000| Untracked 
| 706|0x00000000ac200000, 0x00000000ac200000, 0x00000000ac300000|  0%| F|  |TAMS 0x00000000ac200000| PB 0x00000000ac200000| Untracked 
| 707|0x00000000ac300000, 0x00000000ac300000, 0x00000000ac400000|  0%| F|  |TAMS 0x00000000ac300000| PB 0x00000000ac300000| Untracked 
| 708|0x00000000ac400000, 0x00000000ac400000, 0x00000000ac500000|  0%| F|  |TAMS 0x00000000ac400000| PB 0x00000000ac400000| Untracked 
| 709|0x00000000ac500000, 0x00000000ac500000, 0x00000000ac600000|  0%| F|  |TAMS 0x00000000ac500000| PB 0x00000000ac500000| Untracked 
| 710|0x00000000ac600000, 0x00000000ac600000, 0x00000000ac700000|  0%| F|  |TAMS 0x00000000ac600000| PB 0x00000000ac600000| Untracked 
| 711|0x00000000ac700000, 0x00000000ac700000, 0x00000000ac800000|  0%| F|  |TAMS 0x00000000ac700000| PB 0x00000000ac700000| Untracked 
| 712|0x00000000ac800000, 0x00000000ac800000, 0x00000000ac900000|  0%| F|  |TAMS 0x00000000ac800000| PB 0x00000000ac800000| Untracked 
| 713|0x00000000ac900000, 0x00000000ac900000, 0x00000000aca00000|  0%| F|  |TAMS 0x00000000ac900000| PB 0x00000000ac900000| Untracked 
| 714|0x00000000aca00000, 0x00000000aca00000, 0x00000000acb00000|  0%| F|  |TAMS 0x00000000aca00000| PB 0x00000000aca00000| Untracked 
| 715|0x00000000acb00000, 0x00000000acb00000, 0x00000000acc00000|  0%| F|  |TAMS 0x00000000acb00000| PB 0x00000000acb00000| Untracked 
| 716|0x00000000acc00000, 0x00000000acc00000, 0x00000000acd00000|  0%| F|  |TAMS 0x00000000acc00000| PB 0x00000000acc00000| Untracked 
| 717|0x00000000acd00000, 0x00000000acd00000, 0x00000000ace00000|  0%| F|  |TAMS 0x00000000acd00000| PB 0x00000000acd00000| Untracked 
| 718|0x00000000ace00000, 0x00000000ace00000, 0x00000000acf00000|  0%| F|  |TAMS 0x00000000ace00000| PB 0x00000000ace00000| Untracked 
| 719|0x00000000acf00000, 0x00000000acf00000, 0x00000000ad000000|  0%| F|  |TAMS 0x00000000acf00000| PB 0x00000000acf00000| Untracked 
| 720|0x00000000ad000000, 0x00000000ad000000, 0x00000000ad100000|  0%| F|  |TAMS 0x00000000ad000000| PB 0x00000000ad000000| Untracked 
| 721|0x00000000ad100000, 0x00000000ad100000, 0x00000000ad200000|  0%| F|  |TAMS 0x00000000ad100000| PB 0x00000000ad100000| Untracked 
| 722|0x00000000ad200000, 0x00000000ad200000, 0x00000000ad300000|  0%| F|  |TAMS 0x00000000ad200000| PB 0x00000000ad200000| Untracked 
| 723|0x00000000ad300000, 0x00000000ad300000, 0x00000000ad400000|  0%| F|  |TAMS 0x00000000ad300000| PB 0x00000000ad300000| Untracked 
| 724|0x00000000ad400000, 0x00000000ad400000, 0x00000000ad500000|  0%| F|  |TAMS 0x00000000ad400000| PB 0x00000000ad400000| Untracked 
| 725|0x00000000ad500000, 0x00000000ad500000, 0x00000000ad600000|  0%| F|  |TAMS 0x00000000ad500000| PB 0x00000000ad500000| Untracked 
| 726|0x00000000ad600000, 0x00000000ad600000, 0x00000000ad700000|  0%| F|  |TAMS 0x00000000ad600000| PB 0x00000000ad600000| Untracked 
| 727|0x00000000ad700000, 0x00000000ad700000, 0x00000000ad800000|  0%| F|  |TAMS 0x00000000ad700000| PB 0x00000000ad700000| Untracked 
| 728|0x00000000ad800000, 0x00000000ad800000, 0x00000000ad900000|  0%| F|  |TAMS 0x00000000ad800000| PB 0x00000000ad800000| Untracked 
| 729|0x00000000ad900000, 0x00000000ad900000, 0x00000000ada00000|  0%| F|  |TAMS 0x00000000ad900000| PB 0x00000000ad900000| Untracked 
| 730|0x00000000ada00000, 0x00000000ada00000, 0x00000000adb00000|  0%| F|  |TAMS 0x00000000ada00000| PB 0x00000000ada00000| Untracked 
| 731|0x00000000adb00000, 0x00000000adb00000, 0x00000000adc00000|  0%| F|  |TAMS 0x00000000adb00000| PB 0x00000000adb00000| Untracked 
| 732|0x00000000adc00000, 0x00000000adc00000, 0x00000000add00000|  0%| F|  |TAMS 0x00000000adc00000| PB 0x00000000adc00000| Untracked 
| 733|0x00000000add00000, 0x00000000add00000, 0x00000000ade00000|  0%| F|  |TAMS 0x00000000add00000| PB 0x00000000add00000| Untracked 
| 734|0x00000000ade00000, 0x00000000ade00000, 0x00000000adf00000|  0%| F|  |TAMS 0x00000000ade00000| PB 0x00000000ade00000| Untracked 
| 735|0x00000000adf00000, 0x00000000adf00000, 0x00000000ae000000|  0%| F|  |TAMS 0x00000000adf00000| PB 0x00000000adf00000| Untracked 
| 736|0x00000000ae000000, 0x00000000ae000000, 0x00000000ae100000|  0%| F|  |TAMS 0x00000000ae000000| PB 0x00000000ae000000| Untracked 
| 737|0x00000000ae100000, 0x00000000ae100000, 0x00000000ae200000|  0%| F|  |TAMS 0x00000000ae100000| PB 0x00000000ae100000| Untracked 
| 738|0x00000000ae200000, 0x00000000ae200000, 0x00000000ae300000|  0%| F|  |TAMS 0x00000000ae200000| PB 0x00000000ae200000| Untracked 
| 739|0x00000000ae300000, 0x00000000ae300000, 0x00000000ae400000|  0%| F|  |TAMS 0x00000000ae300000| PB 0x00000000ae300000| Untracked 
| 740|0x00000000ae400000, 0x00000000ae400000, 0x00000000ae500000|  0%| F|  |TAMS 0x00000000ae400000| PB 0x00000000ae400000| Untracked 
| 741|0x00000000ae500000, 0x00000000ae500000, 0x00000000ae600000|  0%| F|  |TAMS 0x00000000ae500000| PB 0x00000000ae500000| Untracked 
| 742|0x00000000ae600000, 0x00000000ae600000, 0x00000000ae700000|  0%| F|  |TAMS 0x00000000ae600000| PB 0x00000000ae600000| Untracked 
| 743|0x00000000ae700000, 0x00000000ae700000, 0x00000000ae800000|  0%| F|  |TAMS 0x00000000ae700000| PB 0x00000000ae700000| Untracked 
| 744|0x00000000ae800000, 0x00000000ae800000, 0x00000000ae900000|  0%| F|  |TAMS 0x00000000ae800000| PB 0x00000000ae800000| Untracked 
| 745|0x00000000ae900000, 0x00000000ae900000, 0x00000000aea00000|  0%| F|  |TAMS 0x00000000ae900000| PB 0x00000000ae900000| Untracked 
| 746|0x00000000aea00000, 0x00000000aea00000, 0x00000000aeb00000|  0%| F|  |TAMS 0x00000000aea00000| PB 0x00000000aea00000| Untracked 
| 747|0x00000000aeb00000, 0x00000000aeb00000, 0x00000000aec00000|  0%| F|  |TAMS 0x00000000aeb00000| PB 0x00000000aeb00000| Untracked 
| 748|0x00000000aec00000, 0x00000000aec00000, 0x00000000aed00000|  0%| F|  |TAMS 0x00000000aec00000| PB 0x00000000aec00000| Untracked 
| 749|0x00000000aed00000, 0x00000000aed00000, 0x00000000aee00000|  0%| F|  |TAMS 0x00000000aed00000| PB 0x00000000aed00000| Untracked 
| 750|0x00000000aee00000, 0x00000000aee00000, 0x00000000aef00000|  0%| F|  |TAMS 0x00000000aee00000| PB 0x00000000aee00000| Untracked 
| 751|0x00000000aef00000, 0x00000000aef00000, 0x00000000af000000|  0%| F|  |TAMS 0x00000000aef00000| PB 0x00000000aef00000| Untracked 
| 752|0x00000000af000000, 0x00000000af000000, 0x00000000af100000|  0%| F|  |TAMS 0x00000000af000000| PB 0x00000000af000000| Untracked 
| 753|0x00000000af100000, 0x00000000af100000, 0x00000000af200000|  0%| F|  |TAMS 0x00000000af100000| PB 0x00000000af100000| Untracked 
| 754|0x00000000af200000, 0x00000000af200000, 0x00000000af300000|  0%| F|  |TAMS 0x00000000af200000| PB 0x00000000af200000| Untracked 
| 755|0x00000000af300000, 0x00000000af300000, 0x00000000af400000|  0%| F|  |TAMS 0x00000000af300000| PB 0x00000000af300000| Untracked 
| 756|0x00000000af400000, 0x00000000af400000, 0x00000000af500000|  0%| F|  |TAMS 0x00000000af400000| PB 0x00000000af400000| Untracked 
| 757|0x00000000af500000, 0x00000000af500000, 0x00000000af600000|  0%| F|  |TAMS 0x00000000af500000| PB 0x00000000af500000| Untracked 
| 758|0x00000000af600000, 0x00000000af600000, 0x00000000af700000|  0%| F|  |TAMS 0x00000000af600000| PB 0x00000000af600000| Untracked 
| 759|0x00000000af700000, 0x00000000af700000, 0x00000000af800000|  0%| F|  |TAMS 0x00000000af700000| PB 0x00000000af700000| Untracked 
| 760|0x00000000af800000, 0x00000000af800000, 0x00000000af900000|  0%| F|  |TAMS 0x00000000af800000| PB 0x00000000af800000| Untracked 
| 761|0x00000000af900000, 0x00000000af900000, 0x00000000afa00000|  0%| F|  |TAMS 0x00000000af900000| PB 0x00000000af900000| Untracked 
| 762|0x00000000afa00000, 0x00000000afa00000, 0x00000000afb00000|  0%| F|  |TAMS 0x00000000afa00000| PB 0x00000000afa00000| Untracked 
| 763|0x00000000afb00000, 0x00000000afb00000, 0x00000000afc00000|  0%| F|  |TAMS 0x00000000afb00000| PB 0x00000000afb00000| Untracked 
| 764|0x00000000afc00000, 0x00000000afc00000, 0x00000000afd00000|  0%| F|  |TAMS 0x00000000afc00000| PB 0x00000000afc00000| Untracked 
| 765|0x00000000afd00000, 0x00000000afd00000, 0x00000000afe00000|  0%| F|  |TAMS 0x00000000afd00000| PB 0x00000000afd00000| Untracked 
| 766|0x00000000afe00000, 0x00000000afe00000, 0x00000000aff00000|  0%| F|  |TAMS 0x00000000afe00000| PB 0x00000000afe00000| Untracked 
| 767|0x00000000aff00000, 0x00000000aff00000, 0x00000000b0000000|  0%| F|  |TAMS 0x00000000aff00000| PB 0x00000000aff00000| Untracked 
| 768|0x00000000b0000000, 0x00000000b0000000, 0x00000000b0100000|  0%| F|  |TAMS 0x00000000b0000000| PB 0x00000000b0000000| Untracked 
| 769|0x00000000b0100000, 0x00000000b0100000, 0x00000000b0200000|  0%| F|  |TAMS 0x00000000b0100000| PB 0x00000000b0100000| Untracked 
| 770|0x00000000b0200000, 0x00000000b0200000, 0x00000000b0300000|  0%| F|  |TAMS 0x00000000b0200000| PB 0x00000000b0200000| Untracked 
| 771|0x00000000b0300000, 0x00000000b0300000, 0x00000000b0400000|  0%| F|  |TAMS 0x00000000b0300000| PB 0x00000000b0300000| Untracked 
| 772|0x00000000b0400000, 0x00000000b0400000, 0x00000000b0500000|  0%| F|  |TAMS 0x00000000b0400000| PB 0x00000000b0400000| Untracked 
| 773|0x00000000b0500000, 0x00000000b0500000, 0x00000000b0600000|  0%| F|  |TAMS 0x00000000b0500000| PB 0x00000000b0500000| Untracked 
| 774|0x00000000b0600000, 0x00000000b0600000, 0x00000000b0700000|  0%| F|  |TAMS 0x00000000b0600000| PB 0x00000000b0600000| Untracked 
| 775|0x00000000b0700000, 0x00000000b0700000, 0x00000000b0800000|  0%| F|  |TAMS 0x00000000b0700000| PB 0x00000000b0700000| Untracked 
| 776|0x00000000b0800000, 0x00000000b0800000, 0x00000000b0900000|  0%| F|  |TAMS 0x00000000b0800000| PB 0x00000000b0800000| Untracked 
| 777|0x00000000b0900000, 0x00000000b0900000, 0x00000000b0a00000|  0%| F|  |TAMS 0x00000000b0900000| PB 0x00000000b0900000| Untracked 
| 778|0x00000000b0a00000, 0x00000000b0a00000, 0x00000000b0b00000|  0%| F|  |TAMS 0x00000000b0a00000| PB 0x00000000b0a00000| Untracked 
| 779|0x00000000b0b00000, 0x00000000b0b00000, 0x00000000b0c00000|  0%| F|  |TAMS 0x00000000b0b00000| PB 0x00000000b0b00000| Untracked 
| 780|0x00000000b0c00000, 0x00000000b0c00000, 0x00000000b0d00000|  0%| F|  |TAMS 0x00000000b0c00000| PB 0x00000000b0c00000| Untracked 
| 781|0x00000000b0d00000, 0x00000000b0d00000, 0x00000000b0e00000|  0%| F|  |TAMS 0x00000000b0d00000| PB 0x00000000b0d00000| Untracked 
| 782|0x00000000b0e00000, 0x00000000b0e00000, 0x00000000b0f00000|  0%| F|  |TAMS 0x00000000b0e00000| PB 0x00000000b0e00000| Untracked 
| 783|0x00000000b0f00000, 0x00000000b0f00000, 0x00000000b1000000|  0%| F|  |TAMS 0x00000000b0f00000| PB 0x00000000b0f00000| Untracked 
| 784|0x00000000b1000000, 0x00000000b1000000, 0x00000000b1100000|  0%| F|  |TAMS 0x00000000b1000000| PB 0x00000000b1000000| Untracked 
| 785|0x00000000b1100000, 0x00000000b1100000, 0x00000000b1200000|  0%| F|  |TAMS 0x00000000b1100000| PB 0x00000000b1100000| Untracked 
| 786|0x00000000b1200000, 0x00000000b1200000, 0x00000000b1300000|  0%| F|  |TAMS 0x00000000b1200000| PB 0x00000000b1200000| Untracked 
| 787|0x00000000b1300000, 0x00000000b1300000, 0x00000000b1400000|  0%| F|  |TAMS 0x00000000b1300000| PB 0x00000000b1300000| Untracked 
| 788|0x00000000b1400000, 0x00000000b1400000, 0x00000000b1500000|  0%| F|  |TAMS 0x00000000b1400000| PB 0x00000000b1400000| Untracked 
| 789|0x00000000b1500000, 0x00000000b1500000, 0x00000000b1600000|  0%| F|  |TAMS 0x00000000b1500000| PB 0x00000000b1500000| Untracked 
| 790|0x00000000b1600000, 0x00000000b1600000, 0x00000000b1700000|  0%| F|  |TAMS 0x00000000b1600000| PB 0x00000000b1600000| Untracked 
| 791|0x00000000b1700000, 0x00000000b1700000, 0x00000000b1800000|  0%| F|  |TAMS 0x00000000b1700000| PB 0x00000000b1700000| Untracked 
| 792|0x00000000b1800000, 0x00000000b1800000, 0x00000000b1900000|  0%| F|  |TAMS 0x00000000b1800000| PB 0x00000000b1800000| Untracked 
| 793|0x00000000b1900000, 0x00000000b1900000, 0x00000000b1a00000|  0%| F|  |TAMS 0x00000000b1900000| PB 0x00000000b1900000| Untracked 
| 794|0x00000000b1a00000, 0x00000000b1a00000, 0x00000000b1b00000|  0%| F|  |TAMS 0x00000000b1a00000| PB 0x00000000b1a00000| Untracked 
| 795|0x00000000b1b00000, 0x00000000b1b00000, 0x00000000b1c00000|  0%| F|  |TAMS 0x00000000b1b00000| PB 0x00000000b1b00000| Untracked 
| 796|0x00000000b1c00000, 0x00000000b1c00000, 0x00000000b1d00000|  0%| F|  |TAMS 0x00000000b1c00000| PB 0x00000000b1c00000| Untracked 
| 797|0x00000000b1d00000, 0x00000000b1d00000, 0x00000000b1e00000|  0%| F|  |TAMS 0x00000000b1d00000| PB 0x00000000b1d00000| Untracked 
| 798|0x00000000b1e00000, 0x00000000b1e00000, 0x00000000b1f00000|  0%| F|  |TAMS 0x00000000b1e00000| PB 0x00000000b1e00000| Untracked 
| 799|0x00000000b1f00000, 0x00000000b1f00000, 0x00000000b2000000|  0%| F|  |TAMS 0x00000000b1f00000| PB 0x00000000b1f00000| Untracked 
| 800|0x00000000b2000000, 0x00000000b2000000, 0x00000000b2100000|  0%| F|  |TAMS 0x00000000b2000000| PB 0x00000000b2000000| Untracked 
| 801|0x00000000b2100000, 0x00000000b2100000, 0x00000000b2200000|  0%| F|  |TAMS 0x00000000b2100000| PB 0x00000000b2100000| Untracked 
| 802|0x00000000b2200000, 0x00000000b2200000, 0x00000000b2300000|  0%| F|  |TAMS 0x00000000b2200000| PB 0x00000000b2200000| Untracked 
| 803|0x00000000b2300000, 0x00000000b2300000, 0x00000000b2400000|  0%| F|  |TAMS 0x00000000b2300000| PB 0x00000000b2300000| Untracked 
| 804|0x00000000b2400000, 0x00000000b2400000, 0x00000000b2500000|  0%| F|  |TAMS 0x00000000b2400000| PB 0x00000000b2400000| Untracked 
| 805|0x00000000b2500000, 0x00000000b2500000, 0x00000000b2600000|  0%| F|  |TAMS 0x00000000b2500000| PB 0x00000000b2500000| Untracked 
| 806|0x00000000b2600000, 0x00000000b2600000, 0x00000000b2700000|  0%| F|  |TAMS 0x00000000b2600000| PB 0x00000000b2600000| Untracked 
| 807|0x00000000b2700000, 0x00000000b2700000, 0x00000000b2800000|  0%| F|  |TAMS 0x00000000b2700000| PB 0x00000000b2700000| Untracked 
| 808|0x00000000b2800000, 0x00000000b2800000, 0x00000000b2900000|  0%| F|  |TAMS 0x00000000b2800000| PB 0x00000000b2800000| Untracked 
| 809|0x00000000b2900000, 0x00000000b2900000, 0x00000000b2a00000|  0%| F|  |TAMS 0x00000000b2900000| PB 0x00000000b2900000| Untracked 
| 810|0x00000000b2a00000, 0x00000000b2a00000, 0x00000000b2b00000|  0%| F|  |TAMS 0x00000000b2a00000| PB 0x00000000b2a00000| Untracked 
| 811|0x00000000b2b00000, 0x00000000b2b00000, 0x00000000b2c00000|  0%| F|  |TAMS 0x00000000b2b00000| PB 0x00000000b2b00000| Untracked 
| 812|0x00000000b2c00000, 0x00000000b2c00000, 0x00000000b2d00000|  0%| F|  |TAMS 0x00000000b2c00000| PB 0x00000000b2c00000| Untracked 
| 813|0x00000000b2d00000, 0x00000000b2d00000, 0x00000000b2e00000|  0%| F|  |TAMS 0x00000000b2d00000| PB 0x00000000b2d00000| Untracked 
| 814|0x00000000b2e00000, 0x00000000b2e00000, 0x00000000b2f00000|  0%| F|  |TAMS 0x00000000b2e00000| PB 0x00000000b2e00000| Untracked 
| 815|0x00000000b2f00000, 0x00000000b2f00000, 0x00000000b3000000|  0%| F|  |TAMS 0x00000000b2f00000| PB 0x00000000b2f00000| Untracked 
| 816|0x00000000b3000000, 0x00000000b3000000, 0x00000000b3100000|  0%| F|  |TAMS 0x00000000b3000000| PB 0x00000000b3000000| Untracked 
| 817|0x00000000b3100000, 0x00000000b3100000, 0x00000000b3200000|  0%| F|  |TAMS 0x00000000b3100000| PB 0x00000000b3100000| Untracked 
| 818|0x00000000b3200000, 0x00000000b3200000, 0x00000000b3300000|  0%| F|  |TAMS 0x00000000b3200000| PB 0x00000000b3200000| Untracked 
| 819|0x00000000b3300000, 0x00000000b3300000, 0x00000000b3400000|  0%| F|  |TAMS 0x00000000b3300000| PB 0x00000000b3300000| Untracked 
| 820|0x00000000b3400000, 0x00000000b3400000, 0x00000000b3500000|  0%| F|  |TAMS 0x00000000b3400000| PB 0x00000000b3400000| Untracked 
| 821|0x00000000b3500000, 0x00000000b3500000, 0x00000000b3600000|  0%| F|  |TAMS 0x00000000b3500000| PB 0x00000000b3500000| Untracked 
| 822|0x00000000b3600000, 0x00000000b3600000, 0x00000000b3700000|  0%| F|  |TAMS 0x00000000b3600000| PB 0x00000000b3600000| Untracked 
| 823|0x00000000b3700000, 0x00000000b3700000, 0x00000000b3800000|  0%| F|  |TAMS 0x00000000b3700000| PB 0x00000000b3700000| Untracked 
| 824|0x00000000b3800000, 0x00000000b3800000, 0x00000000b3900000|  0%| F|  |TAMS 0x00000000b3800000| PB 0x00000000b3800000| Untracked 
| 825|0x00000000b3900000, 0x00000000b3900000, 0x00000000b3a00000|  0%| F|  |TAMS 0x00000000b3900000| PB 0x00000000b3900000| Untracked 
| 826|0x00000000b3a00000, 0x00000000b3a00000, 0x00000000b3b00000|  0%| F|  |TAMS 0x00000000b3a00000| PB 0x00000000b3a00000| Untracked 
| 827|0x00000000b3b00000, 0x00000000b3b00000, 0x00000000b3c00000|  0%| F|  |TAMS 0x00000000b3b00000| PB 0x00000000b3b00000| Untracked 
| 828|0x00000000b3c00000, 0x00000000b3c00000, 0x00000000b3d00000|  0%| F|  |TAMS 0x00000000b3c00000| PB 0x00000000b3c00000| Untracked 
| 829|0x00000000b3d00000, 0x00000000b3d00000, 0x00000000b3e00000|  0%| F|  |TAMS 0x00000000b3d00000| PB 0x00000000b3d00000| Untracked 
| 830|0x00000000b3e00000, 0x00000000b3e00000, 0x00000000b3f00000|  0%| F|  |TAMS 0x00000000b3e00000| PB 0x00000000b3e00000| Untracked 
| 831|0x00000000b3f00000, 0x00000000b3f00000, 0x00000000b4000000|  0%| F|  |TAMS 0x00000000b3f00000| PB 0x00000000b3f00000| Untracked 
| 832|0x00000000b4000000, 0x00000000b4000000, 0x00000000b4100000|  0%| F|  |TAMS 0x00000000b4000000| PB 0x00000000b4000000| Untracked 
| 833|0x00000000b4100000, 0x00000000b4100000, 0x00000000b4200000|  0%| F|  |TAMS 0x00000000b4100000| PB 0x00000000b4100000| Untracked 
| 834|0x00000000b4200000, 0x00000000b4200000, 0x00000000b4300000|  0%| F|  |TAMS 0x00000000b4200000| PB 0x00000000b4200000| Untracked 
| 835|0x00000000b4300000, 0x00000000b4300000, 0x00000000b4400000|  0%| F|  |TAMS 0x00000000b4300000| PB 0x00000000b4300000| Untracked 
| 836|0x00000000b4400000, 0x00000000b4400000, 0x00000000b4500000|  0%| F|  |TAMS 0x00000000b4400000| PB 0x00000000b4400000| Untracked 
| 837|0x00000000b4500000, 0x00000000b4500000, 0x00000000b4600000|  0%| F|  |TAMS 0x00000000b4500000| PB 0x00000000b4500000| Untracked 
| 838|0x00000000b4600000, 0x00000000b4600000, 0x00000000b4700000|  0%| F|  |TAMS 0x00000000b4600000| PB 0x00000000b4600000| Untracked 
| 839|0x00000000b4700000, 0x00000000b4700000, 0x00000000b4800000|  0%| F|  |TAMS 0x00000000b4700000| PB 0x00000000b4700000| Untracked 
| 840|0x00000000b4800000, 0x00000000b4800000, 0x00000000b4900000|  0%| F|  |TAMS 0x00000000b4800000| PB 0x00000000b4800000| Untracked 
| 841|0x00000000b4900000, 0x00000000b4900000, 0x00000000b4a00000|  0%| F|  |TAMS 0x00000000b4900000| PB 0x00000000b4900000| Untracked 
| 842|0x00000000b4a00000, 0x00000000b4a00000, 0x00000000b4b00000|  0%| F|  |TAMS 0x00000000b4a00000| PB 0x00000000b4a00000| Untracked 
| 843|0x00000000b4b00000, 0x00000000b4b00000, 0x00000000b4c00000|  0%| F|  |TAMS 0x00000000b4b00000| PB 0x00000000b4b00000| Untracked 
| 844|0x00000000b4c00000, 0x00000000b4c00000, 0x00000000b4d00000|  0%| F|  |TAMS 0x00000000b4c00000| PB 0x00000000b4c00000| Untracked 
| 845|0x00000000b4d00000, 0x00000000b4d00000, 0x00000000b4e00000|  0%| F|  |TAMS 0x00000000b4d00000| PB 0x00000000b4d00000| Untracked 
| 846|0x00000000b4e00000, 0x00000000b4e00000, 0x00000000b4f00000|  0%| F|  |TAMS 0x00000000b4e00000| PB 0x00000000b4e00000| Untracked 
| 847|0x00000000b4f00000, 0x00000000b4f00000, 0x00000000b5000000|  0%| F|  |TAMS 0x00000000b4f00000| PB 0x00000000b4f00000| Untracked 
| 848|0x00000000b5000000, 0x00000000b5000000, 0x00000000b5100000|  0%| F|  |TAMS 0x00000000b5000000| PB 0x00000000b5000000| Untracked 
| 849|0x00000000b5100000, 0x00000000b5100000, 0x00000000b5200000|  0%| F|  |TAMS 0x00000000b5100000| PB 0x00000000b5100000| Untracked 
| 850|0x00000000b5200000, 0x00000000b5200000, 0x00000000b5300000|  0%| F|  |TAMS 0x00000000b5200000| PB 0x00000000b5200000| Untracked 
| 851|0x00000000b5300000, 0x00000000b5300000, 0x00000000b5400000|  0%| F|  |TAMS 0x00000000b5300000| PB 0x00000000b5300000| Untracked 
| 852|0x00000000b5400000, 0x00000000b5400000, 0x00000000b5500000|  0%| F|  |TAMS 0x00000000b5400000| PB 0x00000000b5400000| Untracked 
| 853|0x00000000b5500000, 0x00000000b5500000, 0x00000000b5600000|  0%| F|  |TAMS 0x00000000b5500000| PB 0x00000000b5500000| Untracked 
| 854|0x00000000b5600000, 0x00000000b5600000, 0x00000000b5700000|  0%| F|  |TAMS 0x00000000b5600000| PB 0x00000000b5600000| Untracked 
| 855|0x00000000b5700000, 0x00000000b5700000, 0x00000000b5800000|  0%| F|  |TAMS 0x00000000b5700000| PB 0x00000000b5700000| Untracked 
| 856|0x00000000b5800000, 0x00000000b5800000, 0x00000000b5900000|  0%| F|  |TAMS 0x00000000b5800000| PB 0x00000000b5800000| Untracked 
| 857|0x00000000b5900000, 0x00000000b5900000, 0x00000000b5a00000|  0%| F|  |TAMS 0x00000000b5900000| PB 0x00000000b5900000| Untracked 
| 858|0x00000000b5a00000, 0x00000000b5a00000, 0x00000000b5b00000|  0%| F|  |TAMS 0x00000000b5a00000| PB 0x00000000b5a00000| Untracked 
| 859|0x00000000b5b00000, 0x00000000b5b00000, 0x00000000b5c00000|  0%| F|  |TAMS 0x00000000b5b00000| PB 0x00000000b5b00000| Untracked 
| 860|0x00000000b5c00000, 0x00000000b5c00000, 0x00000000b5d00000|  0%| F|  |TAMS 0x00000000b5c00000| PB 0x00000000b5c00000| Untracked 
| 861|0x00000000b5d00000, 0x00000000b5d00000, 0x00000000b5e00000|  0%| F|  |TAMS 0x00000000b5d00000| PB 0x00000000b5d00000| Untracked 
| 862|0x00000000b5e00000, 0x00000000b5e00000, 0x00000000b5f00000|  0%| F|  |TAMS 0x00000000b5e00000| PB 0x00000000b5e00000| Untracked 
| 863|0x00000000b5f00000, 0x00000000b5f00000, 0x00000000b6000000|  0%| F|  |TAMS 0x00000000b5f00000| PB 0x00000000b5f00000| Untracked 
| 864|0x00000000b6000000, 0x00000000b6000000, 0x00000000b6100000|  0%| F|  |TAMS 0x00000000b6000000| PB 0x00000000b6000000| Untracked 
| 865|0x00000000b6100000, 0x00000000b6100000, 0x00000000b6200000|  0%| F|  |TAMS 0x00000000b6100000| PB 0x00000000b6100000| Untracked 
| 866|0x00000000b6200000, 0x00000000b6200000, 0x00000000b6300000|  0%| F|  |TAMS 0x00000000b6200000| PB 0x00000000b6200000| Untracked 
| 867|0x00000000b6300000, 0x00000000b6300000, 0x00000000b6400000|  0%| F|  |TAMS 0x00000000b6300000| PB 0x00000000b6300000| Untracked 
| 868|0x00000000b6400000, 0x00000000b6400000, 0x00000000b6500000|  0%| F|  |TAMS 0x00000000b6400000| PB 0x00000000b6400000| Untracked 
| 869|0x00000000b6500000, 0x00000000b6500000, 0x00000000b6600000|  0%| F|  |TAMS 0x00000000b6500000| PB 0x00000000b6500000| Untracked 
| 870|0x00000000b6600000, 0x00000000b6600000, 0x00000000b6700000|  0%| F|  |TAMS 0x00000000b6600000| PB 0x00000000b6600000| Untracked 
| 871|0x00000000b6700000, 0x00000000b6700000, 0x00000000b6800000|  0%| F|  |TAMS 0x00000000b6700000| PB 0x00000000b6700000| Untracked 
| 872|0x00000000b6800000, 0x00000000b6800000, 0x00000000b6900000|  0%| F|  |TAMS 0x00000000b6800000| PB 0x00000000b6800000| Untracked 
| 873|0x00000000b6900000, 0x00000000b6900000, 0x00000000b6a00000|  0%| F|  |TAMS 0x00000000b6900000| PB 0x00000000b6900000| Untracked 
| 874|0x00000000b6a00000, 0x00000000b6a00000, 0x00000000b6b00000|  0%| F|  |TAMS 0x00000000b6a00000| PB 0x00000000b6a00000| Untracked 
| 875|0x00000000b6b00000, 0x00000000b6b00000, 0x00000000b6c00000|  0%| F|  |TAMS 0x00000000b6b00000| PB 0x00000000b6b00000| Untracked 
| 876|0x00000000b6c00000, 0x00000000b6c00000, 0x00000000b6d00000|  0%| F|  |TAMS 0x00000000b6c00000| PB 0x00000000b6c00000| Untracked 
| 877|0x00000000b6d00000, 0x00000000b6d00000, 0x00000000b6e00000|  0%| F|  |TAMS 0x00000000b6d00000| PB 0x00000000b6d00000| Untracked 
| 878|0x00000000b6e00000, 0x00000000b6e00000, 0x00000000b6f00000|  0%| F|  |TAMS 0x00000000b6e00000| PB 0x00000000b6e00000| Untracked 
| 879|0x00000000b6f00000, 0x00000000b6f00000, 0x00000000b7000000|  0%| F|  |TAMS 0x00000000b6f00000| PB 0x00000000b6f00000| Untracked 
| 880|0x00000000b7000000, 0x00000000b7000000, 0x00000000b7100000|  0%| F|  |TAMS 0x00000000b7000000| PB 0x00000000b7000000| Untracked 
| 881|0x00000000b7100000, 0x00000000b7100000, 0x00000000b7200000|  0%| F|  |TAMS 0x00000000b7100000| PB 0x00000000b7100000| Untracked 
| 882|0x00000000b7200000, 0x00000000b7200000, 0x00000000b7300000|  0%| F|  |TAMS 0x00000000b7200000| PB 0x00000000b7200000| Untracked 
| 883|0x00000000b7300000, 0x00000000b7300000, 0x00000000b7400000|  0%| F|  |TAMS 0x00000000b7300000| PB 0x00000000b7300000| Untracked 
| 884|0x00000000b7400000, 0x00000000b7400000, 0x00000000b7500000|  0%| F|  |TAMS 0x00000000b7400000| PB 0x00000000b7400000| Untracked 
| 885|0x00000000b7500000, 0x00000000b7500000, 0x00000000b7600000|  0%| F|  |TAMS 0x00000000b7500000| PB 0x00000000b7500000| Untracked 
| 886|0x00000000b7600000, 0x00000000b7600000, 0x00000000b7700000|  0%| F|  |TAMS 0x00000000b7600000| PB 0x00000000b7600000| Untracked 
| 887|0x00000000b7700000, 0x00000000b7700000, 0x00000000b7800000|  0%| F|  |TAMS 0x00000000b7700000| PB 0x00000000b7700000| Untracked 
| 888|0x00000000b7800000, 0x00000000b7800000, 0x00000000b7900000|  0%| F|  |TAMS 0x00000000b7800000| PB 0x00000000b7800000| Untracked 
| 889|0x00000000b7900000, 0x00000000b7900000, 0x00000000b7a00000|  0%| F|  |TAMS 0x00000000b7900000| PB 0x00000000b7900000| Untracked 
| 890|0x00000000b7a00000, 0x00000000b7a00000, 0x00000000b7b00000|  0%| F|  |TAMS 0x00000000b7a00000| PB 0x00000000b7a00000| Untracked 
| 891|0x00000000b7b00000, 0x00000000b7b00000, 0x00000000b7c00000|  0%| F|  |TAMS 0x00000000b7b00000| PB 0x00000000b7b00000| Untracked 
| 892|0x00000000b7c00000, 0x00000000b7c00000, 0x00000000b7d00000|  0%| F|  |TAMS 0x00000000b7c00000| PB 0x00000000b7c00000| Untracked 
| 893|0x00000000b7d00000, 0x00000000b7d00000, 0x00000000b7e00000|  0%| F|  |TAMS 0x00000000b7d00000| PB 0x00000000b7d00000| Untracked 
| 894|0x00000000b7e00000, 0x00000000b7e00000, 0x00000000b7f00000|  0%| F|  |TAMS 0x00000000b7e00000| PB 0x00000000b7e00000| Untracked 
| 895|0x00000000b7f00000, 0x00000000b7f00000, 0x00000000b8000000|  0%| F|  |TAMS 0x00000000b7f00000| PB 0x00000000b7f00000| Untracked 
| 896|0x00000000b8000000, 0x00000000b8000000, 0x00000000b8100000|  0%| F|  |TAMS 0x00000000b8000000| PB 0x00000000b8000000| Untracked 
| 897|0x00000000b8100000, 0x00000000b8100000, 0x00000000b8200000|  0%| F|  |TAMS 0x00000000b8100000| PB 0x00000000b8100000| Untracked 
| 898|0x00000000b8200000, 0x00000000b8272a30, 0x00000000b8300000| 44%| E|  |TAMS 0x00000000b8200000| PB 0x00000000b8200000| Complete 
| 899|0x00000000b8300000, 0x00000000b8400000, 0x00000000b8400000|100%| E|CS|TAMS 0x00000000b8300000| PB 0x00000000b8300000| Complete 
| 900|0x00000000b8400000, 0x00000000b8500000, 0x00000000b8500000|100%| E|CS|TAMS 0x00000000b8400000| PB 0x00000000b8400000| Complete 
| 901|0x00000000b8500000, 0x00000000b8600000, 0x00000000b8600000|100%| E|CS|TAMS 0x00000000b8500000| PB 0x00000000b8500000| Complete 
| 902|0x00000000b8600000, 0x00000000b8700000, 0x00000000b8700000|100%| E|CS|TAMS 0x00000000b8600000| PB 0x00000000b8600000| Complete 
| 903|0x00000000b8700000, 0x00000000b8800000, 0x00000000b8800000|100%| E|CS|TAMS 0x00000000b8700000| PB 0x00000000b8700000| Complete 
| 904|0x00000000b8800000, 0x00000000b8900000, 0x00000000b8900000|100%| E|CS|TAMS 0x00000000b8800000| PB 0x00000000b8800000| Complete 
| 905|0x00000000b8900000, 0x00000000b8a00000, 0x00000000b8a00000|100%| E|CS|TAMS 0x00000000b8900000| PB 0x00000000b8900000| Complete 
| 906|0x00000000b8a00000, 0x00000000b8b00000, 0x00000000b8b00000|100%| E|CS|TAMS 0x00000000b8a00000| PB 0x00000000b8a00000| Complete 
| 907|0x00000000b8b00000, 0x00000000b8c00000, 0x00000000b8c00000|100%| E|CS|TAMS 0x00000000b8b00000| PB 0x00000000b8b00000| Complete 
| 908|0x00000000b8c00000, 0x00000000b8d00000, 0x00000000b8d00000|100%| E|CS|TAMS 0x00000000b8c00000| PB 0x00000000b8c00000| Complete 
| 909|0x00000000b8d00000, 0x00000000b8e00000, 0x00000000b8e00000|100%| E|CS|TAMS 0x00000000b8d00000| PB 0x00000000b8d00000| Complete 
| 910|0x00000000b8e00000, 0x00000000b8f00000, 0x00000000b8f00000|100%| E|CS|TAMS 0x00000000b8e00000| PB 0x00000000b8e00000| Complete 
| 911|0x00000000b8f00000, 0x00000000b9000000, 0x00000000b9000000|100%| E|CS|TAMS 0x00000000b8f00000| PB 0x00000000b8f00000| Complete 
| 912|0x00000000b9000000, 0x00000000b9100000, 0x00000000b9100000|100%| E|CS|TAMS 0x00000000b9000000| PB 0x00000000b9000000| Complete 
| 913|0x00000000b9100000, 0x00000000b9200000, 0x00000000b9200000|100%| E|CS|TAMS 0x00000000b9100000| PB 0x00000000b9100000| Complete 
| 914|0x00000000b9200000, 0x00000000b9300000, 0x00000000b9300000|100%| E|CS|TAMS 0x00000000b9200000| PB 0x00000000b9200000| Complete 
| 915|0x00000000b9300000, 0x00000000b9400000, 0x00000000b9400000|100%| E|CS|TAMS 0x00000000b9300000| PB 0x00000000b9300000| Complete 
| 916|0x00000000b9400000, 0x00000000b9500000, 0x00000000b9500000|100%| E|CS|TAMS 0x00000000b9400000| PB 0x00000000b9400000| Complete 
| 917|0x00000000b9500000, 0x00000000b9600000, 0x00000000b9600000|100%| E|CS|TAMS 0x00000000b9500000| PB 0x00000000b9500000| Complete 
| 918|0x00000000b9600000, 0x00000000b9700000, 0x00000000b9700000|100%| E|CS|TAMS 0x00000000b9600000| PB 0x00000000b9600000| Complete 
| 919|0x00000000b9700000, 0x00000000b9800000, 0x00000000b9800000|100%| E|CS|TAMS 0x00000000b9700000| PB 0x00000000b9700000| Complete 
| 920|0x00000000b9800000, 0x00000000b9900000, 0x00000000b9900000|100%| E|CS|TAMS 0x00000000b9800000| PB 0x00000000b9800000| Complete 
| 921|0x00000000b9900000, 0x00000000b9a00000, 0x00000000b9a00000|100%| E|CS|TAMS 0x00000000b9900000| PB 0x00000000b9900000| Complete 
| 922|0x00000000b9a00000, 0x00000000b9b00000, 0x00000000b9b00000|100%| E|CS|TAMS 0x00000000b9a00000| PB 0x00000000b9a00000| Complete 
| 923|0x00000000b9b00000, 0x00000000b9c00000, 0x00000000b9c00000|100%| E|CS|TAMS 0x00000000b9b00000| PB 0x00000000b9b00000| Complete 
| 924|0x00000000b9c00000, 0x00000000b9d00000, 0x00000000b9d00000|100%| E|CS|TAMS 0x00000000b9c00000| PB 0x00000000b9c00000| Complete 
| 925|0x00000000b9d00000, 0x00000000b9e00000, 0x00000000b9e00000|100%| E|CS|TAMS 0x00000000b9d00000| PB 0x00000000b9d00000| Complete 
| 926|0x00000000b9e00000, 0x00000000b9f00000, 0x00000000b9f00000|100%| E|CS|TAMS 0x00000000b9e00000| PB 0x00000000b9e00000| Complete 
| 927|0x00000000b9f00000, 0x00000000ba000000, 0x00000000ba000000|100%| E|CS|TAMS 0x00000000b9f00000| PB 0x00000000b9f00000| Complete 
| 928|0x00000000ba000000, 0x00000000ba100000, 0x00000000ba100000|100%| E|CS|TAMS 0x00000000ba000000| PB 0x00000000ba000000| Complete 
| 929|0x00000000ba100000, 0x00000000ba200000, 0x00000000ba200000|100%| E|CS|TAMS 0x00000000ba100000| PB 0x00000000ba100000| Complete 
| 930|0x00000000ba200000, 0x00000000ba300000, 0x00000000ba300000|100%| E|CS|TAMS 0x00000000ba200000| PB 0x00000000ba200000| Complete 
| 931|0x00000000ba300000, 0x00000000ba400000, 0x00000000ba400000|100%| E|CS|TAMS 0x00000000ba300000| PB 0x00000000ba300000| Complete 
| 932|0x00000000ba400000, 0x00000000ba500000, 0x00000000ba500000|100%| E|CS|TAMS 0x00000000ba400000| PB 0x00000000ba400000| Complete 
| 933|0x00000000ba500000, 0x00000000ba600000, 0x00000000ba600000|100%| E|  |TAMS 0x00000000ba500000| PB 0x00000000ba500000| Complete 
| 934|0x00000000ba600000, 0x00000000ba700000, 0x00000000ba700000|100%| E|CS|TAMS 0x00000000ba600000| PB 0x00000000ba600000| Complete 
| 935|0x00000000ba700000, 0x00000000ba800000, 0x00000000ba800000|100%| E|CS|TAMS 0x00000000ba700000| PB 0x00000000ba700000| Complete 
| 936|0x00000000ba800000, 0x00000000ba900000, 0x00000000ba900000|100%| E|CS|TAMS 0x00000000ba800000| PB 0x00000000ba800000| Complete 
|2039|0x00000000ff700000, 0x00000000ff800000, 0x00000000ff800000|100%| E|CS|TAMS 0x00000000ff700000| PB 0x00000000ff700000| Complete 
|2040|0x00000000ff800000, 0x00000000ff880000, 0x00000000ff900000| 50%| S|CS|TAMS 0x00000000ff800000| PB 0x00000000ff800000| Complete 
|2041|0x00000000ff900000, 0x00000000ffa00000, 0x00000000ffa00000|100%| S|CS|TAMS 0x00000000ff900000| PB 0x00000000ff900000| Complete 
|2042|0x00000000ffa00000, 0x00000000ffb00000, 0x00000000ffb00000|100%| O|  |TAMS 0x00000000ffa00000| PB 0x00000000ffa00000| Untracked 
|2043|0x00000000ffb00000, 0x00000000ffc00000, 0x00000000ffc00000|100%| O|  |TAMS 0x00000000ffb00000| PB 0x00000000ffb00000| Untracked 
|2044|0x00000000ffc00000, 0x00000000ffd00000, 0x00000000ffd00000|100%| O|  |TAMS 0x00000000ffc00000| PB 0x00000000ffc00000| Untracked 
|2045|0x00000000ffd00000, 0x00000000ffe00000, 0x00000000ffe00000|100%| S|CS|TAMS 0x00000000ffd00000| PB 0x00000000ffd00000| Complete 
|2046|0x00000000ffe00000, 0x00000000fff00000, 0x00000000fff00000|100%| O|  |TAMS 0x00000000ffe00000| PB 0x00000000ffe00000| Untracked 
|2047|0x00000000fff00000, 0x0000000100000000, 0x0000000100000000|100%| E|CS|TAMS 0x00000000fff00000| PB 0x00000000fff00000| Complete 

Card table byte_map: [0x0000028bb3690000,0x0000028bb3a90000] _byte_map_base: 0x0000028bb3290000

Marking Bits: (CMBitMap*) 0x0000028ba0915860
 Bits: [0x0000028bb3a90000, 0x0000028bb5a90000)

Polling page: 0x0000028b9e550000

Metaspace:

Usage:
  Non-class:    114.43 MB used.
      Class:     18.09 MB used.
       Both:    132.52 MB used.

Virtual space:
  Non-class space:      128.00 MB reserved,     115.50 MB ( 90%) committed,  2 nodes.
      Class space:        1.00 GB reserved,      19.19 MB (  2%) committed,  1 nodes.
             Both:        1.12 GB reserved,     134.69 MB ( 12%) committed. 

Chunk freelists:
   Non-Class:  11.62 MB
       Class:  12.66 MB
        Both:  24.29 MB

MaxMetaspaceSize: unlimited
CompressedClassSpaceSize: 1.00 GB
Initial GC threshold: 21.00 MB
Current GC threshold: 224.38 MB
CDS: off
 - commit_granule_bytes: 65536.
 - commit_granule_words: 8192.
 - virtual_space_node_default_size: 8388608.
 - enlarge_chunks_in_place: 1.
 - use_allocation_guard: 0.


Internal statistics:

num_allocs_failed_limit: 15.
num_arena_births: 4226.
num_arena_deaths: 86.
num_vsnodes_births: 3.
num_vsnodes_deaths: 0.
num_space_committed: 2154.
num_space_uncommitted: 0.
num_chunks_returned_to_freelist: 142.
num_chunks_taken_from_freelist: 9912.
num_chunk_merges: 64.
num_chunk_splits: 6581.
num_chunks_enlarged: 4347.
num_inconsistent_stats: 0.

CodeHeap 'non-profiled nmethods': size=119168Kb used=20145Kb max_used=20145Kb free=99022Kb
 bounds [0x0000028bab5b0000, 0x0000028bac9a0000, 0x0000028bb2a10000]
CodeHeap 'profiled nmethods': size=119104Kb used=33397Kb max_used=36835Kb free=85706Kb
 bounds [0x0000028ba3a10000, 0x0000028ba5ec0000, 0x0000028baae60000]
CodeHeap 'non-nmethods': size=7488Kb used=4884Kb max_used=5020Kb free=2603Kb
 bounds [0x0000028baae60000, 0x0000028bab350000, 0x0000028bab5b0000]
 total_blobs=18236 nmethods=17215 adapters=919
 compilation: enabled
              stopped_count=0, restarted_count=0
 full_count=0

Compilation events (20 events):
Event: 29.370 Thread 0x0000028bb8c72a90 nmethod 25220 0x0000028bab6e8510 code [0x0000028bab6e86a0, 0x0000028bab6e8750]
Event: 29.370 Thread 0x0000028bb8dfc380 nmethod 25219 0x0000028bab6fd610 code [0x0000028bab6fd7a0, 0x0000028bab6fd850]
Event: 29.370 Thread 0x0000028bb8e2bcb0 nmethod 25221 0x0000028ba3afec10 code [0x0000028ba3afee00, 0x0000028ba3aff130]
Event: 29.370 Thread 0x0000028bb8e2bcb0 25223       3       com.android.tools.r8.internal.Ux$$Lambda/0x00000001012fd6b8::apply (10 bytes)
Event: 29.370 Thread 0x0000028bb8e2bcb0 nmethod 25223 0x0000028ba3fee710 code [0x0000028ba3fee8c0, 0x0000028ba3feeb88]
Event: 29.371 Thread 0x0000028bc130e600 25191 %     4       com.android.tools.r8.internal.cB::a @ 988 (3868 bytes)
Event: 29.374 Thread 0x0000028bb8e2c350 25224 % !   3       com.android.tools.r8.internal.Nr0::forEach @ 7 (123 bytes)
Event: 29.376 Thread 0x0000028bb8e2c350 nmethod 25224% 0x0000028ba3a3bf10 code [0x0000028ba3a3c200, 0x0000028ba3a3d2f0]
Event: 29.378 Thread 0x0000028bc1311c80 nmethod 25120 0x0000028bac97ec90 code [0x0000028bac97f240, 0x0000028bac9830b0]
Event: 29.380 Thread 0x0000028bc1311c80 25204       4       com.android.tools.r8.ir.optimize.y::a (165 bytes)
Event: 29.386 Thread 0x0000028bc1311c80 nmethod 25204 0x0000028bab7baf10 code [0x0000028bab7bb160, 0x0000028bab7bb6b0]
Event: 29.387 Thread 0x0000028bc1311c80 25211       4       com.android.tools.r8.internal.zw0::B (10 bytes)
Event: 29.388 Thread 0x0000028bc1311c80 nmethod 25211 0x0000028bab751b90 code [0x0000028bab751d20, 0x0000028bab751dc8]
Event: 29.388 Thread 0x0000028bc1311c80 24935       4       com.android.tools.r8.graph.i4::a (50 bytes)
Event: 29.389 Thread 0x0000028bb8c72a90 25226       2       com.android.tools.r8.internal.Vo$$Lambda/0x00000001012f4900::applyAsInt (8 bytes)
Event: 29.389 Thread 0x0000028bb8dfc380 25225       2       com.android.tools.r8.internal.Vo$$Lambda/0x00000001012f46d0::applyAsInt (8 bytes)
Event: 29.390 Thread 0x0000028bb8c72a90 nmethod 25226 0x0000028ba3d92f90 code [0x0000028ba3d93120, 0x0000028ba3d93268]
Event: 29.390 Thread 0x0000028bb8dfc380 nmethod 25225 0x0000028ba3de2810 code [0x0000028ba3de29a0, 0x0000028ba3de2ae8]
Event: 29.391 Thread 0x0000028bb8e2bcb0 25227       3       com.android.tools.r8.graph.J3::<init> (35 bytes)
Event: 29.392 Thread 0x0000028bb8e2bcb0 nmethod 25227 0x0000028ba3b74990 code [0x0000028ba3b74ba0, 0x0000028ba3b75270]

GC Heap History (20 events):
Event: 20.738 GC heap after
{Heap after GC invocations=74 (full 0):
 garbage-first heap   total 686080K, used 228377K [0x0000000080000000, 0x0000000100000000)
  region size 1024K, 17 young (17408K), 17 survivors (17408K)
 Metaspace       used 135196K, committed 137344K, reserved 1179648K
  class space    used 18499K, committed 19584K, reserved 1048576K
}
Event: 25.323 GC heap before
{Heap before GC invocations=74 (full 0):
 garbage-first heap   total 686080K, used 622617K [0x0000000080000000, 0x0000000100000000)
  region size 1024K, 402 young (411648K), 17 survivors (17408K)
 Metaspace       used 135243K, committed 137408K, reserved 1179648K
  class space    used 18500K, committed 19584K, reserved 1048576K
}
Event: 25.336 GC heap after
{Heap after GC invocations=75 (full 0):
 garbage-first heap   total 686080K, used 230400K [0x0000000080000000, 0x0000000100000000)
  region size 1024K, 18 young (18432K), 18 survivors (18432K)
 Metaspace       used 135243K, committed 137408K, reserved 1179648K
  class space    used 18500K, committed 19584K, reserved 1048576K
}
Event: 25.789 GC heap before
{Heap before GC invocations=76 (full 0):
 garbage-first heap   total 686080K, used 623616K [0x0000000080000000, 0x0000000100000000)
  region size 1024K, 402 young (411648K), 18 survivors (18432K)
 Metaspace       used 135285K, committed 137408K, reserved 1179648K
  class space    used 18500K, committed 19584K, reserved 1048576K
}
Event: 25.801 GC heap after
{Heap after GC invocations=77 (full 0):
 garbage-first heap   total 686080K, used 234255K [0x0000000080000000, 0x0000000100000000)
  region size 1024K, 20 young (20480K), 20 survivors (20480K)
 Metaspace       used 135285K, committed 137408K, reserved 1179648K
  class space    used 18500K, committed 19584K, reserved 1048576K
}
Event: 26.137 GC heap before
{Heap before GC invocations=77 (full 0):
 garbage-first heap   total 686080K, used 625423K [0x0000000080000000, 0x0000000100000000)
  region size 1024K, 402 young (411648K), 20 survivors (20480K)
 Metaspace       used 135315K, committed 137472K, reserved 1179648K
  class space    used 18502K, committed 19584K, reserved 1048576K
}
Event: 26.150 GC heap after
{Heap after GC invocations=78 (full 0):
 garbage-first heap   total 686080K, used 226789K [0x0000000080000000, 0x0000000100000000)
  region size 1024K, 21 young (21504K), 21 survivors (21504K)
 Metaspace       used 135315K, committed 137472K, reserved 1179648K
  class space    used 18502K, committed 19584K, reserved 1048576K
}
Event: 26.468 GC heap before
{Heap before GC invocations=78 (full 0):
 garbage-first heap   total 686080K, used 616933K [0x0000000080000000, 0x0000000100000000)
  region size 1024K, 402 young (411648K), 21 survivors (21504K)
 Metaspace       used 135343K, committed 137472K, reserved 1179648K
  class space    used 18504K, committed 19584K, reserved 1048576K
}
Event: 26.480 GC heap after
{Heap after GC invocations=79 (full 0):
 garbage-first heap   total 686080K, used 227931K [0x0000000080000000, 0x0000000100000000)
  region size 1024K, 21 young (21504K), 21 survivors (21504K)
 Metaspace       used 135343K, committed 137472K, reserved 1179648K
  class space    used 18504K, committed 19584K, reserved 1048576K
}
Event: 27.222 GC heap before
{Heap before GC invocations=79 (full 0):
 garbage-first heap   total 686080K, used 619099K [0x0000000080000000, 0x0000000100000000)
  region size 1024K, 402 young (411648K), 21 survivors (21504K)
 Metaspace       used 135501K, committed 137792K, reserved 1179648K
  class space    used 18507K, committed 19648K, reserved 1048576K
}
Event: 27.242 GC heap after
{Heap after GC invocations=80 (full 0):
 garbage-first heap   total 686080K, used 241665K [0x0000000080000000, 0x0000000100000000)
  region size 1024K, 34 young (34816K), 34 survivors (34816K)
 Metaspace       used 135501K, committed 137792K, reserved 1179648K
  class space    used 18507K, committed 19648K, reserved 1048576K
}
Event: 27.879 GC heap before
{Heap before GC invocations=80 (full 0):
 garbage-first heap   total 686080K, used 617473K [0x0000000080000000, 0x0000000100000000)
  region size 1024K, 399 young (408576K), 34 survivors (34816K)
 Metaspace       used 135572K, committed 137856K, reserved 1179648K
  class space    used 18512K, committed 19648K, reserved 1048576K
}
Event: 27.909 GC heap after
{Heap after GC invocations=81 (full 0):
 garbage-first heap   total 686080K, used 259490K [0x0000000080000000, 0x0000000100000000)
  region size 1024K, 46 young (47104K), 46 survivors (47104K)
 Metaspace       used 135572K, committed 137856K, reserved 1179648K
  class space    used 18512K, committed 19648K, reserved 1048576K
}
Event: 28.173 GC heap before
{Heap before GC invocations=81 (full 0):
 garbage-first heap   total 686080K, used 602530K [0x0000000080000000, 0x0000000100000000)
  region size 1024K, 382 young (391168K), 46 survivors (47104K)
 Metaspace       used 135589K, committed 137856K, reserved 1179648K
  class space    used 18512K, committed 19648K, reserved 1048576K
}
Event: 28.193 GC heap after
{Heap after GC invocations=82 (full 0):
 garbage-first heap   total 686080K, used 265264K [0x0000000080000000, 0x0000000100000000)
  region size 1024K, 15 young (15360K), 15 survivors (15360K)
 Metaspace       used 135589K, committed 137856K, reserved 1179648K
  class space    used 18512K, committed 19648K, reserved 1048576K
}
Event: 28.536 GC heap before
{Heap before GC invocations=83 (full 0):
 garbage-first heap   total 686080K, used 633904K [0x0000000080000000, 0x0000000100000000)
  region size 1024K, 376 young (385024K), 15 survivors (15360K)
 Metaspace       used 135599K, committed 137856K, reserved 1179648K
  class space    used 18512K, committed 19648K, reserved 1048576K
}
Event: 28.550 GC heap after
{Heap after GC invocations=84 (full 0):
 garbage-first heap   total 686080K, used 270384K [0x0000000080000000, 0x0000000100000000)
  region size 1024K, 20 young (20480K), 20 survivors (20480K)
 Metaspace       used 135599K, committed 137856K, reserved 1179648K
  class space    used 18512K, committed 19648K, reserved 1048576K
}
Event: 28.764 GC heap before
{Heap before GC invocations=84 (full 0):
 garbage-first heap   total 686080K, used 628784K [0x0000000080000000, 0x0000000100000000)
  region size 1024K, 371 young (379904K), 20 survivors (20480K)
 Metaspace       used 135617K, committed 137856K, reserved 1179648K
  class space    used 18516K, committed 19648K, reserved 1048576K
}
Event: 28.789 GC heap after
{Heap after GC invocations=85 (full 0):
 garbage-first heap   total 968704K, used 241578K [0x0000000080000000, 0x0000000100000000)
  region size 1024K, 29 young (29696K), 29 survivors (29696K)
 Metaspace       used 135617K, committed 137856K, reserved 1179648K
  class space    used 18516K, committed 19648K, reserved 1048576K
}
Event: 29.411 GC heap before
{Heap before GC invocations=85 (full 0):
 garbage-first heap   total 968704K, used 793514K [0x0000000080000000, 0x0000000100000000)
  region size 1024K, 567 young (580608K), 29 survivors (29696K)
 Metaspace       used 135695K, committed 137920K, reserved 1179648K
  class space    used 18522K, committed 19648K, reserved 1048576K
}

Dll operation events (3 events):
Event: 0.007 Loaded shared library D:\Android Studio\jbr\bin\java.dll
Event: 0.011 Loaded shared library D:\Android Studio\jbr\bin\zip.dll
Event: 0.383 Loaded shared library D:\Android Studio\jbr\bin\verify.dll

Deoptimization events (20 events):
Event: 29.296 Thread 0x0000028bc11fec70 DEOPT PACKING pc=0x0000028ba58d7ca0 sp=0x00000093bfefa870
Event: 29.296 Thread 0x0000028bc11fec70 DEOPT UNPACKING pc=0x0000028baaeb88e2 sp=0x00000093bfef9f88 mode 0
Event: 29.302 Thread 0x0000028bc11fe5e0 DEOPT PACKING pc=0x0000028ba3dbdc04 sp=0x00000093bfcfa850
Event: 29.302 Thread 0x0000028bc11fe5e0 DEOPT UNPACKING pc=0x0000028baaeb88e2 sp=0x00000093bfcf9f78 mode 0
Event: 29.309 Thread 0x0000028bc11fec70 DEOPT PACKING pc=0x0000028ba58d88e3 sp=0x00000093bfefa870
Event: 29.309 Thread 0x0000028bc11fec70 DEOPT UNPACKING pc=0x0000028baaeb88e2 sp=0x00000093bfef9f80 mode 0
Event: 29.320 Thread 0x0000028bc11fe5e0 DEOPT PACKING pc=0x0000028ba3dbebf3 sp=0x00000093bfcfa830
Event: 29.320 Thread 0x0000028bc11fe5e0 DEOPT UNPACKING pc=0x0000028baaeb88e2 sp=0x00000093bfcf9f58 mode 0
Event: 29.330 Thread 0x0000028bcafc2e90 DEOPT PACKING pc=0x0000028ba5eaf379 sp=0x00000093c06fa2d0
Event: 29.330 Thread 0x0000028bcafc2e90 DEOPT UNPACKING pc=0x0000028baaeb88e2 sp=0x00000093c06f9b00 mode 0
Event: 29.351 Thread 0x0000028bc4e25a90 DEOPT PACKING pc=0x0000028ba3dbdbe3 sp=0x00000093c14fa5e0
Event: 29.351 Thread 0x0000028bc4e25a90 DEOPT UNPACKING pc=0x0000028baaeb88e2 sp=0x00000093c14f9d08 mode 0
Event: 29.365 Thread 0x0000028bc11fec70 DEOPT PACKING pc=0x0000028ba58d88e3 sp=0x00000093bfefa870
Event: 29.365 Thread 0x0000028bc11fec70 DEOPT UNPACKING pc=0x0000028baaeb88e2 sp=0x00000093bfef9f80 mode 0
Event: 29.365 Thread 0x0000028bc4e25a90 DEOPT PACKING pc=0x0000028ba3dbdbe3 sp=0x00000093c14fa5e0
Event: 29.365 Thread 0x0000028bc4e25a90 DEOPT UNPACKING pc=0x0000028baaeb88e2 sp=0x00000093c14f9d08 mode 0
Event: 29.378 Thread 0x0000028bcafc3520 DEOPT PACKING pc=0x0000028ba58d88e3 sp=0x00000093c04fa2d0
Event: 29.378 Thread 0x0000028bcafc3520 DEOPT UNPACKING pc=0x0000028baaeb88e2 sp=0x00000093c04f99e0 mode 0
Event: 29.381 Thread 0x0000028bc11fec70 DEOPT PACKING pc=0x0000028ba5eafdf2 sp=0x00000093bfefab20
Event: 29.381 Thread 0x0000028bc11fec70 DEOPT UNPACKING pc=0x0000028baaeb88e2 sp=0x00000093bfefa350 mode 0

Classes loaded (20 events):
Event: 12.272 Loading class java/util/PriorityQueue
Event: 12.273 Loading class java/util/PriorityQueue done
Event: 12.282 Loading class java/util/IdentityHashMap$ValueIterator
Event: 12.283 Loading class java/util/IdentityHashMap$ValueIterator done
Event: 13.081 Loading class java/util/concurrent/ConcurrentHashMap$TreeNode
Event: 13.082 Loading class java/util/concurrent/ConcurrentHashMap$TreeNode done
Event: 13.082 Loading class java/util/concurrent/ConcurrentHashMap$TreeBin
Event: 13.082 Loading class java/util/concurrent/ConcurrentHashMap$TreeBin done
Event: 17.264 Loading class java/nio/ShortBuffer
Event: 17.265 Loading class java/nio/ShortBuffer done
Event: 17.902 Loading class java/nio/ByteBufferAsShortBufferL
Event: 17.902 Loading class java/nio/ByteBufferAsShortBufferL done
Event: 18.222 Loading class java/util/zip/Adler32
Event: 18.223 Loading class java/util/zip/Adler32 done
Event: 18.233 Loading class java/nio/file/Files$2
Event: 18.233 Loading class java/nio/file/Files$2 done
Event: 18.784 Loading class java/nio/file/StandardCopyOption
Event: 18.784 Loading class java/nio/file/StandardCopyOption done
Event: 18.785 Loading class sun/nio/fs/WindowsFileCopy
Event: 18.786 Loading class sun/nio/fs/WindowsFileCopy done

Classes unloaded (20 events):
Event: 15.290 Thread 0x0000028bb8bed720 Unloading class 0x0000000101125000 'java/lang/invoke/LambdaForm$DMH+0x0000000101125000'
Event: 15.290 Thread 0x0000028bb8bed720 Unloading class 0x0000000101124c00 'java/lang/invoke/LambdaForm$DMH+0x0000000101124c00'
Event: 15.290 Thread 0x0000028bb8bed720 Unloading class 0x0000000101124800 'java/lang/invoke/LambdaForm$DMH+0x0000000101124800'
Event: 15.290 Thread 0x0000028bb8bed720 Unloading class 0x0000000101124400 'java/lang/invoke/LambdaForm$DMH+0x0000000101124400'
Event: 15.290 Thread 0x0000028bb8bed720 Unloading class 0x0000000101124000 'java/lang/invoke/LambdaForm$DMH+0x0000000101124000'
Event: 15.290 Thread 0x0000028bb8bed720 Unloading class 0x0000000101119c00 'java/lang/invoke/LambdaForm$DMH+0x0000000101119c00'
Event: 15.290 Thread 0x0000028bb8bed720 Unloading class 0x000000010111a400 'java/lang/invoke/LambdaForm$DMH+0x000000010111a400'
Event: 15.290 Thread 0x0000028bb8bed720 Unloading class 0x000000010111a000 'java/lang/invoke/LambdaForm$DMH+0x000000010111a000'
Event: 15.290 Thread 0x0000028bb8bed720 Unloading class 0x0000000101119800 'java/lang/invoke/LambdaForm$DMH+0x0000000101119800'
Event: 15.290 Thread 0x0000028bb8bed720 Unloading class 0x0000000101119400 'java/lang/invoke/LambdaForm$DMH+0x0000000101119400'
Event: 15.290 Thread 0x0000028bb8bed720 Unloading class 0x0000000101118c00 'java/lang/invoke/LambdaForm$DMH+0x0000000101118c00'
Event: 15.290 Thread 0x0000028bb8bed720 Unloading class 0x0000000101118800 'java/lang/invoke/LambdaForm$DMH+0x0000000101118800'
Event: 15.290 Thread 0x0000028bb8bed720 Unloading class 0x0000000101119000 'java/lang/invoke/LambdaForm$DMH+0x0000000101119000'
Event: 16.652 Thread 0x0000028bb8bed720 Unloading class 0x00000001012b1400 'java/lang/invoke/LambdaForm$DMH+0x00000001012b1400'
Event: 16.652 Thread 0x0000028bb8bed720 Unloading class 0x00000001012b0c00 'java/lang/invoke/LambdaForm$DMH+0x00000001012b0c00'
Event: 16.652 Thread 0x0000028bb8bed720 Unloading class 0x00000001012b0400 'java/lang/invoke/LambdaForm$DMH+0x00000001012b0400'
Event: 16.652 Thread 0x0000028bb8bed720 Unloading class 0x0000000101284c00 'java/lang/invoke/LambdaForm$DMH+0x0000000101284c00'
Event: 16.652 Thread 0x0000028bb8bed720 Unloading class 0x0000000101284800 'java/lang/invoke/LambdaForm$DMH+0x0000000101284800'
Event: 16.652 Thread 0x0000028bb8bed720 Unloading class 0x0000000101284400 'java/lang/invoke/LambdaForm$DMH+0x0000000101284400'
Event: 16.652 Thread 0x0000028bb8bed720 Unloading class 0x00000001011fc400 'java/lang/invoke/LambdaForm$DMH+0x00000001011fc400'

Classes redefined (0 events):
No events

Internal exceptions (20 events):
Event: 27.549 Thread 0x0000028bcafc55f0 Exception <a 'sun/nio/fs/WindowsException'{0x000000009d75d0e8}> (0x000000009d75d0e8) 
thrown [s\src\hotspot\share\prims\jni.cpp, line 535]
Event: 27.552 Thread 0x0000028bcafc5c80 Exception <a 'java/lang/NoSuchMethodError'{0x000000009cf17f90}: 'void java.lang.invoke.DirectMethodHandle$Holder.invokeSpecial(java.lang.Object, java.lang.Object, java.lang.Object, java.lang.Object, java.lang.Object, java.lang.Object, java.lang.Object, java.lang.Object, java.lang.Object, java.lang.Object)'> (0x000000009cf17f90) 
thrown [s\src\hotspot\share\interpreter\linkResolver.cpp, line 784]
Event: 27.572 Thread 0x0000028bca46fc20 Exception <a 'sun/nio/fs/WindowsException'{0x000000009c4dd970}> (0x000000009c4dd970) 
thrown [s\src\hotspot\share\prims\jni.cpp, line 535]
Event: 27.644 Thread 0x0000028bcafc3520 Exception <a 'sun/nio/fs/WindowsException'{0x00000000a0503df8}> (0x00000000a0503df8) 
thrown [s\src\hotspot\share\prims\jni.cpp, line 535]
Event: 27.753 Thread 0x0000028bcafc4240 Exception <a 'sun/nio/fs/WindowsException'{0x00000000974baf68}> (0x00000000974baf68) 
thrown [s\src\hotspot\share\prims\jni.cpp, line 535]
Event: 27.966 Thread 0x0000028bcafc00a0 Exception <a 'sun/nio/fs/WindowsException'{0x00000000a688cac8}> (0x00000000a688cac8) 
thrown [s\src\hotspot\share\prims\jni.cpp, line 535]
Event: 28.096 Thread 0x0000028bc12006b0 Exception <a 'sun/nio/fs/WindowsException'{0x000000009d3c14c8}> (0x000000009d3c14c8) 
thrown [s\src\hotspot\share\prims\jni.cpp, line 535]
Event: 28.155 Thread 0x0000028bcafc3520 Exception <a 'sun/nio/fs/WindowsException'{0x00000000951c9d50}> (0x00000000951c9d50) 
thrown [s\src\hotspot\share\prims\jni.cpp, line 535]
Event: 28.155 Thread 0x0000028bcafc55f0 Implicit null exception at 0x0000028bac09cfd9 to 0x0000028bac09d468
Event: 28.250 Thread 0x0000028bcafc55f0 Exception <a 'sun/nio/fs/WindowsException'{0x00000000a94dce98}> (0x00000000a94dce98) 
thrown [s\src\hotspot\share\prims\jni.cpp, line 535]
Event: 28.599 Thread 0x0000028bcafc00a0 Exception <a 'sun/nio/fs/WindowsException'{0x00000000a5030eb0}> (0x00000000a5030eb0) 
thrown [s\src\hotspot\share\prims\jni.cpp, line 535]
Event: 28.648 Thread 0x0000028bc12006b0 Exception <a 'sun/nio/fs/WindowsException'{0x00000000a4bd2ad0}> (0x00000000a4bd2ad0) 
thrown [s\src\hotspot\share\prims\jni.cpp, line 535]
Event: 28.997 Thread 0x0000028bc12006b0 Exception <a 'sun/nio/fs/WindowsException'{0x00000000ae68be28}> (0x00000000ae68be28) 
thrown [s\src\hotspot\share\prims\jni.cpp, line 535]
Event: 29.037 Thread 0x0000028bc12013d0 Exception <a 'sun/nio/fs/WindowsException'{0x00000000ac5d2a40}> (0x00000000ac5d2a40) 
thrown [s\src\hotspot\share\prims\jni.cpp, line 535]
Event: 29.065 Thread 0x0000028bcafc5c80 Exception <a 'sun/nio/fs/WindowsException'{0x00000000ac2d9000}> (0x00000000ac2d9000) 
thrown [s\src\hotspot\share\prims\jni.cpp, line 535]
Event: 29.073 Thread 0x0000028bcafc69a0 Exception <a 'sun/nio/fs/WindowsException'{0x00000000aba82060}> (0x00000000aba82060) 
thrown [s\src\hotspot\share\prims\jni.cpp, line 535]
Event: 29.141 Thread 0x0000028bcafc00a0 Exception <a 'sun/nio/fs/WindowsException'{0x00000000a74a4450}> (0x00000000a74a4450) 
thrown [s\src\hotspot\share\prims\jni.cpp, line 535]
Event: 29.212 Thread 0x0000028bcafc55f0 Exception <a 'sun/nio/fs/WindowsException'{0x00000000a4ca30f8}> (0x00000000a4ca30f8) 
thrown [s\src\hotspot\share\prims\jni.cpp, line 535]
Event: 29.274 Thread 0x0000028bc12006b0 Exception <a 'sun/nio/fs/WindowsException'{0x00000000a19eba00}> (0x00000000a19eba00) 
thrown [s\src\hotspot\share\prims\jni.cpp, line 535]
Event: 29.379 Thread 0x0000028bcafc55f0 Exception <a 'sun/nio/fs/WindowsException'{0x0000000099d18750}> (0x0000000099d18750) 
thrown [s\src\hotspot\share\prims\jni.cpp, line 535]

ZGC Phase Switch (0 events):
No events

VM Operations (20 events):
Event: 27.242 Executing VM operation: G1CollectForAllocation (G1 Evacuation Pause) done
Event: 27.531 Executing VM operation: ICBufferFull
Event: 27.532 Executing VM operation: ICBufferFull done
Event: 27.877 Executing VM operation: G1CollectForAllocation (G1 Evacuation Pause)
Event: 27.909 Executing VM operation: G1CollectForAllocation (G1 Evacuation Pause) done
Event: 28.168 Executing VM operation: G1CollectForAllocation (G1 Evacuation Pause)
Event: 28.194 Executing VM operation: G1CollectForAllocation (G1 Evacuation Pause) done
Event: 28.368 Executing VM operation: G1PauseRemark
Event: 28.399 Executing VM operation: G1PauseRemark done
Event: 28.505 Executing VM operation: G1PauseCleanup
Event: 28.509 Executing VM operation: G1PauseCleanup done
Event: 28.536 Executing VM operation: G1CollectForAllocation (G1 Evacuation Pause)
Event: 28.550 Executing VM operation: G1CollectForAllocation (G1 Evacuation Pause) done
Event: 28.763 Executing VM operation: G1CollectForAllocation (G1 Evacuation Pause)
Event: 28.789 Executing VM operation: G1CollectForAllocation (G1 Evacuation Pause) done
Event: 28.920 Executing VM operation: HandshakeAllThreads (Deoptimize)
Event: 28.959 Executing VM operation: HandshakeAllThreads (Deoptimize) done
Event: 29.159 Executing VM operation: ICBufferFull
Event: 29.177 Executing VM operation: ICBufferFull done
Event: 29.392 Executing VM operation: G1CollectForAllocation (G1 Evacuation Pause)

Memory protections (0 events):
No events

Nmethod flushes (20 events):
Event: 28.397 Thread 0x0000028bb8bed720 flushing  nmethod 0x0000028ba566d810
Event: 28.397 Thread 0x0000028bb8bed720 flushing  nmethod 0x0000028ba56ad190
Event: 28.397 Thread 0x0000028bb8bed720 flushing  nmethod 0x0000028ba56ad590
Event: 28.397 Thread 0x0000028bb8bed720 flushing  nmethod 0x0000028ba56b0e90
Event: 28.397 Thread 0x0000028bb8bed720 flushing  nmethod 0x0000028ba56b1c10
Event: 28.397 Thread 0x0000028bb8bed720 flushing  nmethod 0x0000028ba574ba90
Event: 28.397 Thread 0x0000028bb8bed720 flushing  nmethod 0x0000028ba574dc90
Event: 28.397 Thread 0x0000028bb8bed720 flushing  nmethod 0x0000028ba5755f90
Event: 28.397 Thread 0x0000028bb8bed720 flushing  nmethod 0x0000028ba58b9510
Event: 28.397 Thread 0x0000028bb8bed720 flushing  nmethod 0x0000028ba58c0290
Event: 28.397 Thread 0x0000028bb8bed720 flushing  nmethod 0x0000028ba59e1910
Event: 28.397 Thread 0x0000028bb8bed720 flushing  nmethod 0x0000028ba5a3c490
Event: 28.397 Thread 0x0000028bb8bed720 flushing  nmethod 0x0000028ba5ae6890
Event: 28.397 Thread 0x0000028bb8bed720 flushing  nmethod 0x0000028ba5af7090
Event: 28.397 Thread 0x0000028bb8bed720 flushing  nmethod 0x0000028ba5af7410
Event: 28.397 Thread 0x0000028bb8bed720 flushing  nmethod 0x0000028ba5b89f10
Event: 28.397 Thread 0x0000028bb8bed720 flushing  nmethod 0x0000028ba5bff110
Event: 28.397 Thread 0x0000028bb8bed720 flushing  nmethod 0x0000028ba5cd2290
Event: 28.397 Thread 0x0000028bb8bed720 flushing  nmethod 0x0000028ba5cd3210
Event: 28.397 Thread 0x0000028bb8bed720 flushing  nmethod 0x0000028ba5d3da90

Events (20 events):
Event: 9.723 Thread 0x0000028bca46ba80 Thread added: 0x0000028bca45b6b0
Event: 9.790 Thread 0x0000028bca46ba80 Thread added: 0x0000028bca45eb30
Event: 9.790 Thread 0x0000028bca46ba80 Thread added: 0x0000028bca45f1c0
Event: 9.790 Thread 0x0000028bca46ba80 Thread added: 0x0000028bca45bd40
Event: 9.790 Thread 0x0000028bca46ba80 Thread added: 0x0000028bca461fb0
Event: 9.790 Thread 0x0000028bca46ba80 Thread added: 0x0000028bca460570
Event: 9.790 Thread 0x0000028bca46ba80 Thread added: 0x0000028bca460c00
Event: 9.791 Thread 0x0000028bca46ba80 Thread added: 0x0000028bca45f850
Event: 10.159 Thread 0x0000028bc1310810 Thread exited: 0x0000028bc1310810
Event: 10.159 Thread 0x0000028bc073b840 Thread exited: 0x0000028bc073b840
Event: 10.162 Thread 0x0000028bc34fab90 Thread exited: 0x0000028bc34fab90
Event: 10.163 Thread 0x0000028bb916e070 Thread exited: 0x0000028bb916e070
Event: 10.369 Thread 0x0000028bca46ba80 Thread added: 0x0000028bca762ca0
Event: 10.386 Thread 0x0000028bb8e2c350 Thread added: 0x0000028bc13115b0
Event: 10.390 Thread 0x0000028bb8dfc380 Thread added: 0x0000028bc130df30
Event: 10.395 Thread 0x0000028bc130df30 Thread added: 0x0000028bc130e600
Event: 10.414 Thread 0x0000028bb8c72a90 Thread added: 0x0000028bc1311c80
Event: 10.444 Thread 0x0000028bc13115b0 Thread added: 0x0000028bc1312a20
Event: 11.116 Thread 0x0000028bc130e600 Thread added: 0x0000028bc1314c30
Event: 11.116 Thread 0x0000028bc130e600 Thread added: 0x0000028bc13130f0


Dynamic libraries:
0x00007ff74a2b0000 - 0x00007ff74a2ba000 	D:\Android Studio\jbr\bin\java.exe
0x00007ff9d5340000 - 0x00007ff9d55a8000 	C:\WINDOWS\SYSTEM32\ntdll.dll
0x00007ff9d4ad0000 - 0x00007ff9d4b99000 	C:\WINDOWS\System32\KERNEL32.DLL
0x00007ff9d2cf0000 - 0x00007ff9d30dd000 	C:\WINDOWS\System32\KERNELBASE.dll
0x00007ff9d2b70000 - 0x00007ff9d2cbb000 	C:\WINDOWS\System32\ucrtbase.dll
0x00007ff9cafd0000 - 0x00007ff9cafeb000 	D:\Android Studio\jbr\bin\VCRUNTIME140.dll
0x00007ff9c3270000 - 0x00007ff9c3288000 	D:\Android Studio\jbr\bin\jli.dll
0x00007ff9d33f0000 - 0x00007ff9d35bc000 	C:\WINDOWS\System32\USER32.dll
0x00007ff9d2cc0000 - 0x00007ff9d2ce7000 	C:\WINDOWS\System32\win32u.dll
0x00007ff9bb050000 - 0x00007ff9bb2ea000 	C:\WINDOWS\WinSxS\amd64_microsoft.windows.common-controls_6595b64144ccf1df_6.0.26100.4484_none_3e0e6d4ce32ef3b3\COMCTL32.dll
0x00007ff9d5190000 - 0x00007ff9d51bb000 	C:\WINDOWS\System32\GDI32.dll
0x00007ff9d51c0000 - 0x00007ff9d5269000 	C:\WINDOWS\System32\msvcrt.dll
0x00007ff9d2760000 - 0x00007ff9d2897000 	C:\WINDOWS\System32\gdi32full.dll
0x00007ff9d28a0000 - 0x00007ff9d2943000 	C:\WINDOWS\System32\msvcp_win.dll
0x00007ff9d3640000 - 0x00007ff9d366f000 	C:\WINDOWS\System32\IMM32.DLL
0x00007ff9cc6e0000 - 0x00007ff9cc6ec000 	D:\Android Studio\jbr\bin\vcruntime140_1.dll
0x00007ff96d350000 - 0x00007ff96d3dd000 	D:\Android Studio\jbr\bin\msvcp140.dll
0x00007ff935d60000 - 0x00007ff9369eb000 	D:\Android Studio\jbr\bin\server\jvm.dll
0x00007ff9d4690000 - 0x00007ff9d4744000 	C:\WINDOWS\System32\ADVAPI32.dll
0x00007ff9d4a20000 - 0x00007ff9d4ac6000 	C:\WINDOWS\System32\sechost.dll
0x00007ff9d4850000 - 0x00007ff9d4968000 	C:\WINDOWS\System32\RPCRT4.dll
0x00007ff9d5270000 - 0x00007ff9d52e4000 	C:\WINDOWS\System32\WS2_32.dll
0x00007ff9d10b0000 - 0x00007ff9d110e000 	C:\WINDOWS\SYSTEM32\POWRPROF.dll
0x00007ff9be320000 - 0x00007ff9be355000 	C:\WINDOWS\SYSTEM32\WINMM.dll
0x00007ff9c3260000 - 0x00007ff9c326b000 	C:\WINDOWS\SYSTEM32\VERSION.dll
0x00007ff9d1090000 - 0x00007ff9d10a4000 	C:\WINDOWS\SYSTEM32\UMPDC.dll
0x00007ff9d1350000 - 0x00007ff9d136b000 	C:\WINDOWS\SYSTEM32\kernel.appcore.dll
0x00007ff9cafc0000 - 0x00007ff9cafca000 	D:\Android Studio\jbr\bin\jimage.dll
0x00007ff9cfc00000 - 0x00007ff9cfe41000 	C:\WINDOWS\SYSTEM32\DBGHELP.DLL
0x00007ff9d4ba0000 - 0x00007ff9d4f26000 	C:\WINDOWS\System32\combase.dll
0x00007ff9d3300000 - 0x00007ff9d33e0000 	C:\WINDOWS\System32\OLEAUT32.dll
0x00007ff9ac6d0000 - 0x00007ff9ac713000 	C:\WINDOWS\SYSTEM32\dbgcore.DLL
0x00007ff9d2ad0000 - 0x00007ff9d2b69000 	C:\WINDOWS\System32\bcryptPrimitives.dll
0x00007ff9c3070000 - 0x00007ff9c307e000 	D:\Android Studio\jbr\bin\instrument.dll
0x00007ff9caef0000 - 0x00007ff9caf10000 	D:\Android Studio\jbr\bin\java.dll
0x00007ff9caed0000 - 0x00007ff9caee8000 	D:\Android Studio\jbr\bin\zip.dll
0x00007ff9d3f30000 - 0x00007ff9d467a000 	C:\WINDOWS\System32\SHELL32.dll
0x00007ff9d25e0000 - 0x00007ff9d2754000 	C:\WINDOWS\System32\wintypes.dll
0x00007ff9d0130000 - 0x00007ff9d098b000 	C:\WINDOWS\SYSTEM32\windows.storage.dll
0x00007ff9d4f90000 - 0x00007ff9d5085000 	C:\WINDOWS\System32\SHCORE.dll
0x00007ff9d3ec0000 - 0x00007ff9d3f2a000 	C:\WINDOWS\System32\shlwapi.dll
0x00007ff9d23a0000 - 0x00007ff9d23cf000 	C:\WINDOWS\SYSTEM32\profapi.dll
0x00007ff9caf20000 - 0x00007ff9caf30000 	D:\Android Studio\jbr\bin\net.dll
0x00007ff9c8fb0000 - 0x00007ff9c90ce000 	C:\WINDOWS\SYSTEM32\WINHTTP.dll
0x00007ff9d18e0000 - 0x00007ff9d194a000 	C:\WINDOWS\system32\mswsock.dll
0x00007ff9ca150000 - 0x00007ff9ca166000 	D:\Android Studio\jbr\bin\nio.dll
0x00007ff9c31a0000 - 0x00007ff9c31b0000 	D:\Android Studio\jbr\bin\verify.dll
0x00007ff9af7a0000 - 0x00007ff9af7c7000 	C:\Users\Admin\.gradle\native\c067742578af261105cb4f569cf0c3c89f3d7b1fecec35dd04571415982c5e48\windows-amd64\native-platform.dll
0x00007ff966d60000 - 0x00007ff966ea4000 	C:\Users\Admin\.gradle\native\100fb08df4bc3b14c8652ba06237920a3bd2aa13389f12d3474272988ae205f9\windows-amd64\native-platform-file-events.dll
0x00007ff9ca140000 - 0x00007ff9ca149000 	D:\Android Studio\jbr\bin\management.dll
0x00007ff9c9b00000 - 0x00007ff9c9b0b000 	D:\Android Studio\jbr\bin\management_ext.dll
0x00007ff9d4680000 - 0x00007ff9d4688000 	C:\WINDOWS\System32\PSAPI.DLL
0x00007ff9d1ba0000 - 0x00007ff9d1bbb000 	C:\WINDOWS\SYSTEM32\CRYPTSP.dll
0x00007ff9d12b0000 - 0x00007ff9d12eb000 	C:\WINDOWS\system32\rsaenh.dll
0x00007ff9d1980000 - 0x00007ff9d19ab000 	C:\WINDOWS\SYSTEM32\USERENV.dll
0x00007ff9d2370000 - 0x00007ff9d2396000 	C:\WINDOWS\SYSTEM32\bcrypt.dll
0x00007ff9d1b90000 - 0x00007ff9d1b9c000 	C:\WINDOWS\SYSTEM32\CRYPTBASE.dll
0x00007ff9d0d40000 - 0x00007ff9d0d73000 	C:\WINDOWS\SYSTEM32\IPHLPAPI.DLL
0x00007ff9d32f0000 - 0x00007ff9d32fa000 	C:\WINDOWS\System32\NSI.dll
0x00007ff9ca940000 - 0x00007ff9ca949000 	D:\Android Studio\jbr\bin\extnet.dll
0x00007ff930020000 - 0x00007ff930028000 	C:\WINDOWS\system32\wshunix.dll

dbghelp: loaded successfully - version: 4.0.5 - missing functions: none
symbol engine: initialized successfully - sym options: 0x614 - pdb path: .;D:\Android Studio\jbr\bin;C:\WINDOWS\SYSTEM32;C:\WINDOWS\WinSxS\amd64_microsoft.windows.common-controls_6595b64144ccf1df_6.0.26100.4484_none_3e0e6d4ce32ef3b3;D:\Android Studio\jbr\bin\server;C:\Users\Admin\.gradle\native\c067742578af261105cb4f569cf0c3c89f3d7b1fecec35dd04571415982c5e48\windows-amd64;C:\Users\Admin\.gradle\native\100fb08df4bc3b14c8652ba06237920a3bd2aa13389f12d3474272988ae205f9\windows-amd64

VM Arguments:
jvm_args: --add-opens=java.base/java.lang=ALL-UNNAMED --add-opens=java.base/java.lang.invoke=ALL-UNNAMED --add-opens=java.base/java.util=ALL-UNNAMED --add-opens=java.prefs/java.util.prefs=ALL-UNNAMED --add-exports=jdk.compiler/com.sun.tools.javac.api=ALL-UNNAMED --add-exports=jdk.compiler/com.sun.tools.javac.util=ALL-UNNAMED --add-opens=java.base/java.util=ALL-UNNAMED --add-opens=java.prefs/java.util.prefs=ALL-UNNAMED --add-opens=java.base/java.nio.charset=ALL-UNNAMED --add-opens=java.base/java.net=ALL-UNNAMED --add-opens=java.base/java.util.concurrent.atomic=ALL-UNNAMED --add-opens=java.xml/javax.xml.namespace=ALL-UNNAMED -Xmx2048m -Dfile.encoding=UTF-8 -Duser.country=US -Duser.language=en -Duser.variant -javaagent:C:\Users\Admin\.gradle\wrapper\dists\gradle-8.11.1-bin\bpt9gzteqjrbo1mjrsomdt32c\gradle-8.11.1\lib\agents\gradle-instrumentation-agent-8.11.1.jar 
java_command: org.gradle.launcher.daemon.bootstrap.GradleDaemon 8.11.1
java_class_path (initial): C:\Users\Admin\.gradle\wrapper\dists\gradle-8.11.1-bin\bpt9gzteqjrbo1mjrsomdt32c\gradle-8.11.1\lib\gradle-daemon-main-8.11.1.jar
Launcher Type: SUN_STANDARD

[Global flags]
     intx CICompilerCount                          = 12                                        {product} {ergonomic}
     uint ConcGCThreads                            = 3                                         {product} {ergonomic}
     uint G1ConcRefinementThreads                  = 13                                        {product} {ergonomic}
   size_t G1HeapRegionSize                         = 1048576                                   {product} {ergonomic}
    uintx GCDrainStackTargetSize                   = 64                                        {product} {ergonomic}
   size_t InitialHeapSize                          = 266338304                                 {product} {ergonomic}
   size_t MarkStackSize                            = 4194304                                   {product} {ergonomic}
   size_t MaxHeapSize                              = 2147483648                                {product} {command line}
   size_t MaxNewSize                               = 1287651328                                {product} {ergonomic}
   size_t MinHeapDeltaBytes                        = 1048576                                   {product} {ergonomic}
   size_t MinHeapSize                              = 8388608                                   {product} {ergonomic}
    uintx NonNMethodCodeHeapSize                   = 7602480                                {pd product} {ergonomic}
    uintx NonProfiledCodeHeapSize                  = 122027880                              {pd product} {ergonomic}
    uintx ProfiledCodeHeapSize                     = 122027880                              {pd product} {ergonomic}
    uintx ReservedCodeCacheSize                    = 251658240                              {pd product} {ergonomic}
     bool SegmentedCodeCache                       = true                                      {product} {ergonomic}
   size_t SoftMaxHeapSize                          = 2147483648                             {manageable} {ergonomic}
     bool UseCompressedOops                        = true                           {product lp64_product} {ergonomic}
     bool UseG1GC                                  = true                                      {product} {ergonomic}
     bool UseLargePagesIndividualAllocation        = false                                  {pd product} {ergonomic}

Logging:
Log output configuration:
 #0: stdout all=warning uptime,level,tags foldmultilines=false
 #1: stderr all=off uptime,level,tags foldmultilines=false

Environment Variables:
PATH=C:\Program Files\Common Files\Oracle\Java\javapath;C:\Program Files (x86)\Common Files\Oracle\Java\javapath;C:\WINDOWS\system32;C:\WINDOWS;C:\WINDOWS\System32\Wbem;C:\WINDOWS\System32\WindowsPowerShell\v1.0\;C:\WINDOWS\System32\OpenSSH\;C:\Program Files\Microsoft SQL Server\Client SDK\ODBC\170\Tools\Binn\;C:\Program Files (x86)\Microsoft SQL Server\150\Tools\Binn\;C:\Program Files\Microsoft SQL Server\150\Tools\Binn\;C:\Program Files\Microsoft SQL Server\150\DTS\Binn\;C:\Program Files (x86)\Microsoft SQL Server\160\DTS\Binn\;C:\Program Files\Azure Data Studio\bin;C:\Program Files (x86)\NVIDIA Corporation\PhysX\Common;C:\Program Files\Git\cmd;C:\Program Files\dotnet\;C:\Program Files\NVIDIA Corporation\NVIDIA app\NvDLISR;C:\Program Files\nodejs\;C:\Users\Admin\AppData\Local\Microsoft\WindowsApps;C:\Program Files\Azure Data Studio\bin;C:\Users\Admin\AppData\Local\Programs\Microsoft VS Code\bin;C:\Users\Admin\AppData\Local\GitHubDesktop\bin;C:\Users\Admin\.dotnet\tools;C:\Users\Admin\AppData\Roaming\npm;E:\cursor\resources\app\bin
USERNAME=Binhtran
OS=Windows_NT
PROCESSOR_IDENTIFIER=Intel64 Family 6 Model 141 Stepping 1, GenuineIntel
TMP=C:\Users\Admin\AppData\Local\Temp
TEMP=C:\Users\Admin\AppData\Local\Temp




Periodic native trim disabled

JNI global refs:
JNI global refs: 44, weak refs: 81

JNI global refs memory usage: 835, weak refs: 4625

Process memory usage:
Resident Set Size: 1636168K (9% of 16551224K total physical memory with 2179428K free physical memory)

OOME stack traces (most recent first):
Classloader memory used:
Loader org.gradle.internal.classloader.VisitableURLClassLoader$InstrumentingVisitableURLClassLoader: 52461K
Loader org.gradle.internal.classloader.VisitableURLClassLoader                         : 41564K
Loader bootstrap                                                                       : 28771K
Loader org.gradle.initialization.MixInLegacyTypesClassLoader                           : 11653K
Loader jdk.internal.loader.ClassLoaders$PlatformClassLoader                            : 526K
Loader jdk.internal.reflect.DelegatingClassLoader                                      : 288K
Loader jdk.internal.loader.ClassLoaders$AppClassLoader                                 : 234K
Loader org.gradle.groovy.scripts.internal.DefaultScriptCompilationHandler$ScriptClassLoader: 153K
Loader org.gradle.internal.classloader.VisitableURLClassLoader                         : 46456B
Loader org.codehaus.groovy.runtime.callsite.CallSiteClassLoader                        : 9496B

Classes loaded by more than one classloader:
Class com.google.common.io.LineReader                                                 : loaded 2 times (x 68B)
Class com.google.common.base.PairwiseEquivalence                                      : loaded 2 times (x 79B)
Class com.google.common.base.Equivalence$Identity                                     : loaded 2 times (x 78B)
Class com.google.common.collect.RegularImmutableMap$KeySet                            : loaded 2 times (x 148B)
Class org.gradle.internal.classloader.FilteringClassLoader                            : loaded 2 times (x 101B)
Class build_e1dp6m0qyu75rtisx7vduwivc$_run_closure1                                   : loaded 2 times (x 135B)
Class com.google.common.io.FileWriteMode                                              : loaded 2 times (x 75B)
Class [Lcom.google.common.base.AbstractIterator$State;                                : loaded 2 times (x 65B)
Class com.google.common.base.CharMatcher$IsEither                                     : loaded 2 times (x 107B)
Class org.gradle.internal.classloader.ClassLoaderHierarchy                            : loaded 2 times (x 66B)
Class com.google.common.collect.AbstractMapBasedMultimap$WrappedCollection            : loaded 2 times (x 120B)
Class com.google.common.collect.ImmutableEnumSet                                      : loaded 2 times (x 142B)
Class com.google.common.util.concurrent.ExecutionError                                : loaded 2 times (x 78B)
Class com.google.common.collect.ImmutableList$1                                       : loaded 2 times (x 93B)
Class org.gradle.api.internal.classpath.ManifestUtil                                  : loaded 2 times (x 67B)
Class com.google.common.io.ByteArrayDataOutput                                        : loaded 2 times (x 66B)
Class com.google.common.collect.RegularImmutableMap                                   : loaded 2 times (x 117B)
Class com.google.common.collect.ImmutableMap$MapViewOfValuesAsSingletonSets           : loaded 2 times (x 122B)
Class [Lorg.objectweb.asm.Symbol;                                                     : loaded 2 times (x 65B)
Class org.objectweb.asm.ClassVisitor                                                  : loaded 2 times (x 84B)
Class com.google.common.collect.UnmodifiableListIterator                              : loaded 2 times (x 91B)
Class com.google.common.base.Platform$JdkPatternCompiler                              : loaded 2 times (x 71B)
Class org.objectweb.asm.MethodTooLargeException                                       : loaded 2 times (x 79B)
Class [Lcom.google.common.cache.CacheBuilder$OneWeigher;                              : loaded 2 times (x 65B)
Class com.google.common.base.Suppliers                                                : loaded 2 times (x 67B)
Class org.gradle.internal.classloader.DefaultClassLoaderFactory                       : loaded 2 times (x 78B)
Class com.google.common.base.CharMatcher$None                                         : loaded 2 times (x 108B)
Class org.gradle.internal.classloader.ClassLoaderVisitor                              : loaded 2 times (x 72B)
Class [Lcom.google.common.collect.ImmutableMapEntry;                                  : loaded 2 times (x 65B)
Class org.gradle.api.internal.classpath.EffectiveClassPath                            : loaded 2 times (x 86B)
Class [Lorg.apache.commons.io.StandardLineSeparator;                                  : loaded 2 times (x 65B)
Class org.apache.commons.io.output.StringBuilderWriter                                : loaded 2 times (x 96B)
Class com.google.common.collect.ListMultimap                                          : loaded 2 times (x 66B)
Class com.google.common.collect.ImmutableEnumMap                                      : loaded 2 times (x 122B)
Class com.google.common.collect.Sets$1                                                : loaded 2 times (x 135B)
Class org.objectweb.asm.AnnotationVisitor                                             : loaded 2 times (x 74B)
Class com.google.common.base.Splitter                                                 : loaded 2 times (x 68B)
Class org.gradle.api.internal.DefaultClassPathProvider                                : loaded 2 times (x 72B)
Class com.google.common.collect.Maps$ViewCachingAbstractMap                           : loaded 2 times (x 121B)
Class com.google.common.collect.Sets$2                                                : loaded 2 times (x 135B)
Class [Lorg.gradle.api.internal.ClassPathProvider;                                    : loaded 2 times (x 65B)
Class org.gradle.api.internal.ClassPathProvider                                       : loaded 2 times (x 66B)
Class [Lorg.objectweb.asm.AnnotationVisitor;                                          : loaded 2 times (x 65B)
Class com.google.common.collect.Sets$3                                                : loaded 2 times (x 135B)
Class com.google.common.util.concurrent.AbstractFuture$SafeAtomicHelper               : loaded 2 times (x 75B)
Class com.google.common.cache.LocalCache$LocalLoadingCache                            : loaded 2 times (x 130B)
Class com.google.common.base.AbstractIterator$State                                   : loaded 2 times (x 75B)
Class org.gradle.internal.service.UnknownServiceException                             : loaded 2 times (x 79B)
Class com.google.common.io.ByteArrayDataInput                                         : loaded 2 times (x 66B)
Class com.google.common.collect.Sets$4                                                : loaded 2 times (x 135B)
Class org.objectweb.asm.ModuleVisitor                                                 : loaded 2 times (x 77B)
Class com.google.common.cache.LocalCache$Strength$1                                   : loaded 2 times (x 77B)
Class org.apache.commons.io.output.QueueOutputStream                                  : loaded 2 times (x 83B)
Class com.google.common.util.concurrent.SettableFuture                                : loaded 2 times (x 110B)
Class com.google.common.cache.LocalCache$Strength$2                                   : loaded 2 times (x 77B)
Class com.google.common.io.ByteStreams                                                : loaded 2 times (x 67B)
Class com.google.common.cache.LocalCache$Strength$3                                   : loaded 2 times (x 77B)
Class com.google.common.collect.MapDifference                                         : loaded 2 times (x 66B)
Class com.google.common.base.Splitter$1                                               : loaded 2 times (x 73B)
Class org.objectweb.asm.FieldWriter                                                   : loaded 2 times (x 74B)
Class com.google.common.cache.CacheBuilder$NullListener                               : loaded 2 times (x 78B)
Class org.gradle.internal.classpath.TransformedClassPath                              : loaded 2 times (x 92B)
Class org.gradle.internal.classloader.InstrumentingClassLoader                        : loaded 2 times (x 66B)
Class com.google.common.collect.ImmutableListMultimap                                 : loaded 2 times (x 172B)
Class org.apache.commons.io.output.UnsynchronizedByteArrayOutputStream                : loaded 2 times (x 98B)
Class com.google.common.cache.CacheLoader$FunctionToCacheLoader                       : loaded 2 times (x 71B)
Class com.google.common.collect.Iterators$ArrayItr                                    : loaded 2 times (x 93B)
Class com.google.common.collect.ImmutableCollection$Builder                           : loaded 2 times (x 72B)
Class com.google.common.collect.EmptyImmutableListMultimap                            : loaded 2 times (x 172B)
Class com.google.common.collect.BaseImmutableMultimap                                 : loaded 2 times (x 119B)
Class org.apache.commons.io.output.ByteArrayOutputStream                              : loaded 2 times (x 98B)
Class com.google.common.base.Joiner                                                   : loaded 2 times (x 75B)
Class com.google.common.base.MoreObjects                                              : loaded 2 times (x 67B)
Class com.google.common.collect.Platform                                              : loaded 2 times (x 67B)
Class [Lorg.objectweb.asm.Type;                                                       : loaded 2 times (x 65B)
Class com.google.common.collect.UnmodifiableIterator                                  : loaded 2 times (x 76B)
Class settings_4zjbjq5o2yiofuapydz8h05rb                                              : loaded 2 times (x 175B)
Class org.gradle.internal.service.ServiceLocator                                      : loaded 2 times (x 66B)
Class com.google.common.base.Ascii                                                    : loaded 2 times (x 67B)
Class com.google.common.collect.SingletonImmutableBiMap                               : loaded 2 times (x 139B)
Class com.google.common.cache.LocalCache$1                                            : loaded 2 times (x 85B)
Class com.google.common.collect.AbstractMapEntry                                      : loaded 2 times (x 77B)
Class com.google.common.collect.Sets$ImprovedAbstractSet                              : loaded 2 times (x 131B)
Class com.google.common.collect.ImmutableList$Builder                                 : loaded 2 times (x 73B)
Class com.google.common.collect.AbstractMultimap                                      : loaded 2 times (x 119B)
Class com.google.common.cache.LocalCache$2                                            : loaded 2 times (x 138B)
Class com.google.common.util.concurrent.AbstractFuture$UnsafeAtomicHelper$1           : loaded 2 times (x 72B)
Class com.google.common.collect.RegularImmutableAsList                                : loaded 2 times (x 213B)
Class com.google.common.base.Optional                                                 : loaded 2 times (x 76B)
Class com.google.common.util.concurrent.AbstractFuture$Trusted                        : loaded 2 times (x 66B)
Class com.google.common.collect.Iterators                                             : loaded 2 times (x 67B)
Class com.google.common.io.ByteSink$AsCharSink                                        : loaded 2 times (x 76B)
Class com.google.common.util.concurrent.UncheckedExecutionException                   : loaded 2 times (x 78B)
Class com.google.common.collect.Lists$StringAsImmutableList                           : loaded 2 times (x 203B)
Class org.gradle.internal.InternalTransformer                                         : loaded 2 times (x 66B)
Class com.google.common.collect.AbstractMapBasedMultimap$KeySet$1                     : loaded 2 times (x 78B)
Class org.objectweb.asm.ClassWriter                                                   : loaded 2 times (x 102B)
Class com.google.common.cache.CacheLoader$UnsupportedLoadingOperationException        : loaded 2 times (x 78B)
Class com.google.common.base.CharMatcher$And                                          : loaded 2 times (x 108B)
Class org.gradle.internal.classloader.ClasspathUtil$1                                 : loaded 2 times (x 72B)
Class com.google.common.base.Objects                                                  : loaded 2 times (x 67B)
Class org.objectweb.asm.FieldVisitor                                                  : loaded 2 times (x 73B)
Class com.google.common.collect.IndexedImmutableSet                                   : loaded 2 times (x 148B)
Class com.google.common.collect.ImmutableMap$1                                        : loaded 2 times (x 77B)
Class com.google.common.collect.BiMap                                                 : loaded 2 times (x 66B)
Class org.gradle.api.internal.classpath.DefaultModuleRegistry$DefaultModule           : loaded 2 times (x 82B)
Class com.google.common.primitives.Ints                                               : loaded 2 times (x 67B)
Class com.google.common.collect.AbstractIterator                                      : loaded 2 times (x 78B)
Class com.google.common.collect.Multiset                                              : loaded 2 times (x 66B)
Class com.google.common.collect.ArrayListMultimapGwtSerializationDependencies         : loaded 2 times (x 168B)
Class com.google.common.math.MathPreconditions                                        : loaded 2 times (x 67B)
Class com.google.common.collect.ObjectArrays                                          : loaded 2 times (x 67B)
Class com.google.common.collect.AbstractIndexedListIterator                           : loaded 2 times (x 92B)
Class org.apache.commons.io.output.NullOutputStream                                   : loaded 2 times (x 81B)
Class com.google.common.collect.ImmutableMapEntrySet                                  : loaded 2 times (x 148B)
Class org.gradle.api.internal.classpath.Module                                        : loaded 2 times (x 66B)
Class com.google.common.cache.Weigher                                                 : loaded 2 times (x 66B)
Class org.gradle.api.internal.classpath.UnknownModuleException                        : loaded 2 times (x 78B)
Class com.google.common.base.Stopwatch                                                : loaded 2 times (x 68B)
Class com.google.common.cache.LocalCache$Strength                                     : loaded 2 times (x 77B)
Class com.google.common.cache.Cache                                                   : loaded 2 times (x 66B)
Class com.google.common.io.Files$2                                                    : loaded 2 times (x 72B)
Class com.google.common.io.AppendableWriter                                           : loaded 2 times (x 96B)
Class com.google.common.util.concurrent.AbstractFuture$Cancellation                   : loaded 2 times (x 68B)
Class com.google.common.collect.ImmutableMap$Builder                                  : loaded 2 times (x 78B)
Class com.google.common.base.NullnessCasts                                            : loaded 2 times (x 67B)
Class com.google.common.base.Present                                                  : loaded 2 times (x 77B)
Class com.google.common.cache.RemovalListener                                         : loaded 2 times (x 66B)
Class org.gradle.api.internal.DefaultClassPathRegistry                                : loaded 2 times (x 72B)
Class com.google.common.collect.ImmutableMultimap$Keys                                : loaded 2 times (x 162B)
Class com.google.common.primitives.IntsMethodsForWeb                                  : loaded 2 times (x 67B)
Class com.google.common.collect.Multimap                                              : loaded 2 times (x 66B)
Class org.gradle.api.internal.ClassPathRegistry                                       : loaded 2 times (x 66B)
Class org.gradle.internal.classpath.DefaultClassPath$ImmutableUniqueList              : loaded 2 times (x 195B)
Class com.google.common.base.ExtraObjectsMethodsForWeb                                : loaded 2 times (x 67B)
Class org.apache.commons.io.IOUtils                                                   : loaded 2 times (x 67B)
Class com.google.common.io.ByteSink                                                   : loaded 2 times (x 72B)
Class com.google.common.cache.CacheBuilder                                            : loaded 2 times (x 68B)
Class com.google.common.collect.SingletonImmutableList                                : loaded 2 times (x 203B)
Class org.gradle.internal.classpath.ClassPath                                         : loaded 2 times (x 66B)
Class org.gradle.api.UncheckedIOException                                             : loaded 2 times (x 78B)
Class com.google.common.io.Files$FileByteSource                                       : loaded 2 times (x 81B)
Class com.google.common.collect.ImmutableList$ReverseImmutableList                    : loaded 2 times (x 205B)
Class com.google.common.base.JdkPattern                                               : loaded 2 times (x 71B)
Class com.google.common.io.CharStreams$NullWriter                                     : loaded 2 times (x 95B)
Class org.objectweb.asm.SymbolTable$Entry                                             : loaded 2 times (x 70B)
Class com.google.common.util.concurrent.AbstractFuture$AtomicHelper                   : loaded 2 times (x 74B)
Class org.objectweb.asm.Edge                                                          : loaded 2 times (x 68B)
Class com.google.common.base.Suppliers$SupplierOfInstance                             : loaded 2 times (x 75B)
Class com.google.common.collect.Iterators$1                                           : loaded 2 times (x 77B)
Class com.google.common.cache.LocalCache$ComputingValueReference                      : loaded 2 times (x 92B)
Class com.google.common.collect.SingletonImmutableSet                                 : loaded 2 times (x 142B)
Class com.google.common.collect.ImmutableMap$IteratorBasedImmutableMap                : loaded 2 times (x 122B)
Class com.google.common.cache.LocalCache$Segment                                      : loaded 2 times (x 150B)
Class com.google.common.collect.AbstractListMultimap                                  : loaded 2 times (x 168B)
Class [Lorg.objectweb.asm.SymbolTable$Entry;                                          : loaded 2 times (x 65B)
Class com.google.common.cache.CacheLoader                                             : loaded 2 times (x 70B)
Class com.google.common.collect.Iterators$4                                           : loaded 2 times (x 78B)
Class com.google.common.collect.ImmutableBiMap                                        : loaded 2 times (x 139B)
Class org.gradle.internal.installation.GradleInstallation$1                           : loaded 2 times (x 71B)
Class org.gradle.api.internal.classpath.ModuleRegistry                                : loaded 2 times (x 66B)
Class org.apache.commons.io.output.NullWriter                                         : loaded 2 times (x 95B)
Class com.google.common.util.concurrent.internal.InternalFutureFailureAccess          : loaded 2 times (x 68B)
Class com.google.common.collect.Iterators$5                                           : loaded 2 times (x 78B)
Class com.google.common.collect.ImmutableSet$JdkBackedSetBuilderImpl                  : loaded 2 times (x 72B)
Class com.google.common.base.Splitter$SplittingIterator                               : loaded 2 times (x 80B)
Class com.google.common.collect.ImmutableMultimap$Values                              : loaded 2 times (x 122B)
Class com.google.common.util.concurrent.AbstractFuture$UnsafeAtomicHelper             : loaded 2 times (x 74B)
Class com.google.common.cache.LocalCache$LocalManualCache$1                           : loaded 2 times (x 71B)
Class com.google.common.base.CharMatcher$ForPredicate                                 : loaded 2 times (x 108B)
Class com.google.common.collect.ImmutableCollection                                   : loaded 2 times (x 121B)
Class com.google.common.base.CharMatcher$AnyOf                                        : loaded 2 times (x 108B)
Class settings_4zjbjq5o2yiofuapydz8h05rb$_run_closure1$_closure2                      : loaded 2 times (x 135B)
Class org.gradle.api.internal.classpath.DefaultModuleRegistry                         : loaded 2 times (x 82B)
Class com.google.common.util.concurrent.ListenableFuture                              : loaded 2 times (x 66B)
Class com.google.common.cache.ReferenceEntry                                          : loaded 2 times (x 66B)
Class com.google.common.base.Converter                                                : loaded 2 times (x 86B)
Class com.google.common.collect.ImmutableSet$CachingAsList                            : loaded 2 times (x 144B)
Class com.google.common.collect.Lists                                                 : loaded 2 times (x 67B)
Class com.google.common.collect.AbstractMapBasedMultimap                              : loaded 2 times (x 135B)
Class com.google.common.util.concurrent.AbstractFuture                                : loaded 2 times (x 102B)
Class com.google.common.base.FunctionalEquivalence                                    : loaded 2 times (x 79B)
Class com.google.common.collect.Iterators$9                                           : loaded 2 times (x 77B)
Class com.google.common.collect.ImmutableAsList                                       : loaded 2 times (x 205B)
Class com.google.common.io.CharStreams                                                : loaded 2 times (x 67B)
Class com.google.common.collect.ImmutableMultiset                                     : loaded 2 times (x 159B)
Class org.objectweb.asm.RecordComponentVisitor                                        : loaded 2 times (x 73B)
Class com.google.common.cache.CacheLoader$SupplierToCacheLoader                       : loaded 2 times (x 71B)
Class com.google.common.collect.Maps$EntryTransformer                                 : loaded 2 times (x 66B)
Class org.gradle.internal.service.ServiceLookupException                              : loaded 2 times (x 78B)
Class [Lcom.google.common.cache.LocalCache$EntryFactory;                              : loaded 2 times (x 65B)
Class org.gradle.internal.classloader.ClassLoaderFactory                              : loaded 2 times (x 66B)
Class org.apache.commons.io.CloseableURLConnection                                    : loaded 2 times (x 112B)
Class com.google.common.cache.LocalCache$LocalManualCache                             : loaded 2 times (x 95B)
Class com.google.common.base.CharMatcher$IsNot                                        : loaded 2 times (x 107B)
Class com.google.common.base.CommonPattern                                            : loaded 2 times (x 70B)
Class org.gradle.internal.service.CachingServiceLocator                               : loaded 2 times (x 78B)
Class com.google.common.collect.AbstractMapBasedMultimap$KeySet                       : loaded 2 times (x 133B)
Class com.google.common.math.IntMath                                                  : loaded 2 times (x 67B)
Class com.google.common.collect.ImmutableMapEntry                                     : loaded 2 times (x 81B)
Class com.google.common.collect.ImmutableMultimap                                     : loaded 2 times (x 143B)
Class com.google.common.base.Equivalence                                              : loaded 2 times (x 78B)
Class com.google.common.base.Function                                                 : loaded 2 times (x 66B)
Class com.google.common.collect.ImmutableMapEntry$NonTerminalImmutableMapEntry        : loaded 2 times (x 81B)
Class org.apache.commons.io.output.AbstractByteArrayOutputStream                      : loaded 2 times (x 98B)
Class com.google.common.cache.CacheBuilder$OneWeigher                                 : loaded 2 times (x 78B)
Class com.google.common.collect.RegularImmutableList                                  : loaded 2 times (x 209B)
Class org.gradle.internal.classloader.ClasspathUtil                                   : loaded 2 times (x 67B)
Class com.google.common.base.Charsets                                                 : loaded 2 times (x 67B)
Class com.google.common.util.concurrent.Uninterruptibles                              : loaded 2 times (x 67B)
Class com.google.common.collect.Maps                                                  : loaded 2 times (x 67B)
Class org.gradle.api.specs.Spec                                                       : loaded 2 times (x 66B)
Class [Lcom.google.common.collect.ImmutableEntry;                                     : loaded 2 times (x 65B)
Class com.google.common.cache.LocalCache$LoadingValueReference                        : loaded 2 times (x 92B)
Class com.google.common.io.LineReader$1                                               : loaded 2 times (x 71B)
Class com.google.common.collect.CollectSpliterators                                   : loaded 2 times (x 67B)
Class com.google.common.collect.AbstractMapBasedMultimap$AsMap                        : loaded 2 times (x 124B)
Class com.google.common.base.Platform                                                 : loaded 2 times (x 67B)
Class com.google.common.collect.AbstractMapBasedMultimap$WrappedList                  : loaded 2 times (x 201B)
Class [Lorg.objectweb.asm.AnnotationWriter;                                           : loaded 2 times (x 65B)
Class com.google.common.collect.Maps$8                                                : loaded 2 times (x 78B)
Class com.google.common.collect.Sets$SetView                                          : loaded 2 times (x 134B)
Class com.google.common.cache.LocalCache$StrongValueReference                         : loaded 2 times (x 86B)
Class com.google.common.util.concurrent.AbstractFuture$SynchronizedHelper             : loaded 2 times (x 74B)
Class com.google.common.graph.SuccessorsFunction                                      : loaded 2 times (x 66B)
Class org.objectweb.asm.Type                                                          : loaded 2 times (x 68B)
Class org.gradle.internal.classloader.VisitableURLClassLoader$InstrumentingVisitableURLClassLoader: loaded 2 times (x 119B)
Class com.google.common.io.Files$FileByteSink                                         : loaded 2 times (x 73B)
Class org.objectweb.asm.ByteVector                                                    : loaded 2 times (x 75B)
Class [Lcom.google.common.cache.CacheBuilder$NullListener;                            : loaded 2 times (x 65B)
Class com.google.common.math.IntMath$1                                                : loaded 2 times (x 67B)
Class org.gradle.internal.classloader.VisitableURLClassLoader$Spec                    : loaded 2 times (x 70B)
Class org.gradle.internal.classpath.DefaultClassPath                                  : loaded 2 times (x 86B)
Class org.objectweb.asm.Symbol                                                        : loaded 2 times (x 69B)
Class com.google.common.base.AbstractIterator                                         : loaded 2 times (x 76B)
Class com.google.common.io.Closer                                                     : loaded 2 times (x 74B)
Class com.google.common.io.Java8Compatibility                                         : loaded 2 times (x 67B)
Class com.google.common.base.CharMatcher$Ascii                                        : loaded 2 times (x 108B)
Class com.google.common.collect.RegularImmutableMap$Values                            : loaded 2 times (x 203B)
Class com.google.common.collect.ImmutableSet                                          : loaded 2 times (x 141B)
Class com.google.common.base.CharMatcher$BitSetMatcher                                : loaded 2 times (x 108B)
Class org.gradle.internal.classloader.ClassLoaderSpec                                 : loaded 2 times (x 67B)
Class org.objectweb.asm.AnnotationWriter                                              : loaded 2 times (x 75B)
Class com.google.common.cache.CacheStats                                              : loaded 2 times (x 67B)
Class com.google.common.io.Closer$Suppressor                                          : loaded 2 times (x 66B)
Class com.google.common.io.LineProcessor                                              : loaded 2 times (x 66B)
Class com.google.common.collect.ImmutableMultisetGwtSerializationDependencies         : loaded 2 times (x 121B)
Class org.objectweb.asm.RecordComponentWriter                                         : loaded 2 times (x 74B)
Class com.google.common.util.concurrent.AbstractFuture$Listener                       : loaded 2 times (x 68B)
Class com.google.common.base.CharMatcher$Or                                           : loaded 2 times (x 108B)
Class org.objectweb.asm.Attribute                                                     : loaded 2 times (x 73B)
Class com.google.common.base.Supplier                                                 : loaded 2 times (x 66B)
Class org.gradle.internal.classloader.VisitableURLClassLoader                         : loaded 2 times (x 113B)
Class com.google.common.util.concurrent.AbstractFuture$Waiter                         : loaded 2 times (x 68B)
Class org.gradle.internal.Cast                                                        : loaded 2 times (x 67B)
Class org.gradle.api.Action                                                           : loaded 2 times (x 66B)
Class build_e1dp6m0qyu75rtisx7vduwivc                                                 : loaded 2 times (x 176B)
Class com.google.common.base.Strings                                                  : loaded 2 times (x 67B)
Class com.google.common.collect.Sets                                                  : loaded 2 times (x 67B)
Class org.objectweb.asm.Handler                                                       : loaded 2 times (x 68B)
Class com.google.common.base.Ticker                                                   : loaded 2 times (x 68B)
Class com.google.common.base.CharMatcher$FastMatcher                                  : loaded 2 times (x 107B)
Class [Lcom.google.common.cache.LocalCache$Segment;                                   : loaded 2 times (x 65B)
Class [Lcom.google.common.cache.LocalCache$Strength;                                  : loaded 2 times (x 65B)
Class com.google.common.cache.CacheBuilder$1                                          : loaded 2 times (x 81B)
Class com.google.common.collect.ImmutableMap                                          : loaded 2 times (x 116B)
Class com.google.common.base.Predicate                                                : loaded 2 times (x 66B)
Class org.gradle.internal.classpath.DefaultClassPath$ImmutableUniqueList$Builder      : loaded 2 times (x 71B)
Class com.google.common.cache.LocalCache                                              : loaded 2 times (x 183B)
Class com.google.common.cache.CacheBuilder$2                                          : loaded 2 times (x 75B)
Class com.google.common.base.CharMatcher$NegatedFastMatcher                           : loaded 2 times (x 109B)
Class com.google.common.collect.ArrayListMultimap                                     : loaded 2 times (x 168B)
Class com.google.common.cache.CacheBuilder$3                                          : loaded 2 times (x 68B)
Class [Lcom.google.common.collect.AbstractMapEntry;                                   : loaded 2 times (x 65B)
Class com.google.common.collect.ImmutableEntry                                        : loaded 2 times (x 78B)
Class org.gradle.api.GradleException                                                  : loaded 2 times (x 78B)
Class com.google.common.base.Suppliers$MemoizingSupplier                              : loaded 2 times (x 75B)
Class org.apache.commons.io.StandardLineSeparator                                     : loaded 2 times (x 75B)
Class com.google.common.collect.CollectPreconditions                                  : loaded 2 times (x 67B)
Class [Lcom.google.common.io.FileWriteMode;                                           : loaded 2 times (x 65B)
Class com.google.common.collect.SortedMapDifference                                   : loaded 2 times (x 66B)
Class com.google.common.io.Files                                                      : loaded 2 times (x 67B)
Class com.google.common.cache.LocalCache$EntryFactory                                 : loaded 2 times (x 79B)
Class com.google.common.cache.LocalCache$AbstractReferenceEntry                       : loaded 2 times (x 103B)
Class com.google.common.base.Splitter$1$1                                             : loaded 2 times (x 82B)
Class org.gradle.internal.IoActions                                                   : loaded 2 times (x 67B)
Class org.objectweb.asm.SymbolTable                                                   : loaded 2 times (x 68B)
Class com.google.common.cache.CacheLoader$InvalidCacheLoadException                   : loaded 2 times (x 78B)
Class com.google.common.collect.ImmutableSet$RegularSetBuilderImpl                    : loaded 2 times (x 73B)
Class org.gradle.internal.classloader.SystemClassLoaderSpec                           : loaded 2 times (x 67B)
Class com.google.common.cache.LocalCache$StrongEntry                                  : loaded 2 times (x 104B)
Class com.google.common.util.concurrent.AbstractFuture$TrustedFuture                  : loaded 2 times (x 110B)
Class com.google.common.cache.LoadingCache                                            : loaded 2 times (x 66B)
Class com.google.common.io.ByteStreams$LimitedInputStream                             : loaded 2 times (x 88B)
Class com.google.common.base.Suppliers$NonSerializableMemoizingSupplier               : loaded 2 times (x 75B)
Class org.objectweb.asm.MethodWriter                                                  : loaded 2 times (x 102B)
Class [Lcom.google.common.cache.Weigher;                                              : loaded 2 times (x 65B)
Class com.google.common.collect.RegularImmutableMap$BucketOverflowException           : loaded 2 times (x 78B)
Class com.google.common.collect.ImmutableMultimap$1                                   : loaded 2 times (x 78B)
Class com.google.common.collect.AbstractMapBasedMultimap$RandomAccessWrappedList      : loaded 2 times (x 201B)
Class com.google.common.collect.ImmutableMultimap$2                                   : loaded 2 times (x 77B)
Class com.google.common.collect.RegularImmutableBiMap                                 : loaded 2 times (x 145B)
Class com.google.common.cache.LocalCache$ValueReference                               : loaded 2 times (x 66B)
Class com.google.common.base.CharMatcher$Negated                                      : loaded 2 times (x 109B)
Class com.google.common.base.CharMatcher$Is                                           : loaded 2 times (x 107B)
Class com.google.common.base.PatternCompiler                                          : loaded 2 times (x 66B)
Class com.google.common.util.concurrent.AbstractFuture$Failure                        : loaded 2 times (x 68B)
Class com.google.common.base.Equivalence$Equals                                       : loaded 2 times (x 78B)
Class com.google.common.collect.Hashing                                               : loaded 2 times (x 67B)
Class com.google.common.base.Preconditions                                            : loaded 2 times (x 67B)
Class com.google.common.io.CharSink                                                   : loaded 2 times (x 75B)
Class com.google.common.base.Joiner$1                                                 : loaded 2 times (x 76B)
Class org.objectweb.asm.Label                                                         : loaded 2 times (x 69B)
Class org.objectweb.asm.CurrentFrame                                                  : loaded 2 times (x 69B)
Class org.objectweb.asm.ClassTooLargeException                                        : loaded 2 times (x 79B)
Class com.google.common.collect.PeekingIterator                                       : loaded 2 times (x 66B)
Class com.google.common.base.CharMatcher                                              : loaded 2 times (x 107B)
Class com.google.common.collect.Maps$IteratorBasedAbstractMap                         : loaded 2 times (x 121B)
Class com.google.common.base.Joiner$2                                                 : loaded 2 times (x 75B)
Class org.objectweb.asm.Frame                                                         : loaded 2 times (x 69B)
Class org.objectweb.asm.MethodVisitor                                                 : loaded 2 times (x 101B)
Class com.google.common.cache.LocalCache$EntryFactory$1                               : loaded 2 times (x 79B)
Class [Lcom.google.common.cache.RemovalListener;                                      : loaded 2 times (x 65B)
Class com.google.common.base.CharMatcher$1                                            : loaded 2 times (x 109B)
Class com.google.common.base.CharMatcher$NamedFastMatcher                             : loaded 2 times (x 108B)
Class settings_4zjbjq5o2yiofuapydz8h05rb$_run_closure1                                : loaded 2 times (x 135B)
Class com.google.common.cache.LocalCache$EntryFactory$2                               : loaded 2 times (x 79B)
Class org.gradle.api.internal.classpath.GlobalCacheRootsProvider                      : loaded 2 times (x 66B)
Class org.objectweb.asm.ModuleWriter                                                  : loaded 2 times (x 78B)
Class com.google.common.cache.LocalCache$EntryFactory$3                               : loaded 2 times (x 79B)
Class com.google.common.base.Ticker$1                                                 : loaded 2 times (x 68B)
Class com.google.common.collect.Maps$BiMapConverter                                   : loaded 2 times (x 86B)
Class com.google.common.collect.ImmutableMapEntrySet$RegularEntrySet                  : loaded 2 times (x 148B)
Class com.google.common.collect.CollectSpliterators$1                                 : loaded 2 times (x 86B)
Class com.google.common.cache.LocalCache$EntryFactory$4                               : loaded 2 times (x 79B)
Class com.google.common.collect.ImmutableSet$Builder                                  : loaded 2 times (x 81B)
Class com.google.common.base.CharMatcher$InRange                                      : loaded 2 times (x 107B)
Class com.google.common.io.ByteStreams$1                                              : loaded 2 times (x 81B)
Class com.google.common.cache.LocalCache$EntryFactory$5                               : loaded 2 times (x 79B)
Class org.apache.commons.io.output.AppendableWriter                                   : loaded 2 times (x 96B)
Class com.google.common.cache.LocalCache$EntryFactory$6                               : loaded 2 times (x 79B)
Class org.gradle.internal.installation.CurrentGradleInstallationLocator               : loaded 2 times (x 67B)
Class com.google.common.collect.ImmutableMultimap$Builder                             : loaded 2 times (x 82B)
Class org.apache.commons.io.output.ThresholdingOutputStream                           : loaded 2 times (x 91B)
Class com.google.common.collect.Maps$KeySet                                           : loaded 2 times (x 133B)
Class com.google.common.cache.LocalCache$EntryFactory$7                               : loaded 2 times (x 79B)
Class com.google.common.collect.ImmutableSet$EmptySetBuilderImpl                      : loaded 2 times (x 72B)
Class com.google.common.collect.ImmutableList                                         : loaded 2 times (x 202B)
Class org.gradle.internal.service.DefaultServiceLocator                               : loaded 2 times (x 79B)
Class com.google.common.collect.ImmutableMultimap$EntryCollection                     : loaded 2 times (x 124B)
Class com.google.common.collect.Maps$EntrySet                                         : loaded 2 times (x 132B)
Class com.google.common.cache.LocalCache$EntryFactory$8                               : loaded 2 times (x 79B)
Class com.google.common.collect.ImmutableSet$SetBuilderImpl                           : loaded 2 times (x 72B)
Class org.gradle.internal.installation.CurrentGradleInstallation                      : loaded 2 times (x 69B)
Class com.google.common.cache.CacheLoader$1                                           : loaded 2 times (x 71B)
Class com.google.common.collect.ForwardingObject                                      : loaded 2 times (x 68B)
Class com.google.common.collect.ImmutableList$SubList                                 : loaded 2 times (x 205B)
Class org.gradle.util.internal.GUtil                                                  : loaded 2 times (x 67B)
Class com.google.common.io.ByteSource                                                 : loaded 2 times (x 80B)
Class com.google.common.util.concurrent.AbstractFuture$SetFuture                      : loaded 2 times (x 71B)
Class com.google.common.cache.AbstractCache$StatsCounter                              : loaded 2 times (x 66B)
Class com.google.common.io.LineBuffer                                                 : loaded 2 times (x 71B)
Class com.google.common.collect.Iterators$MergingIterator                             : loaded 2 times (x 77B)
Class com.google.common.collect.RegularImmutableSet                                   : loaded 2 times (x 145B)
Class org.gradle.internal.installation.GradleInstallation                             : loaded 2 times (x 71B)
Class com.google.common.collect.Iterables                                             : loaded 2 times (x 67B)
Class com.google.common.base.Splitter$Strategy                                        : loaded 2 times (x 66B)

---------------  S Y S T E M  ---------------

OS:
 Windows 11 , 64 bit Build 26100 (10.0.26100.4484)
OS uptime: 0 days 6:24 hours

CPU: total 16 (initial active 16) (8 cores per cpu, 2 threads per core) family 6 model 141 stepping 1 microcode 0x3c, cx8, cmov, fxsr, ht, mmx, 3dnowpref, sse, sse2, sse3, ssse3, sse4.1, sse4.2, popcnt, lzcnt, tsc, tscinvbit, avx, avx2, aes, erms, clmul, bmi1, bmi2, adx, avx512f, avx512dq, avx512cd, avx512bw, avx512vl, sha, fma, vzeroupper, avx512_vpopcntdq, avx512_vpclmulqdq, avx512_vaes, avx512_vnni, clflush, clflushopt, clwb, avx512_vbmi2, avx512_vbmi, rdtscp, rdpid, fsrm, gfni, avx512_bitalg, f16c, pku, cet_ibt, cet_ss, avx512_ifma
Processor Information for the first 16 processors :
  Max Mhz: 2304, Current Mhz: 2304, Mhz Limit: 2304

Memory: 4k page, system-wide physical 16163M (2133M free)
TotalPageFile size 34913M (AvailPageFile size 26M)
current process WorkingSet (physical memory assigned to process): 1596M, peak: 1600M
current process commit charge ("private bytes"): 2105M, peak: 2107M

vm_info: OpenJDK 64-Bit Server VM (21.0.6+-13368085-b895.109) for windows-amd64 JRE (21.0.6+-13368085-b895.109), built on 2025-04-16T17:01:31Z by "builder" with MS VC++ 16.10 / 16.11 (VS2019)

END.
